:020000040800F2
:1000000000000220E1050008DD050008FD390008B8
:10001000DD050008DD050008DD0500080000000022
:10002000000000000000000000000000DD050008E6
:10003000DD05000800000000DD050008813900082A
:10004000DD050008DD050008DD050008DD05000808
:10005000DD050008DD050008DD050008DD050008F8
:10006000DD050008DD050008DD050008893500080C
:100070009535000809230008A1350008AD350008B2
:1000800029DB0008B92A0008DD050008DD050008A5
:10009000DD050008DD050008DD050008DD050008B8
:1000A000DD050008DD050008DD050008DD050008A8
:1000B00041CF00084DCF000859CF0008ED2A0008B5
:1000C000DD050008F92A0008DD050008B1C70008B1
:1000D000BDC700085DD9000889D90008BDD900084E
:1000E000DD050008DD05000800000000DD05000852
:1000F000DD050008DD050008DD050008DD05000858
:10010000DD050008DD05000865CF0008C9C7000847
:10011000F1D9000825DA0008DD050008DD05000832
:10012000DD050008DD050008EDC7000821C800084E
:100130005DDB0008DD050008DD050008DD050008C1
:1001400000000000000000000000000000000000AF
:10015000DD050008DD050008DD05000859DA0008A6
:10016000052B0008DD05000891390008B5390008A5
:10017000DD050008D9390008DD050008DD050008A7
:10018000DD050008DD0500088DDA0008C1DA000889
:10019000D5C70008E1C70008DD050008DD05000837
:1001A000DD050008DD050008DD050008DD050008A7
:1001B000A9320008DD050008DD050008DD0500089E
:1001C000DD050008DD050008DD050008DD05000887
:1001D000DD050008DD050008DD050008DD05000877
:1001E000DD050008DD050008DD050008DD05000867
:1001F000DD050008DD050008DD050008DD05000857
:10020000DD050008DD050008DD050008DD05000846
:10021000DD050008DD050008DD050008DD05000836
:10022000DD050008DD050008DD0500080000000010
:10023000DD050008DD05000800000000DD05000800
:10024000DD050008DD050008DD050008DD05000806
:10025000DD050008DD050008DD050008DD050008F6
:10026000DD050008DD050008DD050008DD050008E6
:10027000DD050008DD050008F5DA000800000000D3
:10028000DD050008DD050008DD05000800000000B0
:0802900000000000DD0500087C
:1002980010B5054C237833B9044B13B10448AFF3B8
:1002A80000800123237010BD880300240000000093
:1002B800E40C010808B5034B1BB103490348AFF32D
:1002C800008008BD000000008C030024E40C010835
:1002D80053B94AB9002908BF00281CBF4FF0FF31A5
:1002E8004FF0FF3000F074B9ADF1080C6DE904CEA1
:1002F80000F006F8DDF804E0DDE9022304B07047F9
:100308002DE9F047089D04468E46002B4DD18A42C0
:10031800944669D9B2FA82F252B101FA02F3C2F1F3
:10032800200120FA01F10CFA02FC41EA030E944084
:100338004FEA1C48210CBEFBF8F61FFA8CF708FBA5
:1003480016E341EA034306FB07F199420AD91CEB7D
:10035800030306F1FF3080F01F81994240F21C81AF
:10036800023E63445B1AA4B2B3FBF8F008FB1033F7
:1003780044EA034400FB07F7A7420AD91CEB04042C
:1003880000F1FF3380F00A81A74240F207816444FC
:10039800023840EA0640E41B00261DB1D440002381
:1003A800C5E900433146BDE8F0878B4209D9002DE5
:1003B80000F0EF800026C5E9000130463146BDE86F
:1003C800F087B3FA83F6002E4AD18B4202D38242D9
:1003D80000F2F980841A61EB030301209E46002D88
:1003E800E0D0C5E9004EDDE702B9FFDEB2FA82F2DD
:1003F800002A40F09280A1EB0C014FEA1C471FFA3B
:100408008CFE0126200CB1FBF7F307FB131140EA21
:1004180001410EFB03F0884208D91CEB010103F1EE
:10042800FF3802D2884200F2CB804346091AA4B2B0
:10043800B1FBF7F007FB101144EA01440EFB00FE84
:10044800A64508D91CEB040400F1FF3102D2A645E9
:1004580000F2BB800846A4EB0E0440EA03409CE788
:10046800C6F12007B34022FA07FC4CEA030C20FA35
:1004780007F401FA06F31C43F9404FEA1C4900FA55
:1004880006F3B1FBF9F8200C1FFA8CFE09FB1811D2
:1004980040EA014108FB0EF0884202FA06F20BD945
:1004A8001CEB010108F1FF3A80F08880884240F295
:1004B8008580A8F102086144091AA4B2B1FBF9F0D9
:1004C80009FB101144EA014100FB0EFE8E4508D9D4
:1004D8001CEB010100F1FF346CD28E456AD9023859
:1004E800614440EA0840A0FB0294A1EB0E01A1423E
:1004F800C846A64656D353D05DB1B3EB080261EBAC
:100508000E0101FA07F722FA06F3F1401F43C5E985
:10051800007100263146BDE8F087C2F12003D840BB
:100528000CFA02FC21FA03F3914001434FEA1C47FD
:100538001FFA8CFEB3FBF7F007FB10360B0C43EAEF
:10054800064300FB0EF69E4204FA02F408D91CEB9F
:10055800030300F1FF382FD29E422DD9023863449D
:100568009B1B89B2B3FBF7F607FB163341EA03413D
:1005780006FB0EF38B4208D91CEB010106F1FF388C
:1005880016D28B4214D9023E6144C91A46EA004683
:1005980038E72E46284605E70646E3E61846F8E615
:1005A8004B45A9D2B9EB020864EB0C0E0138A3E75E
:1005B8004646EAE7204694E74046D1E7D0467BE73F
:1005C800023B614432E7304609E76444023842E7B7
:1005D800704700BFFEE700BF0B480C4A904203D0AB
:1005E800121A0B4910F084FA0A480B4A904203D0B9
:1005F800121A002110F08AFA03F052FC10F054FA93
:1006080000F040F8FEE700BF000000248803002443
:10061800140D010888030024240D0624704700BF28
:10062800704700BF70B5022492B0002603258DF8EC
:10063800044022468DF8056004A8019901F0CCFB1E
:100648008DF808608DF80950224602990DF12200B4
:1006580001F0C2FB012322460DA88DF80C308DF85D
:100668000D30039901F0B8FB04232A4604A9044875
:1006780001F0C6FB024801F0D1FD12B070BD00BF09
:10068800BC03002400241248012508B500F066F9CF
:1006980021460F4800F040FA04210D4800F064F9A3
:1006A800FFF7C0FF0B4A21460B4810F02FFA0B4BFF
:1006B8002146084A0A48C3E9014510F027FA094BC0
:1006C80009490348C3E9014500F04AF9FEE700BFBC
:1006D800A403002400EE0200F0030024E403002435
:1006E800FCF10224F0F102248107000808B51B4838
:1006F80000212DED028B01F0A7FD9FED198A194B02
:1007080001211648F7EE008A30EE080A80FE080A32
:1007180080FE680A83ED000A01F096FD124B022163
:100728000E4830EE080A80FE080A80FE680A83ED4B
:10073800000A01F089FD9FED0D7ADFED0D6AF0EEFC
:10074800477A0C4BE0EE267AC7FE877AC7FEE87A2E
:10075800BDEC028BC3ED007A08BD00BFBC030024CA
:10076800000000000C00002408000024CDCC4C3D03
:100778003333733F040000242DE9F04F87B014464B
:1007880080460D46FFF7B2FF5B4ADFED5C7A4BF619
:100798007F3392ED004A5A4F24EE274A594EFDEE18
:1007A800C47A17EE902AB8EEE77A9A4234EE474AAE
:1007B80028BF1A4687ED004A0492BA6086ED004ABF
:1007C800B260002C00F09580F0EE443A78687268C8
:1007D800DFF83CB1D8E90093039309EB8403059350
:1007E8002B6802936B68019303E096ED004AD7EDFE
:1007F800003A039CB7EE006A0499B4EC015A451814
:10080800414B03945118414C05F1010A01F1010EC5
:10081800DBED007AD4ED004AA3FB0548A3FB0AC42C
:100828004BF6803C4FEA982836EE673AA40AF9EC72
:10083800015A0CFB18550CFB14A407EB850507EBB4
:100848008404D5ED036A94ED037AA3FB015437EED3
:10085800667AA40A0CFB1411E7EE236A06EB810101
:10086800F0EE653A27EEA67AD1ED037AA3FB0E41A6
:10087800E4EEA63A890AA3EE257A0CFB11EE07EB03
:10088800800106EB8E0EC1ED033A06EB8201DEED28
:10089800035A75EEE75AE5EE847AF0EE676AF0EEF1
:1008A800457AE4EEA67AC1ED037A0299A1EC017AC1
:1008B800DBED007A029136EE676A019967EEA67A57
:1008C800E6EE057AE1EC017A01914BF67F314418A6
:1008D8001144A3FB0420A3FB0123800A9A0A059B69
:1008E8000CFB10404B450CFB12127FF47EAF786076
:1008F800726007B0BDE8F08F0400002400803B4719
:10090800E4030024F0F10224F1197605080000241C
:100918000C00002408B50B4800230B4A0360436110
:100928000362C363094910F0ABF80949064A09484C
:1009380010F0A6F8044A06490748BDE8084010F038
:100948009FB800BFA4030024000000242506000867
:1009580029060008E4030024F0F10224704700BFD0
:10096800143001F005BA00BF38B500F1140504468B
:100978002DED028B284601F0E9F9284601F0F4F93B
:100988002846B0EE408A01F0DDF9D0ED007AF8EEA5
:10099800677A88EE277ABDEC028B84ED0E7A38BD33
:1009A80010B540F203338EB000244FF60B7240F2BC
:1009B8000341ADF8083009A80123ADF81020ADF8BF
:1009C80024202246ADF80C100094029907940C9448
:1009D800CDE90544CDE90A4401F03EFD04A8012310
:1009E80022460399009401F037FD09A801F01AFE88
:1009F80010B901200EB010BD04A801F013FEA042EA
:100A08000CBF022020460EB010BD00BF2DE9F041FA
:100A180003239AB0012700240646CDE914373B4B3F
:100A2800CDE9104340F20453CDE91647ADF84830FC
:100A3800FFF7B6FFB842054625D0022845D040F654
:100A48000132334B0DF12C081894ADF82C200B987B
:100A58001997CDF84A3000F0E3F810A906F13C00E8
:100A680002F01AFE302003224FF07E5341460D93C8
:100A78000E93CDE90B02F26B06F1140001F02AF98E
:100A88001AB0BDE8F0811023214A06A906908DF816
:100A980028300DF12C081F4BCDF84A2007930294FB
:100AA800CDE91804CDE9080402A802F02DF80823BE
:100AB800029A03A94046ADF80C508DF80E400495F3
:100AC80005930B9400F0ECF8C7E700200121104BC8
:100AD8000DF12C083A460094CDF84A304FF60B73C6
:100AE8000C94ADF82C302346CDE9180140F60131BD
:100AF8004046ADF818100699CDE90D4401F0ACFC5C
:100B08002146404601F09AFDA7E700BF040204040D
:100B1800040604030704010B2DE9F04704462DEDF4
:100B2800028B82B000294DD0012140F2011200232E
:100B38000091ADF804208DF80630364A0127364B6F
:100B480004F10409354904F12908626040F202728F
:100B5800A36040F60663E16004F1250AA4F82520A5
:100B6800A4F82930278284F8277084F82B7003F0C2
:100B78004DF9054602F0B0FF6946064650BB4DB335
:100B880004F130008DF8067003F0C8F8072D3CD149
:100B980004F114052046FFF739FF284601F0E4F870
:100BA8002846B0EE408A01F0CDF8D0ED007AF8EE94
:100BB800677A88EE277A84ED0E7A02B0BDEC028B54
:100BC800BDE8F08740F2011300918DF80610ADF8EA
:100BD8000430B2E704F1300003F0A0F8072D11D07B
:100BE8004946204602F0D8F90EB9002DD0D150461A
:100BF80001F02EFD404601F02BFD04F1120000F03B
:100C080079F9C5E7002EF2D1C2E74946204602F03D
:100C1800C3F9BDE70508050905070506050A06061F
:100C280010B584B003460124ADF8040003A8ADF85C
:100C38000C30ADF80E4001F00BFD214603A801F081
:100C4800E3FD204602F046FF002103A801F0DCFD89
:100C5800204602F03FFF214603A801F0D5FD04B06D
:100C680010BD00BF10B5C2F3002384B00C46017C50
:100C78008DF80D2043EA4402FA2402238DF80C2053
:100C880003AA009401F0D6FF18B10124204604B04D
:100C980010BD04460A2002F01DFF204604B010BD16
:100CA800034670B543F8042B044684B007C983E8AB
:100CB8000700A37983B91A210B461E22FA2523744B
:100CC8002046ADF80C20022303AA009501F0B2FFDC
:100CD80028B1012004B070BD1B210B46EDE70A20A6
:100CE80002F0F8FE4FF4B85200950223ADF80C203C
:100CF800204603AA217C01F09DFF0028E9D10A20A3
:100D080002F0E8FE41F2027200950223ADF80C20D1
:100D1800204603AA217C01F08DFF0028D9D10A20A2
:100D280002F0D8FE042200950223ADF80C202046DC
:100D380003AA217C01F07EFF0028CAD10A2002F014
:100D4800C9FE062200950223ADF80C20204603AA0E
:100D5800217C01F06FFF0028BBD10A2002F0BAFE07
:100D680041F2082200950223ADF80C20204603AA80
:100D7800217C01F05FFF0028ABD10A20064602F073
:100D8800A9FE0095022303AA217C2046ADF80C6039
:100D980001F050FF00289CD1304602F09BFE0095E0
:100DA80022790C232046002A8DF80C3003AA4FF034
:100DB800020314BF622142218DF80D10217C01F03D
:100DC80039FF002885D1304602F084FE2279D4E923
:100DD80002310B43DBB20AB943F0400362790AB12E
:100DE80043F020030E22FA258DF80D302046009599
:100DF80002238DF80C2003AA217C01F01BFF002898
:100E08007FF467AF0A2002F065FE102200950223E6
:100E1800ADF80C20204603AA217C01F00BFF002826
:100E28007FF457AF0A2002F055FE122100950223E5
:100E3800ADF80C1003AA217C204601F0FBFE002827
:100E48007FF447AF0A2002F045FE0122092120461F
:100E5800FFF708FF003818BF01203BE7F0B5102363
:100E680087B0234C012200250126002702A920462D
:100E78000195CDE902234FF48052CDE9046709F0CA
:100E88007DFD642003F068FA02A94FF480522046E1
:100E9800CDE9046702261027CDE9026709F06EFD47
:100EA8000322102302A92046CDE9022300230422AD
:100EB800CDE904234FF4805209F060FD40F232235B
:100EC800042202A9019310232046CDE90223019AA6
:100ED800012305924FF48052049309F04FFD40F628
:100EE8000601204609F06AFD284607B0F0BD00BF9C
:100EF80004E005241C4B00221C494FF0400C30B57F
:100F0800054689B00220596007219A601A620124B7
:100F1800DA620A224FF4006EDC6006922022CDE9E4
:100F2800000104200821CDE9020103201021CDE9A8
:100F3800040108206946C3E904024FF4C072181D71
:100F4800C3E906C24FF48052C3E909E209F0ECFC98
:100F580038B92846FFF782FF003818BF012009B0CA
:100F680030BD204609B030BD00E0052440410052A4
:100F7800614A0021D0B513688EB00A91002B40F069
:100F8800B9805E4B01214FF683700C241160022159
:100F9800D3F8D4200026032742F48052C3F8D42083
:100FA800D3F8D42002F480520092009AD3F8E020BB
:100FB80042F01002C3F8E020D3F8E02002F010025B
:100FC8000192019AD3F8E02042F04002C3F8E020F1
:100FD800D3F8E02002F040020292029AD3F8E0200F
:100FE80042F00802C3F8E020D3F8E02002F008023B
:100FF8000392039AD3F8E02042F48072C3F8E02009
:10100800D3F8E02002F480720492049AD3F8E02026
:1010180042F08002C3F8E020D3F8E02002F080021A
:101028000592059AD3F8E02042F02002C3F8E020A8
:10103800D3F8E02002F020020692069AD3F8E020C6
:1010480042F00402C3F8E020D3F8E0300C9403F037
:10105800040307930323079A0B93CDE9080108A912
:10106800274804F0FFFF48F23712022308A9254851
:101078000C94CDE90823CDE90A6704F0F3FF4CF29C
:101088000372022308A920480C94CDE90823CDE96E
:101098000A6704F0E7FF40F2FF62022308A91B4831
:1010A8000C94CDE90823CDE90A6704F0DBFF4FF67D
:1010B8000C72022308A916480C94CDE90823CDE93F
:1010C8000A6704F0CFFF4FF63F02022308A9114830
:1010D8000C94CDE90823CDE90A6704F0C3FF202268
:1010E800022308A90A480C94CDE90A67CDE9082328
:1010F80004F0B8FF0EB0D0BDFCDF05240044025850
:101108000010025800180258000C0258002002581B
:10111800001C0258001402582DE9F04FDFF8108423
:1011280006460D46144608F118002DED028B89B0CD
:1011380000AF02F0A9FBD8F8183073B3D8F81C3008
:10114800D8F80490002B43690BBF4FF0080A4FF002
:10115800100A4FF0020B4FF0040BB9F1000F2AD020
:10116800A200EA46012B02F1070222F00702ADEBCA
:10117800020D6846ADEB020D694600F03F81022B77
:1011880000F0D680002B6FD02246C847D5462437BA
:10119800BD46BDEC028BBDE8F08FD8F81C30002BA3
:1011A800F5D0D8F804904FF0080A4FF0020B4369C5
:1011B800B9F1000FD4D1FB61D8F80030BB61002B26
:1011C800E5D0D54802F0D2FB6B46BBF1020F78613F
:1011D80008EE103AFB6900F083816A465146A2EB9B
:1011E800C40295466200EA46B2FBFBF2AAEBC400D1
:1011F80085460AEB8200EE46F861ADEB010DF86911
:101208000EEB820CC7F810C0EC46ADEB010D00EBFD
:101218008201CCF80400CCF8081001EB820138698F
:10122800E946CCF80C1000EB8201CCF800A001EBE9
:101238008202C9E900E0C9E90212012B00F06483C7
:10124800022B00F06C82002B00F080816208494676
:101258006046BB69984718EE103A24379D46BD464C
:10126800BDEC028BBDE8F08F002C8DD01A46D8ED6E
:101278000C6A9FEDB27A8446331D36F922E00CF1F0
:10128800080C07EE90EA33F922E00232F8EEE77A2A
:10129800944267EE877A67EEA67A4CED027A07EEFB
:1012A80090EAF8EEE77A67EE877A67EEA67A4CED71
:1012B800017AE2D8F9612246C847984ED8ED0D6AFE
:1012C8000020F9692B1D9FED9E7A9FED9E6ADFED48
:1012D8009E5A22E0F4EEC67AF1EE10FAC0F2C88403
:1012E80047F6FE72D1ED017A45F8202066EEA77A1E
:1012F800F4EEC77AF1EE10FA40F2F080F4EEC67A16
:10130800F1EE10FAC0F2D58447F6FE7243F82020B9
:101318000230083184427FF639AFD1ED007A66EEAB
:10132800A77AF4EEC77AF1EE10FAD3D83246D9E7A5
:10133800002C3FF429AFD8ED0C6A84469FED787AEB
:101348000022331D8E4656F822100CF1080C07EEC9
:10135800901A53F822100232F8EEE77A944267EEB8
:10136800877A67EEA67A4CED027A07EE901AF8EEC5
:10137800E77A67EE877A67EEA67A4CED017AE2D8CB
:1013880071462246C7F81CE0C847664ED8ED0D6A7C
:101398000020F9692B1D9FED6A7A9FED6A6ADFF8D4
:1013A80094C120E0F4EEC67AF1EE10FAC0F2798426
:1013B8003246D1ED017A45F8202066EEA77AF4EEA0
:1013C800C77AF1EE10FA40F28780F4EEC67AF1EEB1
:1013D80010FAC0F25E84324643F820200230083109
:1013E80084427FF6D3AED1ED007A66EEA77AF4EEAA
:1013F800C77AF1EE10FAD5D86246DAE7002C3FF446
:10140800C3AED8ED0C6A86469FED477A4FF0000CC4
:10141800331D56F82C200EF1080E82F40002A2F5B6
:10142800000207EE902A53F82C200CF1020CF8EE7B
:10143800E77A82F400026445A2F5000267EE877A33
:1014480067EEA67A4EED027A07EE902AF8EEE77A72
:1014580067EE877A67EEA67A4EED017AD9D8F961F8
:101468002246C847314ED8ED0D6A0020F9692B1D78
:101478009FED337A9FED336ADFF8BCC01FE0F4EECE
:10148800C67AF1EE10FAC0F2FC833246D1ED017A49
:1014980045F8202066EEA77AF4EEC77AF1EE10FA46
:1014A80018D9F4EEC67AF1EE10FAC0F2DA833246B1
:1014B80043F820200230083184427FF667AED1ED30
:1014C800007A66EEA77AF4EEC77AF1EE10FAD6D86B
:1014D8006246DBE76246EBE762467DE7324615E7A0
:1014E800A100D6466208073121F00701ADEB010DD6
:1014F800EA46ADEB010D6946ADEB0E0D0AEB820035
:10150800EC46ADEB0E0D01EB8202F861E946CCE941
:1015180000A0C9E9001290E654E005240280FFFF0C
:10152800000000300082FF7F0000003482FF7F004F
:1015380038E00524007E00807E0080FF000000382F
:1015480004FF7FBF04FF7F3F00FEFF46002C00F032
:10155800C982BBF1020FD8F8242000F0FA82796919
:10156800C7F8049002EB810E5FED0C5A8A00DCF894
:1015780008100EF104007A611A46DCF80C303B6161
:10158800331DD7F810903D61FD69C7E902CB8C4641
:10159800834636F92210D8ED0C7A06EE101A33F984
:1015A800221006EE901A3EF92210B8EEC66A07EE2F
:1015B800101AF8EEE66A3BF92210B8EEC77A26EE62
:1015C800256A66EEA56A27EE257A26EE276A66EE74
:1015D800A76A27EE277A07EE901A51080232F8EE2A
:1015E800E77A0AEB8100944280ED006A05EB8100FE
:1015F80067EEA57AC0ED006A0CEB810009EB81016A
:1016080080ED007A98ED0C7A67EE877AC1ED007A62
:10161800BFD8D7F804903D69D7E902CB6046620885
:10162800BB6949469847D8F82C307A69D8ED0D6AD5
:101638001A441FED3D7A1FED3D6A2B1D904602F1BD
:10164800040A5FED3F5A0022A84ED9E900EC51E0A8
:10165800F4EEC67AF1EE10FAC0F2C78247F6FE70D1
:1016680045F822000CEB0100D0ED007A66EEA77A6F
:10167800F4EEC77AF1EE10FA4BD9F4EEC67AF1EE31
:1016880010FAC0F2BA8247F6FE70BBF1020F43F8B7
:1016980022002BD0D9F808000844D0ED007A66EE75
:1016A800A77AF4EEC77AF1EE10FA36D9F4EEC67AD4
:1016B800F1EE10FAC0F2CD8247F6FE7048F822002B
:1016C800D9F80C000144D1ED007A66EEA77AF4EE61
:1016D800C77AF1EE10FA1ED9F4EEC67AF1EE10FAD6
:1016E800C0F2AF8247F6FE714AF8221002329442E5
:1016F8007FF6B1AD51080EEB81008900D0ED007A7C
:1017080066EEA77AF4EEC77AF1EE10FAA0D8304662
:10171800A6E73046B9E73146E6E73046CEE7002C83
:1017280000F0E081BBF1020FD8F8243000F0E1812D
:101738007A69DCF8081003EB820EC7F8049093006E
:10174800DFED6B5A0EF1040000227B61DCF80C30EF
:101758003B61331DD7F810903D61FD69C7E902CBA5
:101768008C46834656F82210D8ED0C7A07EE101AEC
:1017780053F82210B8EEC76A07EE101A5EF8221066
:10178800F8EEC76A07EE101A26EE256A5BF82210F3
:10179800B8EEC77A66EEA56A26EE276A27EE257A9E
:1017A80066EEA76A27EE277A07EE901A51080232EA
:1017B800F8EEE77A0AEB8100944280ED006A05EBC7
:1017C800810067EEA57AC0ED006A0CEB810009EB99
:1017D800810180ED007A98ED0C7A67EE877AC1ED89
:1017E800007ABFD8D7F804903D69D7E902CB6046A4
:1017F8006208BB6949469847D8F82C307A69D8ED11
:101808000D6A1A449FED3E7A9FED3E6A131D92467B
:10181800DFF8E4C00022FB612B1D364ED9E9008EAB
:101828004EE0F4EEC67AF1EE10FAC0F2FC813046D2
:1018380045F822000EEB0100D0ED007A66EEA77A9B
:10184800F4EEC77AF1EE10FA49D9F4EEC67AF1EE61
:1018580010FAC0F2EF813046BBF1020F43F82200C4
:101868002AD0D9F808000844D0ED007A66EEA77AA5
:10187800F4EEC77AF1EE10FA35D9F4EEC67AF1EE45
:1018880010FAC0F2C98130464AF82200D9F80C0093
:101898000144D1ED007A66EEA77AF4EEC77AF1EE4C
:1018A80010FA1ED9F4EEC67AF1EE10FAC0F2AD8144
:1018B8003146F86940F82210023294427FF6CBACE8
:1018C800510808EB81008900D0ED007A66EEA77A0E
:1018D800F4EEC77AF1EE10FAA3D86046A8E760469E
:1018E800BAE76146E5E76046CEE700BF0280FFFF42
:1018F800000000300082FF7F007E0080000000347E
:1019080004FF7FBF04FF7F3F002C00F0EB807A6963
:101918000021D8F82430C7F8109003EB820ED7F8CE
:101928001C909300FD610EF104021FED0C6A7B61AF
:10193800331D154656F821204808D8ED0C6ABBF12E
:10194800020F82F40002A2F5000207EE902A53F873
:10195800212082F40002B8EEE77AA2F5000227EE11
:10196800067A07EE902A0AEB8002F8EEE77A27EE6D
:10197800267A67EE867A82ED007A09EB80024FEAD2
:10198800800067EEA67AC2ED007A27D05EF82120A3
:1019980082F40002A2F5000207EE902A55F82120F1
:1019A80082F40002B8EEE77AA2F5000227EE067A82
:1019B80007EE902ADCF80820F8EEE77A024427EED2
:1019C800267A67EE867A82ED007A98ED0C7ADCF852
:1019D8000C2067EE877A0244C2ED007A02318C420D
:1019E800A8D8D7F8109060466208BB694946FD69D7
:1019F8009847D8F82C307A69D8ED0D6A1A441FED4B
:101A0800407A1FED406A131D9246DFF8C4C20022D7
:101A1800FB612B1DAB4ED9E9008E4EE0F4EEC67A81
:101A2800F1EE10FAC0F2C580304645F822000EEB00
:101A38000100D0ED007A66EEA77AF4EEC77AF1EEEF
:101A480010FA49D9F4EEC67AF1EE10FAC0F2BF8066
:101A58003046BBF1020F43F822002AD0D9F808001B
:101A68000844D0ED007A66EEA77AF4EEC77AF1EE74
:101A780010FA35D9F4EEC67AF1EE10FAC0F2AE805B
:101A880030464AF82200D9F80C000144D1ED007A1A
:101A980066EEA77AF4EEC77AF1EE10FA1ED9F4EEE4
:101AA800C67AF1EE10FAC0F28B803146F86940F838
:101AB8002210023294427FF6CEAB510808EB810027
:101AC8008900D0ED007A66EEA77AF4EEC77AF1EED7
:101AD80010FAA3D86046A8E76046BAE76146E5E78A
:101AE8006046CEE7224649466046BB699847FFF7FD
:101AF800B2BBC7F810B0002298ED0C6A331DDFEDB9
:101B0800726AD7F81CB0786956F8221007EE901A56
:101B180053F82210B8EEE77A07EE901A510802320D
:101B2800F8EEE77A27EE267A0AEB810E94420BEB61
:101B3800810167EEA67A27EE067A67EE867A8EED41
:101B4800007AC1ED007ADFD88300D7F810B07B6146
:101B58004DE61A46C7F810B098ED0C6A331DDFED54
:101B68005B6AD7F81CB0786936F9221007EE101AAC
:101B780033F9221007EE901AB8EEC77A51080232EC
:101B8800F8EEE77A27EE267A0AEB810E94420BEB01
:101B9800810167EEA67A27EE067A67EE867A8EEDE1
:101BA800007AC1ED007ADFD88300D7F810B07B61E6
:101BB80034E5F0EE675AFEEEE45A15EE900A34E783
:101BC800F0EE675AFEEEE45A15EE901A6EE7F0EE64
:101BD800675AFEEEE45A15EE900A3AE7F0EE675AB5
:101BE800FEEEE45A15EE900A4BE767EEA57AFDEE95
:101BF800E77A17EE900A00B232E567EEA57AFDEEB5
:101C0800E77A17EE900A00B23FE5F0EE675AFEEE6B
:101C1800E05A15EE901A4CE6F0EE675AFEEEE05ADE
:101C280015EE900A30E6F0EE675AFEEEE05A15EE31
:101C3800900AFDE5F0EE675AFEEEE05A15EE900ABE
:101C48000AE667EEA57AFDEEE77A17EE901A09B272
:101C58004AE567EEA57AFDEEE77A17EE900A00B23C
:101C68002CE5F0EE675AFEEEE45A15EE902A1FE4D2
:101C780067EEA57AFDEEE77A17EE902A12B2FFF723
:101C880031BBF0EE675AFEEEE45A15EE902AFFF7E4
:101C9800FDBBF0EE675AFEEEE05A15EE902AFFF70C
:101CA8009BBBF0EE675AFEEEE05A15EE902AFFF75E
:101CB80080BB67EEA57AFDEEE77A17EE902A12B29E
:101CC800FFF724BB82FF7F000000003000000038CF
:101CD8007E0080FF30B5184C154685B0046004F1CD
:101CE800080EEC460FC98EE80F00D4ED047AF5EE25
:101CF800C07A8CE80F00F1EE10FA1ADDB7EE006A30
:101D080094ED057A27EE277AC6EE276A84ED0D7AD8
:101D1800C4ED0C6A6DB1204640F8185F01F0B4FDBF
:101D2800064903690020064A2162A262E36005B001
:101D380030BD012005B030BD38E00524002000305A
:101D48000000003000680830704700BFB1F5807FA0
:101D580003680A4628BF4FF48072B1F5807F9A6005
:101D680094BF0020012070470068183001F0ECBDD6
:101D780030B5046883B00D46E3694BB1A368002011
:101D8800E26A616A9B00009004F11C0001F07EFD8C
:101D9800A3680748A26A9B00216A009004F1180012
:101DA80001F074FD0020C4E9005003B030BD00BF4D
:101DB8002111000810B4074B4FF07E513024002247
:101DC800032019619C60D8605DF8044B5961C3E930
:101DD8000622704738E0052400B583B04FF0000EA6
:101DE8004FF0030C4274ADF80410BDF8043080F8CD
:101DF80010E0A0F802C0038003B05DF804FB00BF48
:101E08002DE9F04FDFF81C8300258DB0C04C03701E
:101E180008F140034260074601920E4620222946F7
:101E28004046C4F86831C4F86481CDE90255CDE96B
:101E38000455CDE90655CDE90855CDE90A550EF00A
:101E480065FE2022294604F5A170C4F83151C4F872
:101E58003551C4F83951C4F83D510EF057FE019B75
:101E680084F8485284F830317A68002A6AD02B46C0
:101E780004F59871454606F1100A9E46F01856F882
:101E880003B0E2180EF1010ED0F80CC0D0F804909F
:101E9800D0F8088044F803B0C2F80CC04FF0000C2A
:101EA800C2F80490C2F80880008A25F802CB108294
:101EB8001AF8032001F8012F002A70D07A684FF031
:101EC80001001233724584F84802D7D84FF48022B3
:101ED80090489DF8043008214FF000084FF00009A1
:101EE800C4F884310023C4E95B020122C4F87431C8
:101EF80084F88031C4E95E2194F84812C4E9648901
:101F0800A9B3C4F89821002284F8813184F8883173
:101F18003B78C4E96722002B38D001220020012138
:101F2800013B84F8A421C4E96C01082B30D8DFE810
:101F380013F0BD00C200C700CC00D100D600DB0002
:101F4800E100E8009DF804300121C4F87421C4F8C8
:101F580084314FF4802384F880216E4AC4E95B23DE
:101F680008230022C4E95E130023C4E96423012383
:101F7800002284F88131002384F888310323C4F8CF
:101F880098313B78C4E96722002BC6D184F8A43184
:101F9800614802F019FE034638B1FFBEFEE77A68D1
:101FA800123372453FF66AAF90E702A95A48029386
:101FB80002F068FF8246002876D1042240F2FF71C1
:101FC8000A90CDE9081294F83021002A00F0F38035
:101FD8004FF006080AEBCA034FEACA0904EB4303A9
:101FE8005B7C072B07D8DFE803F0595C5653504D4C
:101FF8004A04072307930FFA8AF6D14406EBC6066C
:1020080004EB490904EB46077500384600F020FB4D
:1020180099F81030042B00F3AA80022B00F3BD803E
:1020280000F0B98004EB0A03002283F8202114F899
:102038001630002B78D0022B00F08A80012B40F05C
:10204800B2807B78012B00F0B080002B334B18BF97
:10205800002305A93048CDE9053802F0E1F9002848
:1020680040F0AC800AF1010A94F830315FFA8AFA3C
:10207800534540F2A0802A4B53F82A80AAE706234A
:102088000793B8E705230793B5E704230793B2E757
:1020980003230793AFE702230793ACE700230793D3
:1020A800A9E701230793A6E7FFBEFEE70322402323
:1020B800C4E96A236CE707226023C4E96A2367E757
:1020C8000F228023C4E96A2362E71F22A023C4E900
:1020D8006A235DE73F22C023C4E96A2358E77F22C9
:1020E800E023C4E96A2353E7FF224FF48073C4E96D
:1020F8006A234DE740F2FF124FF49073C4E96A2354
:1021080046E740F2FF324FF4A073C4E96A233FE781
:1021180070E0052400200240DCE105240002B0251F
:10212800580B0108004000307B78062B37D0072B6E
:102138003DD0022B4AD0032B4AD0002B4CD0012B88
:1021480048D0042B4AD0052B254B18BF002380E725
:102158007B78042B25D0052B2BD08BB3012B31D0CA
:10216800022B31D0032B1F4B18BF002371E7032329
:10217800043504EB0A0B4FF0000925448BF8203195
:10218800284609F1010900F063FA9BF8203104356B
:102198004B45F5DC4BE70123EAE70223E8E7124B5E
:1021A80057E7124B55E7002353E7114B51E7114B03
:1021B8004FE7114B4DE70DB0BDE8F08FFFBEFEE7CE
:1021C8000E4B46E70E4B44E70E4B42E70E4B40E7FB
:1021D8000E4B3EE70E4B3CE70E4B3AE70E4B38E70B
:1021E8000000B84F002090360800900C1000C01076
:1021F8002000F0148000501D000180210004002AF6
:102208000008302E001060320040C03A0080F03ED6
:1022180000005247000021430000844B38B5094CA8
:1022280040F2FF724FF0011104F5B675284602F02E
:10223800D7FD94F83021D4F864112846BDE8384019
:1022480002F042BB70E00524064B0F29D3F8643135
:1022580098BF03EB41031B8800EE103ABBEEC80A97
:10226800704700BF70E00524214B02689A4200D0F5
:102278007047204A00232048D2F8D81030B51F4CA8
:1022880041F0200183B0C4F8D001092004F5E875B5
:10229800C4E975034FF48060C2F8D810D2F8D8208A
:1022A8004FF40061C4E9773094F8480202F0200244
:1022B800C4F8E4114FF40051984201922846C4F83A
:1022C800E811C4E97C33019B14BF00234FF48073E9
:1022D800C4F8EC3102F0FCFF08B1FFBEFEE704F5DC
:1022E800B673C4F8B851C4F8083203B030BD00BFA3
:1022F80000200240004402584000024070E00524DB
:10230800014803F05DBB00BF40E2052402682DE9E7
:10231800F84F4B4B9A4201D0BDE8F88F494D95F8DC
:102328004832002BF8D095F83031002B77D00024B4
:1023380005F10C0905F5A17605F59877A04613E097
:1023480003F0010117F811BCA9F1080000F05CFACC
:10235800BBF1010F25D895F83031013409F1120984
:102368000236A2B293422BD917F8012F002AF4D0D3
:10237800D5F864310021327833F81400D5F8683183
:1023880003EB041323F81200338801339BB2338024
:102398005FFA83FA3A789A42D2D88A46A6F8008039
:1023A800D0E7CAF34001A9F1040000F02DFABBF10F
:1023B800020FCAF38001CED0484600F025FACAE7DA
:1023C800002395F84802204909229842C5F8D831D7
:1023D8004FF48060C5F8D011C5F8D4214FF40061DE
:1023E8004FF40052C5F8DC3108BF4FF48073C5F8CC
:1023F800E821C5E9780100221448C5E97B32C5F80F
:10240800F42102F065FF08B1FFBEFEE795F8302120
:10241800D5F864110E48BDE8F84F02F055BA0A49DC
:1024280009224FF48060C5F8D831C5E974124FF419
:1024380000614FF40052C5E97730C5E97912DAE74F
:102448000020024070E005244000024040E20524DC
:10245800DCE10524704700BF10B592B0ADF8041058
:102468000180C9B2149C0B29C460C0E901233FD084
:1024780090F801C0BCF10F0F3AD8022A3FD0032AC6
:1024880002D0012A00D000220E92012B02D0022B8A
:1024980018BF0023022C0F932CD0032C2AD0012C18
:1024A80028D000230A29109327D85C4A02EB8122FE
:1024B80002610A2914D8DFE801F0A39587796B5DDA
:1024C8004F4133250600564BD3F8E01041F48061A4
:1024D800C3F8E010D3F8E03003F480630C930C9B4E
:1024E80001230DA9104603FA0CF30D9303F0BAFD6E
:1024F80012B010BD0A291094D7D90022D8E71122AA
:102508000E92C2E7464BD3F8E01041F40071C3F8CD
:10251800E010D3F8E03003F400730B930B9BDFE774
:102528003F4BD3F8E01041F48071C3F8E010D3F8C2
:10253800E03003F480730A930A9BD1E7384BD3F851
:10254800E01041F08001C3F8E010D3F8E03003F068
:1025580080030993099BC3E7314BD3F8E01041F09E
:102568004001C3F8E010D3F8E03003F040030893CB
:10257800089BB5E72A4BD3F8E01041F02001C3F8D7
:10258800E010D3F8E03003F020030793079BA7E798
:10259800234BD3F8E01041F01001C3F8E010D3F852
:1025A800E03003F010030693069B99E71C4BD3F821
:1025B800E01041F00801C3F8E010D3F8E03003F070
:1025C80008030593059B8BE7154BD3F8E01041F002
:1025D8000401C3F8E010D3F8E03003F004030493D7
:1025E800049B7DE70E4BD3F8E01041F00201C3F8DD
:1025F800E010D3F8E03003F002030393039B6FE786
:10260800074BD3F8E01041F00101C3F8E010D3F80C
:10261800E03003F001030293029B61E700000258D7
:102628000044025808B5012143780069994089B2ED
:1026380003F020FF003818BF012008BD01230A4617
:102648004178006903FA01F189B203F019BF00BFAC
:102658008378022B30B504468FB037D0032B33D0A4
:10266800012B31D000230A93E378012B2AD0022BC7
:1026780028D000230B93002320460C9301F04AFD39
:102688000546204601F04EFD23780990082B13D803
:10269800DFE803F01F3245586B7E91A40500594BC3
:1026A800D3F8E02042F48072C3F8E020D3F8E03099
:1026B80003F480730893089B09A9284603F0D2FC09
:1026C8000FB030BD0B93D6E70A93CDE711230A93D9
:1026D800CAE74C4B09A92846D3F8E02042F001028A
:1026E800C3F8E020D3F8E03003F001030093009B27
:1026F80003F0B8FC0FB030BD424B09A92846D3F807
:10270800E02042F00202C3F8E020D3F8E03003F002
:1027180002030193019B03F0A5FC0FB030BD394BB8
:1027280009A92846D3F8E02042F00402C3F8E020C3
:10273800D3F8E03003F004030293029B03F092FC09
:102748000FB030BD2F4B09A92846D3F8E02042F03E
:102758000802C3F8E020D3F8E03003F0080303933D
:10276800039B03F07FFC0FB030BD264B09A9284618
:10277800D3F8E02042F01002C3F8E020D3F8E030AC
:1027880003F010030493049B03F06CFC0FB030BDFE
:102798001C4B09A92846D3F8E02042F02002C3F8D0
:1027A800E020D3F8E03003F020030593059B03F005
:1027B80059FC0FB030BD134B09A92846D3F8E020C7
:1027C80042F04002C3F8E020D3F8E03003F04003C1
:1027D8000693069B03F046FC0FB030BD094B09A9D0
:1027E8002846D3F8E02042F08002C3F8E020D3F86E
:1027F800E03003F080030793079B03F033FC0FB02E
:1028080030BD00BF0044025870B506460D4601F0C1
:1028180081FC0446304601F085FC2A1E014620460C
:1028280018BF0122BDE8704003F02ABE002312221F
:1028380070B586B0CDE9022304930368032B01D851
:1028480004230593061D841D304601F063FC0546EC
:10285800304601F067FC034601A92846019303F0BE
:1028680001FC204601F056FC034620461C4601F0B8
:1028780059FC01A903462046019303F0F3FB06B077
:1028880070BD00BF634A0368934210B58CB028D06E
:10289800614A934258D0614A934200F09480604A5A
:1028A800934201D00CB010BD5E4C5F48D4F8E030C4
:1028B80043F00203C4F8E030D4F8E03003F0020338
:1028C8000A930A9BFFF7B2FFD4F8F43043F0800371
:1028D800C4F8F430D4F8F43003F080030B930B9B66
:1028E800E0E7504C5148D4F8E03043F00203C4F814
:1028F800E030D4F8E03003F002030193019BFFF7C6
:1029080095FFD4F8E83000221F2043F40013114645
:10291800C4F8E830D4F8E83003F400130293029BBB
:10292800D4F8D83043F00103C4F8D830D4F8D830FC
:1029380003F001030393039B02F018FB1F200CB064
:10294800BDE8104002F050BB364C3948D4F8E030AE
:1029580043F08003C4F8E030D4F8E03003F080039B
:102968000493049BD4F8E03043F00203C4F8E03049
:10297800D4F8E03003F002030593059BFFF756FFF8
:10298800D4F8E8300022212043F480031146C4F82B
:10299800E830D4F8E83003F480030693069BD4F8B3
:1029A800D83043F00103C4F8D830D4F8D83003F055
:1029B80001030793079B02F0D9FA21200CB0BDE868
:1029C800104002F011BB1B48FFF730FF154B0022E7
:1029D8004820D3F8E840114644F40004C3F8E8401E
:1029E800D3F8E84004F400040894089CD3F8D840CD
:1029F80044F00104C3F8D840D3F8D83003F00103F9
:102A08000993099B02F0B2FA48200CB0BDE81040C7
:102A180002F0EABA0054004000580040005C004050
:102A2800001C00580044025848E50524C0E205246B
:102A380098E3052470E405242DE9F0431A4B87B088
:102A480000254FF010099E46EC46184BFF22E04641
:102A580067461A700EF118060EF13004CDE90055DC
:102A6800CDE90255ADF80090BCE80F00CDE904555A
:102A7800AEE80F009CE803000095ADF800908EE8E2
:102A88000300B8E80F000FC69CE803000095ADF8F6
:102A9800009086E803000FCF0FC49CE8030084E889
:102AA800030007B0BDE8F08310000024BCE2052451
:102AB80010B5EFF3108472B6084B1A78120602D5D7
:102AC80004B962B610BD1B78D82205485BB202FB78
:102AD8000300143002F074FFF2E700BFBCE20524E3
:102AE800C0E20524014804F063BB00BF4CE30524A1
:102AF800014804F05DBB00BF24E40524014804F04C
:102B080057BB00BFFCE405242DE9F0430F68D82427
:102B18003F4D85B007FB04F4032F05EB0403036066
:102B280040DCCB680E46012B3CD84DD04FF0D8087E
:102B3800B646DFF8FC9008FB0758BEE80F00C4460D
:102B4800ACE80F00DEF800300DF1100ECCF80030C4
:102B5800D8F808C099E80F000EE90F000EEB8703BC
:102B6800BCF1010F53F8103CC8F88C3031D0BCF1DF
:102B7800020F42D0BCF1000F35D0317C8C34D82301
:102B8800002201202C4403FB07534900C3E9260215
:102B9800C3F894102046C3E92822C3E92A2204F086
:102BA800F9F818B1012005B0BDE8F08301462046C8
:102BB80004F00AFB0028F5D10146204604F02EFB5C
:102BC800003818BF0120EEE70B7C103B672BADD90E
:102BD800E8E701F019F90F4B98420CBF0E4B0F4B69
:102BE800C8F89030C9E701F00FF90A4B98420CBFBA
:102BF8000B4B0C4BC8F89030BFE701F005F9054BBB
:102C080098420CBF084B094BC8F89030B5E700BF95
:102C1800C0E20524000E27072D0FB0303211D02056
:102C28005F4390608A62E030200BA0101A09801080
:102C3800240B01082DE9F041D0F8008082B00D4640
:102C480017461E4608F18C04204604F0B9FA2028DD
:102C5800FAD1D8F80C3073B96D002046089C334679
:102C68003A46A9B2009404F0EBF8003818BF0120E6
:102C780002B0BDE8F081089B32463946204604F090
:102C8800B3F9F2E7044B10221A7483F8E82083F8AA
:102C9800C02183F898227047C0E2052430B500238C
:102CA80095B04FF48071062204460B930692139355
:102CB800CDE90C13CDE90E33CDE9113301F0A6F8B7
:102CC80007282BD004F1100541F2883206A92846BE
:102CD80005F0B6F828B10123184684F85C3015B021
:102CE80030BD0222022306A92846CDE9002310227E
:102CF8000123CDE9022300224FF48003CDE9042308
:102D080005224FF0807306926A460F9341F288338A
:102D180005F002FA0028DED115B030BD03230120EA
:102D280084F85C3015B030BD70B50023A4B04FF006
:102D380080724FF480750446ADF806300D93CDE9E6
:102D480010320122CDE90E53CDE91223CDE9143317
:102D5800002943D0F02300F1100508AEADF8063085
:102D6800C02341F2883231462846089305F068F8B6
:102D780028B10123184684F85C3024B070BD41F2B4
:102D880088320DF10601284605F0C4F803460028EC
:102D9800EFD105224FF480711E93284616924FF00A
:102DA80080721B9321931F9202AA9FED1F7BCDE98E
:102DB8001C13CDE922338DED027B9FED1D7B41F283
:102DC800883316A98DED047B9FED1B7B8DED067B6B
:102DD80005F0A2F90028CCD124B070BD00F110058F
:102DE80008AE612341F2883231462846089305F03F
:102DF80027F80028BDD141F288320DF10601284696
:102E080005F006F90028B4D1BDF80630204623F0B5
:102E1800780343F04003ADF80630FFF73FFF002882
:102E28009ED0A6E7AFF3008000000000010000007C
:102E38001000000001000000000000000000400039
:102E48002DE9F04F00234FF4807501264FF080786C
:102E580004462DED028BABB08DF807301393219308
:102E6800299314950E96CDF85C80CDE91533CDE9FC
:102E78001863CDE91A33CDE92253CDE92433CDE9DE
:102E8800273306231C9300F0C1FF072808D004F15C
:102E9800100741F288321CA9384604F0D1FF40B12E
:102EA8000123184684F85C302BB0BDEC028BBDE8DA
:102EB800F08F4FF0020A4FF0020B4FF0050941F274
:102EC800883308AA1CA93846CDF89480CDF87090AC
:102ED8009FED2D8BCDE908AB4FF0000A4FF4800B26
:102EE8008DED0A8BCDE90CAB05F016F90028D7D18A
:102EF80041F2883238460EA904F0A2FF0028CFD14B
:102F0800402341F288320DF1070138468DF8073029
:102F180005F000F80028C3D141F288330EA902AAAF
:102F28003846CDF83890CDF85C809FED197B8DED53
:102F3800048BCDE906AB8DED027B05F0EDF8034679
:102F48000028ADD1CDF870904FF00109CDF89480EC
:102F58004FF00008219308AA29931CA93846229506
:102F6800CDE92333CDE9273341F288338DED0A8B40
:102F7800CDE90CABCDE9088905F0CEF8002893D04F
:102F8800304684F85C608FE7100000000100000004
:102F980040000000400000002DE9F043624CA3B05F
:102FA8000D46046000F032FF072800F0A980286869
:102FB80023466968AA6807C31E46AB8926F8043BFE
:102FC8003046257B677B04F01DFFE0B9574B012D88
:102FD8004FF00108E061236114BF4FF480134FF4F0
:102FE8000003C4E9058893FAA3F3B3FA83F34FF413
:102FF8008079013BC4F82490C4E90B003046236271
:1030080004F094FE38B10122134684F85C20184677
:1030180023B0BDE8F08366230B90139041F2883209
:1030280006A90693CDE90C90CDE90E00CDE9110073
:10303800304604F005FF0028E5D1992341F2883293
:1030480006A93046069304F0FBFE0028DBD10523D1
:103058001C9019906A4614934FF08073219014A91C
:103068001D9341F288339FED2A7BCDE91A90CDE973
:103078001F008DED007B9FED287B30468DED027B98
:103088009FED277B8DED047B05F046F80028BAD12B
:1030980029462046FFF748FE0028B4D12046FFF70E
:1030A800CFFE03460028AED1002FB0D1189330468A
:1030B8000027002606AA14A9CDF86890CDE91F3389
:1030C800EB2314934FF440631B934FF4005317936F
:1030D8004FF440431C93A0231693062319934FF0F3
:1030E800805321934FF04073CDE906671D9305F097
:1030F8008BF8034600288AD0434684F85C8086E72C
:1031080001230322184684F85C2023B0BDE8F0832D
:103118000000000001000000100000000100000095
:10312800000000000000400020E605240050005286
:103138002DE9F04F8FB0414B0024026800AF9A424E
:103148007C63C7E90944C7E90B4403D03C37BD4653
:10315800BDE8F08F3A4B40F609213A48EB46D3F8E0
:10316800D42007F11C0607F1220A4FF0020942F4A5
:1031780080424FF00308C3F8D420D3F8D42002F4D7
:103188008042BA60BA68D3F8E02042F04002C3F83F
:10319800E020D3F8E02002F04002FA60FA68D3F8A1
:1031A800E02042F02002C3F8E020D3F8E02002F04B
:1031B80020023A613A69D3F8E02042F01002C3F8DD
:1031C800E020D3F8E02002F010027A617A69D3F89F
:1031D800E02042F00202C3F8E020D3F8E030F861C2
:1031E80003F002033984BB61174B7B60BB697B68C2
:1031F80053F8040F7B6000F08DFF7B680546186864
:1032080000F090FF16F8013B786207F12401284688
:10321800C7F830807B63C7E90A9402F023FF56455C
:10322800E5D100225C20114601F0A0FE5C2001F0EF
:10323800DBFE3C37DD46BD46BDE8F08F005000524E
:10324800004402580A0A09097CE60524114B026861
:103258009A4200D07047104A70B5D2F8D4300F4C5B
:1032680023F4804304F11806C2F8D43054F8040F4C
:1032780000F050FF0546206800F054FF014628463C
:1032880003F030F8B442F1D15C20BDE8704001F0A1
:10329800B9BE00BF00500052004402587CE6052425
:1032A800014805F03DB800BF30E60524084B1A1D5B
:1032B800981D03F1080110B49C1C9A6603F10A02D8
:1032C800C3E91834C3E91B015DF8044B5A6770471A
:1032D80020E6052438B5036871B9026A00F12805AB
:1032E80000F5AC74012A0CBF002140218BBB1D4B9B
:1032F8005722C0F858310DE0426A00F1C00500F5C8
:10330800E874012A0CBF00214021EBB1164B5A2268
:10331800C0F8D03100232046C4E901214FF480527F
:103328004FF48061636262614FF48042C4E9033103
:103338004FF48073C4E906234FF40033236201F08D
:10334800C7FF58B1FFBEFEE7084B5822C0F8D0317E
:10335800E0E7074B5922C0F85831DBE7C5E92044BC
:10336800A56338BD100002407000024028000240EA
:10337800580002402DE9F043821D05468BB0031D1D
:1033880005F10A010830CDE9052305F10C02AB6906
:10339800CDE907010992002B3DD0EB69B3FA83F818
:1033A8004FEA58180123022205AE0AAF4FF006096A
:1033B8000393CDE9012356F8044B2B7922789342E5
:1033C80016D02B68F3B1012B02D1F2B10A23049372
:1033D800204600F0A7FE03462046009300F09AFE20
:1033E800694602F03FFEBE42E5D10BB0BDE8F0836E
:1033F800697963789942E4D1B8F1000FF3D02B686A
:10340800002BE0D1CDF81090E2E76378022B14BFCF
:103418000A230823DBE74FF00108C3E7534A036890
:10342800934230B505468BB055D02032934252D0E6
:103438004F4A934204D02032934201D00BB030BDA2
:103448004C4C4D48D4F8E03043F00103C4F8E03068
:10345800D4F8E03003F001030593059BD4F8E0307D
:1034680043F00803C4F8E030D4F8E03003F0080370
:103478000693069BD4F8E03043F04003C4F8E030EC
:10348800D4F8E03003F040030793079BD4F8F030FA
:1034980043F40003C4F8F030D4F8F03003F4000328
:1034A8000893089BFFF766FFD4F8D830296843F0E3
:1034B80001032F4A3048C4F8D830891AD4F8D830D4
:1034C80018BF012103F001030993099B0BB0BDE864
:1034D8003040FFF7FFBE274C2848D4F8E03043F0CF
:1034E8000103C4F8E030D4F8E03003F0010300939E
:1034F800009BD4F8E03043F01003C4F8E030D4F86F
:10350800E03003F010030193019BD4F8E03043F05E
:103518004003C4F8E030D4F8E03003F040030293ED
:10352800029BD4F8F03043F48003C4F8F030D4F8A8
:10353800F03003F480030393039BFFF71BFFD4F8D9
:10354800D830296843F00103084A0C48C4F8D83039
:10355800891AD4F8D83018BF012103F00103049365
:10356800049B0BB0BDE83040FFF7B4BE04580140DF
:10357800045C014000440258F4E8052498E6052458
:10358800014802F01DBA00BFF0E70524014802F027
:1035980017BA00BF68E80524014802F011BA00BF55
:1035A8004CEA0524014802F00BBA00BFC4EA05241E
:1035B8001A4A0368934210B40BD02032934208D0C1
:1035C800174A934216D02032934213D05DF8044B29
:1035D8007047144B0022D3F85442C3F85822002CE9
:1035E800F4D0D3F84802D3E9931223465DF8044B8C
:1035F800520818470B4B0022D3F8B044C3F8B42440
:10360800002CE3D0D3F8AC24D3F8A814D3F8A4043E
:10361800520823465DF8044B184700BF0458014080
:10362800045C014098E60524184A0368934210B4E4
:103638000BD02032934208D0154A934217D020323B
:10364800934214D05DF8044B7047124BD3E994248D
:103658005208C3F85822002CF4D0D3E9920123462B
:1036680001EB820100EB82005DF8044B1847094B1F
:10367800D3F8AC24D3F8B0445208C3F8B424002CCF
:10368800E0D0D3F8A814D3F8A404E8E7045801401C
:10369800045C014098E605242DE9F04F0C684FF4CE
:1036A8001776754F87B004FB06F6012C07EB060A60
:1036B800C0F800A000F3A0800D468E464FF0000829
:1036C800D44669A3D3E9002369A1D1E90001CDE972
:1036D800022306ABCAF8508203EB8403CDE9040148
:1036E80053F810BC53F8083CCAE992880193BEE825
:1036F8000F00ACE80F00BEE80F00ACE80F00019B1C
:103708009EE80300CAF828B0CAF8C0308CE8030065
:103718002B69042B0CD8DFE803F0737D8791030035
:103728004FF41773554A03FB04739A64C3F8E020F7
:10373800AA692B6A002A43D0002B4FF4177308BFDD
:10374800022203FB047318BF0322DA6201221A6300
:10375800EA696B6A002A40D1191E4FF4177318BF23
:10376800012103FB0473C3E931126B69022B05D8ED
:10377800434A12F80380434A52F823904FF41773D0
:1037880006F128004246494603FB047400233844E6
:1037980063646363E365C4F8DC30C4F8CC30C4F810
:1037A800F430C4E90F33C4E91533C4E93533C4E947
:1037B8003B33022306F056FE002849D0FFBEFEE741
:1037C800191E4FF4177318BF012103FB0473C3E9D3
:1037D8000B12EA696B6A002ABED0002B4FF41773EC
:1037E80008BF022203FB047318BF0322C3F8C420D6
:1037F8000122C3F8C820B8E7012007B0BDE8F08F60
:103808004FF417734FF4FA5203FB04739A64C3F826
:10381800E0208DE74FF417734FF47A5203FB0473DB
:103828009A64C3F8E02083E74FF417734FF4FA4221
:1038380003FB04739A64C3F8E02079E74FF4177325
:103848004BF6803203FB04739A64C3F8E0206FE7F9
:1038580006F1C000022342464946384406F002FEFB
:103868000028CAD0FFBEFEE704580140045C0140AE
:1038780024580140245C014098E6052400770100A3
:10388800980B01089C0B01080068704770B5046824
:1038980082B015460E46C4F85032C4E99212069A10
:1038A800C4F85422A269012A26D0626A012A9AB26F
:1038B80011D0294604F1C000019206F08FFE236A58
:1038C800019A012B10D0294604F1280006F086FE43
:1038D800002002B070BD04F1C000019206F010FF94
:1038E800236A019A012BEED1314604F1280006F033
:1038F80007FF002002B070BD226A012A9AB211D0D7
:10390800294604F12800019206F068FE636A019ACC
:10391800012B10D0294604F1C00006F05FFE0020FC
:1039280002B070BD04F12800019206F0E9FE636A56
:10393800019A012BEED1314604F1C00006F0E0FEF9
:10394800002002B070BD00BF03681B69042B05D8B6
:10395800044A02EB830393ED000A70479FED020AC5
:10396800704700BFA80B010800803B470368D3F8E5
:1039780058027047704700BF08B500F0DBFCBDE88F
:10398800084001F0BBBB00BF064808B503680BB18F
:1039980002F07AFD044803681BB1BDE8084003F053
:1039A80069BC08BD60EF052458EB0524064808B536
:1039B80003680BB102F068FD044803681BB1BDE859
:1039C800084003F057BC08BD60EF052458EB0524F8
:1039D800064808B503680BB102F056FD04480368B1
:1039E8001BB1BDE8084003F045BC08BD60EF0524E5
:1039F80058EB0524364BDA6A520062D59A6A9A6AFD
:103A08009A6A9B6A180600D500BE314B9B6A9906D4
:103A180000D500BE2E4B9B6ADA0600D500BE2C4BA3
:103A28009B6A1B0700D500BE294B9B6A980700D5E7
:103A380000BE274B9B6AD90700D500BE244B9B6A62
:103A48001A0400D500BE224B9B6A9B0400D500BE19
:103A58001F4B9B6AD80400D500BE1D4B9B6A1905F5
:103A680000D500BE1A4B9B6A5A0500D500BE184BFC
:103A78009B6A9B0500D500BE154B9B6AD80500D5EF
:103A880000BE134B9B6A990100D500BE104B9B6A80
:103A9800DA0100D500BE0E4B9B6A1B0300D500BEA1
:103AA8000B4B9B6A580300D500BE094B9B6A9903D0
:103AB80000D500BE064B9B6ADA0306D400BE00BEE2
:103AC800FEE7DB6A9B07FAD5F8E700BEF6E700BF1A
:103AD80000ED00E000F040BC0A4B9B6803F178431E
:103AE800B3F5003F0BD3084B986848B19868012894
:103AF80006D09868022803D09B68032070470120ED
:103B0800704700BF00ED00E0000080382DE9F0416B
:103B1800CEB004464C2200210AA80CF0F7FF202260
:103B2800002102A80CF0F2FFBC2200211EA80CF014
:103B3800EDFF022004F012F82368012B4FF0000378
:103B480054D0534A02250193C820D16A514B21F021
:103B58000101D162D26A02F0010201929A6942F42B
:103B680040429A619B6903F440430193019B494A8F
:103B780093699B04FCD548490224002201268B6ADC
:103B880004274FF0080823F0030323438B6205231F
:103B980016900AA818934FF4803310961794199426
:103BA8001597CDF86880CDE91B222122CDE9134471
:103BB800CDE90A2304F0BCFC00B1FEE73F22032351
:103BC800294602A8CDE9022300220823CDE90423CF
:103BD80040224023CDE9062340234FF48062CDE9FB
:103BE800082304F0D3FF0346B8B1FEE7294A0425A9
:103BF8000093F0209169264B41F44041916192690C
:103C080002F440420092DA6A42F00102DA62DB6AA8
:103C180003F001030093009BA9E720224FF4805191
:103C280025934FF440152B9280222D931EA8309394
:103C3800269135914FF48071249234920C2233945A
:103C4800439140F2271120921022CDF884802A97C0
:103C58001F96CDE92E34CDE93B334FF48033CDE9BF
:103C680022463193002446930623CDE93E45279307
:103C78004FF48063094C2C931E94CDE9281205F06B
:103C8800E1F900B1FEE703F08FFF4EB0BDE8F08127
:103C98000004005800480258004402580F130F034C
:103CA80070B584B0012401F0D7F94FF480764FF055
:103CB8004052194B68460025ADF800400396CDE9FF
:103CC800012301F0E7F919224FF0404368468DF8C7
:103CD800082001938DF80F40ADF80D608DF8014074
:103CE8008DF80A5001F0D6F902230B2268468DF8A8
:103CF8000F508DF801304FF062538DF80820019372
:103D0800ADF80D408DF80A4001F0C4F9042001F027
:103D1800B1F904B070BD00BF0E00010330B50D4607
:103D2800044685B0D1E9000184E8030000F0D2FA26
:103D3800AB79A3B30AF08EF8FEF77EFE08F0F4FC28
:103D480009F080FD2B798BBB6B799BB1BFF34F8F4B
:103D5800BFF36F8F2A4B0022C3F85022BFF34F8F57
:103D6800BFF36F8F5A6942F400325A61BFF34F8F25
:103D7800BFF36F8F4FF0FF32002300240025694600
:103D8800204802928DF80C30CDE9004509F0ECF896
:103D98001C4809F051F908F0F7F805B030BD204685
:103DA800FFF7B4FE2046FFF77BFFC3E7144C002360
:103DB800C4F88430BFF34F8FD4F8801043F6E07E08
:103DC800C1F34E3CC1F3C9014FEA4C1C0CEA0E008A
:103DD8000B4640EA8372013BC4F860225A1CF8D1B2
:103DE800ACF1200C1CF1200FF0D1BFF34F8F6369A9
:103DF80043F480336361BFF34F8FBFF36F8FA3E743
:103E080000ED00E050EB052404F0F0BF1C4B9B686C
:103E180003F17842B2F5003F25D3B3F5803F20D3B4
:103E280003F16042B2F5003F1FD303F15C42B2F5E3
:103E3800002F1CD303F17042B2F5902F19D303F170
:103E48004842B2F5803F16D303F18042B2F1806F49
:103E580013D303F1E043B3F5000F2CBF082007206C
:103E680070470120704700207047022070470320E8
:103E7800704704207047052070470620704700BF30
:103E880000ED00E003480023034A044903600CF0F6
:103E9800F7BD00BF50EB0524000000247D39000861
:103EA80010B4204C0022204B83B0D4F888101F484F
:103EB80041F47001C4F8881019681D4C41F00101E3
:103EC80019601A61196808401A4918609A61DA611C
:103ED8001A629A62DA621A635A639A63DA631A6434
:103EE8005A64186820F4802018601A66D3F8DC2019
:103EF80042F06042C3F8DC20D3F8DC300193019B28
:103F080023681940B1F1005F03D20B4B0122C3F8BB
:103F18000821044B4FF000629A6003B05DF8044B2F
:103F2800704700BF00ED00E0004402587FEDF6EA5C
:103F38000010005C0000FFFF0080005100F5717167
:103F4800D0F8040407F008BCC1EBC10300EB8303FD
:103F5800D0F80404D3F8082207F02CBCC1EBC10345
:103F680000EB8303D0F804049A6C07F061BC00BF2F
:103F7800D0F8040407F000BDC16810B5044619B1B3
:103F8800022900D0FEE70121D4F8040407F0DEFC82
:103F9800D4F80404BDE8104007F0B0BC10B50446DE
:103FA800D0F8040407F0D6FC2268D2F8003E43F0AB
:103FB8000103C2F8003E236A23B1034A136943F0A0
:103FC8000603136110BD00BF00ED00E0D0F8040443
:103FD80007F0CABCD0F8040407F0DEBCD0F804042B
:103FE80007F0D8BCD0F8040407F0D8BCD0F8040413
:103FF80007F0D6BC9446D0F898021A4608B563462E
:1040080003F09CFC032802D8024B185C08BD022070
:1040180008BD00BFCC0B0108D0F8980208B503F022
:104028001BFD032802D8024B185C08BD022008BDFE
:10403800CC0B0108D0F8980208B503F051FD03280D
:1040480002D8024B185C08BD022008BDCC0B010841
:104058000A06D0F8983206D4C1EBC10103EB8101FE
:1040680091F8FE01704701F07F01C1EBC10103EB3C
:10407800810191F83E007047D0F8980208B503F026
:1040880047FC032802D8024B185C08BD022008BD73
:10409800CC0B0108D0F8980208B503F0B5FC03284A
:1040A80002D8024B185C08BD022008BDCC0B0108E1
:1040B800D0F8980208B503F07FFC032802D8024B19
:1040C800185C08BD022008BDCC0B0108D0F8C0025E
:1040D80007F014BFD0F8C00207F028BFD0F8C0021C
:1040E80007F030BF704700BFD0F8C00207F016BF16
:1040F800D0F8C00207F016BFD0F8D00308B502F018
:1041080083FD032802D8024B185C08BD022008BDB5
:10411800D00B0108024B027853F82200704700BF09
:10412800F40B0108024B427833F81200704700BFC5
:10413800D40B01088CB00A2814D8DFE800F0152346
:10414800313F4D5B6977859306004D4BD3F8E020EE
:1041580042F48062C3F8E020D3F8E03003F48063CF
:104168000B930B9B0CB07047454BD3F8E02042F003
:104178000102C3F8E020D3F8E03003F00103019313
:10418800019BEFE73E4BD3F8E02042F00202C3F870
:10419800E020D3F8E03003F002030293029BE1E74A
:1041A800374BD3F8E02042F00402C3F8E020D3F8FC
:1041B800E03003F004030393039BD3E7304BD3F8B9
:1041C800E02042F00802C3F8E020D3F8E03003F022
:1041D80008030493049BC5E7294BD3F8E02042F079
:1041E8001002C3F8E020D3F8E03003F01003059381
:1041F800059BB7E7224BD3F8E02042F02002C3F832
:10420800E020D3F8E03003F020030693069BA9E7EB
:104218001B4BD3F8E02042F04002C3F8E020D3F86B
:10422800E03003F040030793079B9BE7144BD3F858
:10423800E02042F08002C3F8E020D3F8E03003F039
:1042480080030893089B8DE70D4BD3F8E02042F4D8
:104258008072C3F8E020D3F8E03003F48073099348
:10426800099B7FE7064BD3F8E02042F40072C3F8BD
:10427800E020D3F8E03003F400730A930A9B71E757
:1042880000440258704700BF0F4B1B780BB9012040
:10429800704710B504464FF47A700C4AB0FBF3F33C
:1042A8001068B0FBF3F000F0C1FE0F2C00D808B185
:1042B800012010BD002221464FF0FF3000F056FECD
:1042C800034B00201C6010BD60000024580000242F
:1042D8006400002438B50320124D00F035FE124C5E
:1042E80004F0B4FB114A12499369C3F30323CB5C6E
:1042F80003F01F0320FA03F30E202B60926902F0EB
:104308000F028A5C02F01F02D3402360FFF7BCFF54
:1043180010B10124204638BD0446FFF7B3FF2046FC
:1043280038BD00BF580000245C0000240044025837
:10433800BC0B0108034A044B11681B780B4413603B
:10434800704700BF24F2052460000024014B186860
:10435800704700BF24F2052438B50446FFF7F6FF7E
:104368000546631C02D0044B1B781C44FFF7EEFF84
:10437800431BA342FAD338BD60000024014B1868E0
:10438800000C70470010005C704700BF806B08B5D8
:10439800FFF7FAFF08BD00BF836B5A6D12F0500F8C
:1043A8005A6D10B51DD1196842F400725A650A6831
:1043B80012F0080FCA681BD012F4406F0DD1CA68FA
:1043C80094040AD45A6D22F480725A655A6DD10445
:1043D80003D45A6D42F001025A651846FDF796FF5C
:1043E80010BDD2060AD4DB6CBDE81040DB6C184760
:1043F8009007E7D01846FDF789FFF1E71846FEF762
:1044080029F810BD806B08B5436D43F04003436540
:10441800836D43F004038365FEF71CF808BD00BFF5
:10442800F0B5002283B0019290F85020012A00F0E4
:104438001C81034601201A6883F8500094686407B9
:1044480000F18A800C68C4F31305002D40F08F80BA
:10445800C4F38464A0404D684FF01F0ED6694FEA3C
:10446800951C30430CF00C0CD06105F01F0002F1D4
:10447800300584400EFA00FE5CF8050020EA0E00C4
:1044880004434CF80540906840076ED4956815F0D1
:10449800080547D10C68072002F11406B94F4FEA06
:1044A800D45CC4F304540CF0040C00FA04FE8868CD
:1044B80000FA04F45CF8060020EA0E0020434CF8E9
:1044C8000600386800F07040B0F1805F00F0C580E9
:1044D800D068D668C70600F1E880C6F38206486946
:1044E800760000FA06F60F69042F00F0C18002F189
:1044F8006004086854F827C000F0F8400CF0004C3D
:1045080040EA0C00304344F82700487E0E69012831
:1045180054F8260008BF4FF0004520F0004005433E
:1045280044F826509068C40714D4CE68086806F08A
:104538001807954CD2F8C050FC40C0F3130704404C
:1045480025EA07052C43C2F8C040904CA64246D045
:10455800002816DB002003E05A6D42F020025A655D
:10456800002283F8502003B0F0BD9068DAE794FA8F
:10457800A4F5B5FA85F5C4F3846405F01F05A840D1
:1045880069E783498A4200F0B68001F580718A4262
:1045980000F0B1807F4D804CA968A46801F0E076F6
:1045A800E44304F00104002C00F0B4807B4CA042EA
:1045B80000F0FC807A4CA04200F01A81794CA042AD
:1045C800C8D14902C6D474498A42C3D1AA68002016
:1045D80022F0E072324342F48002AA60C0E7002F62
:1045E8006AD090FAA0F4B4FA84F4013404F01F04F9
:1045F800092C00F2A48090FAA0F4B4FA84F490FA9A
:10460800A0F5B5FA85F5013401260135A40605F0B3
:104618001F0504F0F84406FA05F52C4390FAA0F0BB
:10462800B0FA80F0304400F01F0000EB40000005B5
:104638002043C60D02F11405C0F30450072406F008
:10464800040604FA00F7745924EA07048F6807FA85
:1046580000F02043705108687AE7D6684869C6F3C5
:104668008206760000FA06F63DE7022003B0F0BDA8
:10467800106E0C6800F0F840A506B0EB846F30D0DF
:10468800506E00F0F840854226D0906E00F0F84059
:1046980085422BD0D06E00F0F84085427FF442AFBF
:1046A800D06E20F00040D0663CE77608486906F0F6
:1046B800080600FA06F616E7800E441C04F01F06EA
:1046C800092E2DD8A406012004F0F844B040044374
:1046D80006EB46000005ABE7506E20F00040506640
:1046E800D3E7106E20F000401066C9E7906E20F006
:1046F80000409066CEE7264C2B4D04F58074A968DF
:1047080054F8F86CA468344301F0E076E44304F00C
:10471800010448E75A6D012042F020025A651FE75C
:1047280006EB4600A50601241E3805F0F84504FAF4
:1047380006F60005354340F00070284379E790FA03
:10474800A0F5B5FA85F590FAA0F4B4FA84F4013529
:1047580001260134AD0604F01F0405F0F84506FAF9
:1047680004F4254390FAA0F4B4FA84F4344404F031
:104778001F0404EB4404A4F11E00000540F000707F
:10478800DBE700BF0010005CFFFF0F000000FF47E1
:10479800002002400063025800600258000084CBE9
:1047A800000052C70000B8CF0023024008023FF5BE
:1047B800D1AE17498A427FF4CDAE164AA96812686D
:1047C800154821F0E07192093143A0FB020241F43F
:1047D80000019209A96052000192019A002A3FF44F
:1047E800B9AE019A013A0192019A002AF9D1B1E6CB
:1047F80011F080707FF4AEAE05498A427FF4AAAE0C
:10480800AA6822F0E072324342F08072AA60A7E6FA
:104818000060025858000024632D3E0503689A681A
:10482800D20701D5002070479968214A114270B516
:10483800044608D0636D012043F010036365A36D3F
:104848000343A36570BD99681A4A0A4042F0010201
:104858009A60FFF77BFD2368174A054693421ED0EE
:1048680002F5807293421AD0144A9268114E0AE0F7
:104878009A68324042F001029A60FFF767FD401BD8
:104888000228D7D823681A68D2070FD49A68D107A4
:10489800EED5FFF75BFD401B0228F3D9CAE7084AAB
:1048A8009268D006E2D0074A9342DFD1002070BD5B
:1048B8003F000080C0FFFF7F0020024000630258D5
:1048C80000230240002102402DE9F0413A4D044600
:1048D80000680F461646A84219D0384B984216D0A1
:1048E800374DAB688068420716D494F85020012AE7
:1048F80012D003F01F080122B8F1090F84F85020E4
:104908000DD90023012084F85030BDE8F0812D4DE9
:10491800AB6880684207E8D50220BDE8F08140F224
:10492800212323FA08F3DB4313EA0205E9D12046E1
:10493800FFF774FF002839D1626D234B21681340BB
:1049480043F480736365B8F1000F02D01B4B9942A2
:1049580003D0636D23F480136365636D13F4805390
:1049680028D0A36D23F00603A365E06C3346174DEA
:104978003A464031C563164D0564164DC5641C257D
:1049880041F8405C002584F8505051F83C5C45F0F3
:10499800100541F83C5C00F059FE22680E4B916806
:1049A8000B4043F004039360BDE8F08184F8505055
:1049B800BDE8F081A365D8E700200240002102404D
:1049C8000063025800230240FEF0FFFFA1430008E5
:1049D800954300080D440008C0FFFF7F38B5036801
:1049E8009A68910702D59B68002038BD9A68D2075B
:1049F80023D59A68044602F00D02012A08D0636D97
:104A0800012043F010036365A36D0343A36538BD1C
:104A1800986803210A4A024042F002029A6019602B
:104A2800FFF794FC054604E0FFF790FC401B0228C2
:104A3800E5D823689B68DB07F6D4002038BD00BFA3
:104A4800C0FFFF7F38B5574A04460368934226D013
:104A580002F58072934222D0534B9B6813F4403F77
:104A680022D004F0ADF963680546B3F5003F00F0C5
:104A78008880B3F5403F70D0B3F5803F00F0818067
:104A8800FFF77CFC41F2030398422DD8474B9D4227
:104A98005DD92268936843F48073936038BD444BB2
:104AA8009B6813F4403FDCD14FF4002005F054FA22
:104AB80063680546B3F5101F6DD008D8B3F5E01F3D
:104AC80055D01AD9B3F5001FDAD14509D8E7B3F59F
:104AD800201F4AD0B3F5301FD2D1FFF74FFC41F267
:104AE8000303984233D92D0A324B9D421DD82268C0
:104AF800936823F44073936038BDB3F5801F06D0E4
:104B08000AD9B3F5A01F02D0B3F5C01FB8D19B0CCA
:104B18005B00B5FBF3F5B3E7B3F5002FF7D023F44B
:104B28000022B2F5802FF2D0AAE7234B234A2B4468
:104B380093421ED9224B234A2B44934222689368FE
:104B48002BD823F4407343F40073936038BD226874
:104B5800936823F48073936038BD8508FFF70EFCD3
:104B680041F203039842BFD890E7C50988E70509D1
:104B780086E72268936823F4407343F48073936054
:104B880038BD1B0CB5FBF3F5FFF7F8FB41F2030347
:104B98009842A9D87AE7850972E743F4407393608D
:104BA80038BD00BF0020024000630258002D3101CB
:104BB80000230240105E5F00EFA1A0FF0F5E5F00C0
:104BC800DF4341FF1FBCBE0030B5002383B0019313
:104BD800002800F0D080456D0446002D00F0BA8012
:104BE800226893689B0003D59168714B0B409360D2
:104BF8009368DD0015D46F4B90686F491B680140BE
:104C08006E489B0941F08051A0FB030391609B090A
:104C18000193019B2BB1019B013B0193019B002B4D
:104C2800F9D19368D80024D4636D012543F01003AB
:104C38006365A36D2B43A365936813F0040F636D3D
:104C48001DD1D9061BD4636D23F4817343F002038D
:104C580063659368DB0728D4594B9A4217D003F54C
:104C680080739A4213D0574B9B68D9071DD4564A74
:104C780015E09368002513F0040F636DE1D0636DB0
:104C8800012543F010032846636503B030BD4C4A44
:104C98004E4B92689B681343D80706D44C4A9368D6
:104CA800616823F47C130B439360FFF767FB41F2C1
:104CB8000303A1689842237F52D894F815C01A04B8
:104CC800206B42EA4C3202430A43012B03D1236A88
:104CD800013B42EA4342636A23B103F47873A16A51
:104CE8000B431A4323683B49D86801400A43DA60FA
:104CF8009A6812F0040F9A681CD112071AD4D8685F
:104D0800354A217D024042EA8132E16A0A43DA608B
:104D180094F83820012A3AD01A6922F001021A615F
:104D28001A692046616B22F070420A431A61FFF744
:104D380089FE2368E268012A21D01A6B22F00F024B
:104D48001A63636D284623F0030343F00103636588
:104D580003B030BDFDF788FAA56584F850503FE7E9
:104D68001029AAD1617D1A0442EA4132216B0A4313
:104D780042F01C02A9E70125284603B030BD196B93
:104D8800A26921F00F01013A0A431A63D9E7D4E96D
:104D9800102118690A43114901400A43A16C0A43CA
:104DA800E16B42EA014242F001021A61B8E700BF32
:104DB800C0FFFF5F58000024C0FFFF6F632D3E0552
:104DC800002002400060025800630258002102409F
:104DD8000023024003C0F0FFFCBFFFFF1EF800FCE9
:104DE800F0B5002383B0019390F85030012B40D0E8
:104DF800012304460E46154680F85030FFF7EEFDB5
:104E0800E8B9676D05F080421B4B06F480311B4DF5
:104E18003B401B4F43F00203636523689E6835409F
:104E280015430D4345F000459D609A68002A0FDB45
:104E3800636D23F0030343F00103636503E0636DCF
:104E480043F010036365002384F8503003B0F0BDCD
:104E5800019A01320192019ABA42E6D9636D0022A1
:104E6800012023F0120384F8502043F010036365F7
:104E7800ECE7022003B0F0BDFDEEFFFFC0FFFE3FF0
:104E8800FF955A55F0B490F850200E68012A49D081
:104E98000346294A01201C6883F85000944208D030
:104EA8005A6D002142F0200283F850105A65F0BC78
:104EB8007047224DAA6852070AD5A2685A6D012088
:104EC80042F020025A65002283F85020F0BC704757
:104ED800A06810F00400F1D1C6B1DFF868C04F68CF
:104EE800DCF8082022F440423A43CCF80820A468B1
:104EF800AA682243D40713D48A68DCF8081016433A
:104F08000F4A0A401643CCF80860DCE70D498A6866
:104F180022F440428A60A068AA680243D00704D5F8
:104F28000020D0E70220F0BC70478C683046044A65
:104F380022408A60C7E700BF0020024000210240EB
:104F4800E0F0FFFF0023024006494FF6FF0C000285
:104F5800054BCA6800F4E06002EA0C021043034300
:104F6800CB60704700ED00E00000FA051B4BDB68E2
:104F7800C3F3022300B5C3F1070E03F1040CBEF11D
:104F8800040F28BF4FF0040EBCF1060F1AD9033BDB
:104F98004FF0FF3C0CFA03FC22EA0C024FF0FF3CF6
:104FA80000280CFA0EFC21EA0C0101FA03F141EA8F
:104FB80002010ADB09010A4BC9B2034483F8001352
:104FC8005DF804FB00221346E8E700F00F00090132
:104FD800044BC9B2034419765DF804FB00ED00E008
:104FE80000E100E0FCEC00E0002807DB00F01F0116
:104FF80001234009024A8B4042F82030704700BF25
:1050080000E100E000280DDB4309012200F01F0049
:105018000549203302FA00F041F82300BFF34F8F0F
:10502800BFF36F8F704700BF00E100E0431EB3F18C
:10503800807F0CD24FF0E022002006494FF0F00CA0
:105048005361072381F823C09061136170470120E1
:10505800704700BF00ED00E0BFF35F8F044B0021F5
:105068005A6A22F480325A62C3F89410704700BF1B
:1050780000ED00E0064B40F00100C3F894005A6AC6
:1050880042F480325A62BFF34F8FBFF36F8F70477D
:1050980000ED00E0174A4378C2F89830017821B350
:1050A800436800B5C2F89C30C37A90F80CC01B0660
:1050B80090F80FE043EA0C7390F80AC00B43817B29
:1050C80043EACC4390F80DC043EA8C4390F809C0FA
:1050D80043EA4143017A43EA0E4343EA0C2343EA95
:1050E8004103C2F8A0305DF804FBC2F89C10C2F876
:1050F800A010704700ED00E0704700BF08B5FFF74B
:10510800FBFF08BD0268344B344930B4344D354C8C
:10511800AA4218BF9A420CBF012300238A4208BF43
:1051280043F001033031A24208BF43F00103303499
:105138008A4208BF43F001033031A24208BF43F05E
:10514800010330348A4208BF43F0010301F55C7162
:10515800A24208BF43F0010304F55C748A4208BF09
:1051680043F001033031A24208BF43F00103303459
:105178008A4208BF43F001033031A24208BF43F01E
:10518800010330348A4208BF43F001033031A242A0
:1051980008BF43F001038A4208BF43F0010313B973
:1051A800114B9A4213D1D3B21049114C103BA1FBB9
:1051B80003515F2B0F4BC1F3021103EA0203615C39
:1051C80088BF0433C1658365184630BC704722F038
:1051D800FF038365F8E700BF10000240400002406B
:1051E8002800024058000240B8040240ABAAAAAA0C
:1051F800240C010800FCFFFF0368294A294930B440
:10520800294D2A4CAB4218BF93420CBF0122002201
:105218008B4208BF42F001022831A34208BF42F086
:10522800010228348B4208BF42F001022831A34210
:1052380008BF42F001028B4208BF42F0010212B9D6
:105248001B4A934213D1DBB21A4C1B4A0121083B7B
:105258001A4DA4FB0343456602EB1312C3F3041370
:10526800920001FA03F30266836630BC7047DAB233
:105278001349144C1944103AA829A4FB02234FEAF5
:10528800131300D80833104A03F01F0501210F4CEF
:105298001A44A9404466920081660266E5E700BFA9
:1052A80008540258305402581C54025844540258A6
:1052B80094540258CDCCCCCC009600168058025895
:1052C800F0FBFDBFABAAAAAA00820010800802402A
:1052D80070B50446FFF73AF8002C00F0C680236842
:1052E8000546954A934248D01832934245D0303209
:1052F80092498B4218BF934201F130010CBF012241
:1053080000228B4208BF42F0010218318B4208BFCD
:1053180042F0010218318B4208BF42F001021831F5
:105328008B4208BF42F0010201F556718B4208BF5B
:1053380042F0010218318B4208BF42F001021831D5
:105348008B4208BF42F0010218318B4208BF42F07D
:10535800010218318B4208BF42F0010218318B421A
:1053680008BF42F0010218318B4208BF42F0010227
:105378001AB9734A934240F0F5800222002184F85A
:10538800352084F834101A6822F001021A6005E00A
:10539800FEF7DCFF431B052B40D823681A68D107AA
:1053A800F6D4D4E9022521692A43A0691D680A4375
:1053B80061690A43E16902430A4362492940256A4F
:1053C8002A430A43616A04292FD01A605A6922F0D5
:1053D8000702114359612046FFF794FEE26D3F230F
:1053E80002F01F02934083602046FFF705FFA36881
:1053F800802B3CD06368A06EDAB2013BD4E9185127
:10540800072B2A60486026D90023C4E91B33636749
:1054180000200123606584F8353070BD2022032305
:105428000120626584F8353070BDD4E90B512943F9
:105438000A431A605969A26A21F00701114341F031
:105448000401002DC6D000284FD1012A6ED032F0B9
:105458000202BFD151E0501E072810D9626FD4E96B
:105468001B31002018604A60D2E7012070BD00237C
:10547800A16ED4E91802636003605160C4E7216833
:10548800314B324DA94218BF994205F114050CBFA2
:1054980001230023A94208BF43F001031435A942A0
:1054A80008BF43F001031435A94208BF43F00103C4
:1054B8001435A94208BF43F001031435A94208BFB7
:1054C80043F001033BB9224B994204D0214B2249B6
:1054D80013449B0003E0214B214913449B00012204
:1054E8008240C4E91B316267BBE7B0F5005F0ED0AC
:1054F800022A05D9032A7FF46DAFEA017FF56AAF66
:10550800012340221846626584F8353070BD032AAD
:105518003FF660AF01A050F822F000BF095500081F
:10552800035500080955000835550008B5F1C07F36
:105538007FF450AFE4E700BF100002404000024093
:10554800B80402403F8010FE085402581C54025808
:10555800945402583F820010400902403F960016BA
:1055680040590258324A33483349834218BF93425C
:1055780000F128000CBF012200228B4208BF42F034
:1055880001022831834208BF42F0010228308B42D1
:1055980008BF42F001022831834208BF42F00102ED
:1055A8008B4208BF42F0010212B9244A934238D113
:1055B80002220021224D84F8341084F835201A681C
:1055C8001540A268402A2AD0802A0CBF4FF4804098
:1055D8000846266AD4E90312D20842EAD102616970
:1055E80042EAD102A16942EAD102E16942EAD10262
:1055F800144942EA161219442A4302431248A0FBEE
:10560800010120461A600B099B00E365FFF77AFD4C
:10561800E26D012302F01F0293404360E4E610208C
:10562800D7E7402203230120626584F8353070BD36
:10563800085402581C5402583054025894540258C2
:105648000F00FEFFF8ABFDA7CDCCCCCC002800F0B6
:10565800BC80844690F83400012800F0B88001200E
:105668002DE9F0419CF835408CF83400844208D08C
:1056780000224FF400638CF83420CCF85430BDE895
:10568800F0810220DCF800507A4C8CF835000020BC
:10569800794ECCF854007948854218BFA54200F1EC
:1056A80018000CBF01240024854208BF44F00104FF
:1056B8001830854208BF44F001041830854208BFFD
:1056C80044F001041830854208BF44F0010400F595
:1056D8005670854208BF44F001041830854208BF5F
:1056E80044F001041830854208BF44F00104183022
:1056F800854208BF44F001041830854208BF44F0D1
:1057080001041830854208BF44F00104183085426E
:1057180008BF44F001041830854208BF44F0010472
:10572800A0F59560B54218BF8542DCF86C600CBFE7
:105738000120002054EA0008286820F001002860B1
:10574800DCF86400DCF86840DCF85870446040D04D
:1057580016B1DCE91C044460DCF85C004FF03F0E35
:1057680000F01F000EFA00F0B860286820F48020CE
:1057780028606B60DCF80830402B23D0A960EA6011
:105788002B6823F01E0343F016032B60DCF840302F
:105798001BB12B6843F008032B60DCF860301A68F3
:1057A800D20303D51A6842F480721A601EB13368B6
:1057B80043F4807333602B68002043F001032B60AF
:1057C800BDE8F081AA60E960DAE7012070470220AD
:1057D800704716B1DCE91C0444602948DFF8A8E0EA
:1057E800754518BF85420EF1140E0CBF012000202C
:1057F800754508BF40F001000EF1140E754508BF4D
:1058080040F001000EF1140E754508BF40F001008C
:105818000EF1140E754508BF40F001000EF1140E8C
:10582800754508BF40F0010010B9164885420ED1F1
:10583800DCF85C0000F01F0E012000FA0EF0786022
:105848006B60DCF80830402B10D0A960EA602B6848
:1058580023F00E0343F00A032B60DCF84030002BE2
:105868009BD02B6843F004032B6096E7AA60E9609D
:10587800EDE700BF40000240280002405800024007
:1058880008540258945402581C54025800285FD0F7
:1058980038B590F835200346022A55D10168444AA4
:1058A800914248D01832914245D03032414C42485A
:1058B800A14218BF914204F148040CBF0122002202
:1058C800814208BF42F001023030A14208BF42F0D5
:1058D80001023034814208BF42F0010200F55C70D9
:1058E800A14208BF42F0010204F55C74814208BF7E
:1058F80042F001023030A14208BF42F001023034C8
:10590800814208BF42F001023030A14208BF42F094
:1059180001023034814208BF42F001023030A14216
:1059280008BF42F00102814208BF42F0010212B9E9
:10593800224A91420ED10422002083F835200B68B8
:1059480023F001030B6038BD802201205A6538BD61
:10595800012070470A681C6E22F00E02D86D9D6DFA
:105968000A6000F01F000A6822F001020A600122A2
:105978002168824021F4807121606A60DA6ED3E97F
:105988001910486032B11168D3E91C0421F4807100
:1059980011604460002401211A6D83F8344083F8B3
:1059A80035101AB118469047204638BD104638BD04
:1059B800100002404000024070000240B80402405B
:1059C8002DE9F04300229C4B83B09C4E1D68814614
:1059D800019203689A4A846D934218BFB3422768BC
:1059E80008BF0126216818BF002645D018329548FF
:1059F800834218BF934200F118000CBF0122002215
:105A0800834208BF42F001021830834208BF42F0C7
:105A180001021830834208BF42F001021830834265
:105A280008BF42F0010200F55670834208BF42F0F9
:105A380001021830834208BF42F001021830834245
:105A480008BF42F001021830834208BF42F0010249
:105A58001830834208BF42F001021830834208BF61
:105A680042F001021830834208BF42F001021AB91D
:105A7800754A934240F05082D9F85C10082201F030
:105A88001F0C02FA0CF2174240F0888127FA0CF238
:105A9800D2070CD55A69100609D5012202FA0CF270
:105AA800A260D9F8542042F00202C9F854204FF0FD
:105AB800040E0EFA0CF038425BD0002E4FD1634A28
:105AC800DFF88081434518BF934208F118080CBFDE
:105AD80001220022434508BF42F0010208F11808DC
:105AE800434508BF42F0010208F11808434508BFC2
:105AF80042F0010208F11808434508BF42F00102CC
:105B080008F55678434508BF42F0010208F1180825
:105B1800434508BF42F0010208F11808434508BF91
:105B280042F0010208F11808434508BF42F001029B
:105B380008F11808434508BF42F0010208F11808A7
:105B4800434508BF42F0010208F11808434508BF61
:105B580042F001021AB93C4A934240F019821A688D
:105B6800920706D5A060D9F8542042F00402C9F87B
:105B78005420102202FA0CFC1CEA070F6CD0002EED
:105B880045D1324A2F4EB34218BF934206F1180648
:105B98000CBF01220022B34208BF42F001021836AE
:105BA800B34208BF42F001021836B34208BF42F0C0
:105BB80001021836B34208BF42F0010206F55676D4
:105BC800B34208BF42F001021836B34208BF42F0A0
:105BD80001021836B34208BF42F001021836B34238
:105BE80008BF42F001021836B34208BF42F0010272
:105BF8001836B34208BF42F001021836B34208BF54
:105C080042F001021AB9104A934240F0C9811A6859
:105C1800100721D5C4F808C01A68560300F14C8152
:105C28001A68D20503D41A6822F008021A60D9F853
:105C380040308BB10CE000BF580000241000024037
:105C48002800024058000240B804024040000240C8
:105C580048469847D9F85C1001F01F0120268E406D
:105C68003E4268D0D9F80020A54BA64FBA4218BFCB
:105C78009A4207F118070CBF01230023BA4208BF54
:105C880043F001031837BA4208BF43F0010318373D
:105C9800BA4208BF43F001031837BA4208BF43F0BD
:105CA80001031837BA4208BF43F001031837BA4254
:105CB80008BF43F0010307F55677BA4208BF43F01F
:105CC80001031837BA4208BF43F001031837BA4234
:105CD80008BF43F001031837BA4208BF43F0010375
:105CE8001837BA4208BF43F001031837BA4208BF51
:105CF80043F001031837BA4208BF43F001031BB948
:105D0800814B9A4240F062811368DB0613D5A66086
:105D180099F83530042B136800F0AE8013F4802F07
:105D2800136800F0D3801C0340F1DE80D9F83C30C2
:105D38000BB148469847D9F85430002B00F0B98089
:105D4800D9F85430D8071FD5D9F80020042189F88C
:105D58003510136823F0010313606C4BA3FB053562
:105D6800AD0A02E01368D90704D5019B0133AB42A1
:105D78000193F7D9002389F834301368DB074CBF47
:105D88000323012389F83530D9F84C30002B00F073
:105D98009080484603B0BDE8F043184718684007AC
:105DA8000AD5186820F004001860A260D9F85420B9
:105DB80042F00102C9F8542027FA0CF2D2077FF505
:105DC80076AE534A5348834218BF934200F13000DD
:105DD8000CBF01220022834208BF42F001021830A2
:105DE800834208BF42F001021830834208BF42F0E4
:105DF80001021830834208BF42F0010200F55670D4
:105E0800834208BF42F001021830834208BF42F0C3
:105E180001021830834208BF42F001021830834261
:105E280008BF42F001021830834208BF42F0010265
:105E38001830834208BF42F001021830834208BF7D
:105E480042F001021830834208BF42F00102002AE2
:105E58007FF420AE002E7FF41DAE1A68042202FAE9
:105E68000CF23A4240F09480102202FA0CFC17EA35
:105E78000C0F3FF4F1AE84E623F016031360536968
:105E880023F080035361D9F840309BB3136823F0A3
:105E9800080313603F230025012203FA01F1D9F812
:105EA8005030A16089F8345089F83520002B7FF4F0
:105EB80070AF03B0BDE8F0831B6818037FF5B7AE79
:105EC800D9F84830002B7FF4C3AEC5E613F48073CD
:105ED8007FF42CAF116821F010011160012289F8BC
:105EE800343089F8352021E7D9F84430002B7FF485
:105EF80020AF20E7D9F84830002BC7D1CAE700BF48
:105F08001000024028000240B8040240B5814E1B30
:105F180058000240400002404E4A4F4DAB4218BF65
:105F2800934205F114050CBF01220022AB4208BFC1
:105F380042F001021435AB4208BF42F001021435A9
:105F4800AB4208BF42F001021435AB4208BF42F031
:105F580001021435AB4208BF42F0010212B93F4AB0
:105F68009342A6D1D9F85C5004261A6805F01F059B
:105F7800AE400E4219D0570717D5100466604BD5AE
:105F8800D1034FD4D9F84830002B7FF402AF90E703
:105F98001A68102202FA0CFC17EA0C0F3FF45CAEE8
:105FA8001A6852077FF558AE34E60226AE400E4214
:105FB80011D097070FD56660140439D5D00343D4A0
:105FC800D9F84430002B7FF4E4AE72E713689F07DA
:105FD8007FF5B1AE9BE60826AE400E423FF469AFAE
:105FE80011077FF566AF1A68002122F00E021A60C9
:105FF8000123D9F84C2003FA05F56560C9F8543037
:1060080089F8341089F83530002A3FF452AF4846F1
:1060180003B0BDE8F0431047920603D41A6822F093
:1060280004021A60D9F84030002B7FF4B2AE40E782
:1060380012F0200208D11968012421F00A01196020
:1060480089F8342089F83540D9F83C30002B7FF4A2
:10605800A0AE2EE7085402581C5402589454025813
:10606800406D70472DE9F04F0D6883B0002D00F0AA
:10607800D5800023DFF8688201229A4012EA050CD5
:1060880000F0C7804E6826F01009B9F1020F40F001
:10609800C88003F007044FEAD30E4FF00F0A4FEA07
:1060A800840900EB8E0E0AFA09FADEF8204024EA89
:1060B8000A0A0C6904FA09F406F0030944EA0A0416
:1060C800CEF820404FEA430E0324D0F800A009FA86
:1060D8000EF904FA0EF42AEA040AE44349EA0A0922
:1060E800C0F80090D0F808A0CF6804EA0A0A07FAB6
:1060F8000EF949EA0A09C0F80890C6F30019D0F861
:1061080004A009FA03F92AEA020249EA02024260F3
:10611800C268F70004EA02048A6802FA0EF242EA48
:106128000402C26075D5644C23F0030E03F0030922
:10613800D4F8F420C6444FEA890942F00202C4F8B0
:10614800F420D4F8F42002F002020192019A0F22FE
:10615800DEF8084002FA09F224EA0202574CA0428B
:1061680025D004F58064A0427BD0554CA0427ED057
:10617800544CA0426FD0544CA04200F08480534C41
:10618800A04200F08680524CA04276D0514CA042EA
:1061980000F08580504CA04200F087804F4CA04210
:1061A8000CBF09240A2404FA09F942EA0902CEF8C4
:1061B80008204FF0B0426FEA0C0EF403D2F88020AA
:1061C8004FF0B04454BF0EEA02024CEA0202C4F88F
:1061D8008020B203D4F884404FF0B04254BF0EEA96
:1061E80004044CEA0404F702C2F8844014684FF02F
:1061F800B04254BF0EEA04044CEA04041460B4022A
:1062080052684FF0B04454BF0EEA02024CEA020250
:106218006260013335FA03F27FF42EAF03B0BDE8B4
:10622800F08F4FEA430E0324D0F800B006F0030ABB
:1062380004FA0EF409F1FF390AFA0EFA2BEA040BF4
:10624800B9F1010F6FEA04044AEA0B0AC0F800A08A
:106258003FF65EAF46E7032404FA09F942EA090269
:10626800A5E7012404FA09F942EA09029FE7022492
:1062780004FA09F942EA090299E7062404FA09F935
:1062880042EA090293E7042404FA09F942EA0902F6
:106298008DE7052404FA09F942EA090287E7072489
:1062A80004FA09F942EA090281E7082404FA09F91B
:1062B80042EA09027BE700BF004402580000025886
:1062C80000080258000C0258001002580014025826
:1062D80000180258001C02580020025800240258D6
:1062E80000040058002900F0A88000232DE9F04F91
:1062F800DFF8689183B0DFF86881DFF868A1DFF81C
:1063080068B14FF0010E0EFA03F212EA010C6FD0D9
:1063180023F0030503F003040F2640454D444FEADC
:10632800C404AF6806FA04F607EA0607019721D005
:10633800504566D0584567D0434FB8426ED0434F5A
:10634800B84270D0424FB84263D0424FB84256D09C
:10635800414FB84272D0DFF814E1704568D0DFF8D9
:1063680010E1704514BF4FF00A0E4FF0090E0EFAF7
:1063780004F400E00024019FA74219D1AC6824EA84
:1063880006064FF0B044AE60D4F8805025EA0C05FC
:10639800C4F88050D4F8845025EA0C05C4F8845019
:1063A800256825EA0C052560656825EA0C05656001
:1063B80003255C0003F007070F2605FA04F40568B7
:1063C800BF00254306FA07F70560DD0800EB8505E1
:1063D8002E6A26EA07062E62856825EA0405856086
:1063E800456825EA02024260C26822EA0404C460E1
:1063F800013331FA03F284D103B0BDE8F08F4FF0D6
:10640800060E0EFA04F4B6E74FF0020E0EFA04F484
:10641800B1E74FF0050E0EFA04F4ACE74FF0030EA7
:106428000EFA04F4A7E74FF0040E0EFA04F4A2E7FC
:106438004FF0080E0EFA04F49DE770474FF0070E70
:106448000EFA04F497E700BF000C02580010025837
:106458000014025800180258001C02580004005882
:106468000000025800040258000802580020025890
:10647800002402580369194214BF01200020704704
:1064880002B90904816170472DE9F04F056885B0AC
:106498000446284604F006FF012802D005B0BDE8EE
:1064A800F08F206804F0AEFE0028F7D0206804F0D2
:1064B800A9FE10F4001F206802D04FF400134361B6
:1064C80004F0A0FE10F4801F206802D04FF480135F
:1064D800436104F097FE10F0806F206802D04FF0FF
:1064E8008063436104F08EFE10F0020F20682FD104
:1064F80004F088FE870000F11381206804F082FE12
:10650800C60100F1CF80206804F07CFE000700F18E
:10651800BE80206804F076FE10F0007F20681AD153
:1065280004F070FEC306B9D52568AB6923F01003E3
:10653800AB612E6AC6F34341C6F30A17022902D19A
:10654800002F40F0C681AB6943F01003AB61A5E7AB
:1065580002234361CCE704F013FFD4F808E0804637
:106568002068BEF1000F00F0998005F5A0650026AF
:106578004FF0280B4FF0020A4AE000F5A0694A01E3
:1065880009EB4117BB685B075DD50423BB60FB685B
:1065980043F00203FB60BB68980500F1FD80BB680F
:1065A800DB0740F1CF80236953B101EB81003B69E0
:1065B80004EBC000C3F3120C836CA3EB0C03C3649D
:1065C8008B004FF0010C4FF0000E581804EBC00080
:1065D800C0F858E080F85DC0C7F808C090F83FE000
:1065E8001EF0FD0F00F06481BEF1030F00F0408241
:1065F8000B4404EBC30393F8502082F0010283F8A4
:106608005020D4F808E0206801362035764545D278
:1066180006F00F0328FA03F3D907F5D52B68F1B272
:106628001A04AAD400F5A0624FEA411C02EB4117F4
:10663800BB6813F004090DD00423BB60FB6843F06A
:106648000203FB60E0E7BB689B0640F1B3802023B0
:10665800BB60A0E7BB6813F0200300F0CA8001EB21
:106668008103202204EBC303BA6093F83D20012A7A
:10667800CAD183F83D9083F85CA0FB6843F002031D
:10668800FB6004F081FED4F808E02068BCE72046EF
:10669800FDF71CFD2068082343613BE74FF00073BA
:1066A80043613DE72668D6F840340293D6F8403473
:1066B8000393039B23F02E030393029B980707D5AC
:1066C800029BD90700F16381039B43F00203039304
:1066D800029B1A0718D5039B43F008030393029BF8
:1066E8005B0740F15C81A169022900F09A81E368A7
:1066F800012B03D14EF66022C6F804242046FDF78C
:10670800F3FC2046FDF7E6FC2068029B9F0603D5B4
:10671800039B43F020030393039BC6F84034F3E63E
:10672800D5F84034204623F02E03C5F84034FDF751
:10673800D5FC0121206804F001FE20684FF00053C9
:106748004361DBE6BB68980740F18E80FB6801EB8C
:10675800810C23F0020304EBCC0CFB608B009CF84B
:106768005D00012800F0B280052800F0AF800628FF
:1067780000F0A381082800F0A081032800F0DC8144
:106788009CF85C000246C7F808A02046FDF7AAFC62
:10679800D4F808E0206837E7FB68206843F0020374
:1067A800FB6004F0F1FD4FF400732068BB60D4F87F
:1067B80008E029E7BB681B0700F1BB80BB685B05E5
:1067C8007FF5E9AEFB68019243F002030091FB609C
:1067D80004F0DAFD00991020019A01EB8103B860FA
:1067E800082004EBC30383F85D004FF48063BB60AB
:1067F800D1E6D7F8089019F0400F40F0B180BB6897
:1068080013F4007340F02F81D7F8089019F0010FA6
:1068180040F03F81BB6813F0080340F06881D7F867
:10682800089019F0100F00F0C98001EB810204EB09
:10683800C2029365032382F85D3092F83D303BB97C
:106848000BFB014393F83C2012B9012283F83D2049
:10685800FB6843F00203FB6004F096FD10232068F8
:10686800BB60D4F808E0CFE6BB6813F0800340F0C3
:10687800E380BA68D20640F1D08001EB810004EBD6
:10688800C00090F83F20032A00F04B8112F0FD026F
:10689800E4D123698265002BE0D10BFB014303227D
:1068A80083F85D20FB68206843F00203FB60D3E7B0
:1068B800FA68206842F0020201930091FA6004F03D
:1068C80063FD1022DDE90013BA6091E68CF85C00E4
:1068D80058E706F00F0606EB860804EBC808D8F858
:1068E800441000293FF42FAE284605F5A0653A4626
:1068F80004F006FCD8F8443005EB46123B44116915
:10690800D8F84C20C8F8443073013A44C8F84C20F1
:10691800BC4A0A405AB1EA5822F0804242F000428A
:10692800EA5098F8503083F0010388F85030256811
:1069380009E6FB684FF0050C019243F00203009151
:10694800FB6001EB810304EBC30383F85DC01023F4
:10695800BB600823BB6004F017FDDDE900121AE6EE
:1069680001EB810204EBC2029365042382F85D30D7
:10697800012382F83D30FB6843F00203FB6004F01A
:1069880003FD40232068BB60D4F808E03CE6B36907
:10699800204623F00053B361FDF79CFB94E62046A4
:1069A800FDF7A6FBD6F84034206823F02E03C6F87E
:1069B8004034836943F000538361A6E6BB681B0635
:1069C80000F1C880BB685B0500F1D780BB689B07F6
:1069D8007FF51AAEFB680BFB014023F00203FB6056
:1069E80090F85D30012B00F0E180032B00F0DB8094
:1069F800042B00F0D880052B00F0FC80062B00F05B
:106A0800E480082B00F0E1800BFB01432046C7F827
:106A180008A093F85C20FDF765FBD4F808E020682F
:106A2800F2E5029B206803F4C023B3F5802F18BF5A
:106A3800012104F083FC61E6FB6801EB810243F06D
:106A4800020304EBC202FB60936D013393650623D6
:106A580082F85D30206804F097FC80232068BB60D2
:106A6800D4F808E0D0E5FB6843F00203FB6098E641
:106A780052F80970019347F00057009142F80970E5
:106A8800624680F85CC02046FDF72CFBDDE9001368
:106A9800AEE5FA6801EB810942F0020204EBC9098C
:106AA800C9F85830FA6004F06FFC0123BB6089F81C
:106AB8005D30D4F808E02068A6E503EB010C04EB90
:106AC800CC0CDCF858000130032825D8CCF8580045
:106AD80002200B4404EBC30383F85C0052F809302E
:106AE80023F0804343F0004342F809304AE6082384
:106AF8000091BB60FB6843F00203FB6004F044FCB8
:106B08000099052201EB810104EBC10383F85D20A4
:106B1800D4F808E0206877E50020CCF85800042075
:106B2800D7E7FA680BFB014042F002028365206850
:106B3800FA6004F029FC91E60BFB0143022083F87C
:106B48005CA052F8093023F0804343F0004342F838
:106B5800093017E6FB68009143F00203FB6004F07C
:106B680013FC009906230BFB014181F85D3080235B
:106B78002068BB60D4F808E046E5FB68009143F064
:106B88000203FB6004F000FC10230099BB604FF483
:106B980080630BFB0141BB60082381F85D30D4F8AA
:106BA80008E0206830E580F85CA02DE780F85C30CC
:106BB80090F83F30023B012B3FF626AF90F851305A
:106BC80083F0010380F851301EE70BFB0140836D11
:106BD8000133032B11D8836502230BFB014080F896
:106BE8005C3052F80C3023F0804343F0004342F805
:106BF8000C3009E780F85C3006E70023836504233E
:106C0800EBE700BF0000F81F90F8B832012B0CD05A
:106C1800012310B50446006884F8B83204F014FC67
:106C28000023184684F8B83210BD0220704700BF10
:106C3800F8B505460E461746701C2C682CD1A3697A
:106C4800990727D4A369DA06F9D5A3699A06FCD56A
:106C580020231022E261E361A3699F0701D5002385
:106C6800A362A369DE0703D4A36943F00103A36108
:106C7800636800221B4820210340012063606B6C7D
:106C880085F8402043F004036B6485F8411085F8CB
:106C98004220F8BD0020F8BDA3699B07FAD4A36978
:106CA800D9061BD4FDF752FBC01BB04201D8002EF9
:106CB800C2D16B6C2021002201200B4385F84020B3
:106CC8006B6485F8411085F84220F8BDFDF73EFB5E
:106CD800C01B8642EDD3002EEBD02C68A3699B061F
:106CE800F4D5B5E700E800FEF8B505460E461746A8
:106CF8002C68A3699B0649D4A369DA0626D5731CB8
:106D080038D1A3699E06FCD520231022E261E361F5
:106D1800A369990701D50023A362A369DA0703D4FD
:106D2800A36943F00103A361636800221848202186
:106D38000340012063606B6C85F8402043F0040336
:106D48006B6485F8411085F84220F8BDFDF7FEFA1E
:106D5800C01BB04201D8002ECAD16B6C2021002282
:106D680001200B4385F840206B6485F8411085F8B5
:106D78004220F8BDA3699806C6D4FDF7E7FAC01B00
:106D88008642EAD3002EE8D02C68B8E70020F8BD88
:106D980000E800FE00284ED010B590F841300446B7
:106DA80003F0FF02002B41D023682421626884F895
:106DB8004110196822F07062E06821F00101012891
:106DC80019601A619A6822F400429A60A26829D070
:106DD80042F4044202289A6002D14FF400625A60D9
:106DE80058684FF0200C1549226901435960D96849
:106DF80021F40041D960D4E90501024342EA0122A5
:106E0800D4E90710DA6000220143104619601968B6
:106E180041F001011960626484F841C0226384F87A
:106E2800422010BD42F400429A60D9E780F8402021
:106E3800FBF728FDB8E70120704700BF008000027B
:106E48002DE9F047984690F84130089E202B40F0F5
:106E5800878090F840300446012B00F081800123A0
:106E68008946174680F84030FDF770FA054604E079
:106E7800FDF76CFA401B192875D82368986910F437
:106E88000040F5D1212267626063C9F3090784F8DD
:106E98004120102284F842206064A4F82A80628D80
:106EA80092B2FF2A6DD8628D494892B2D1B222853A
:106EB8005A6802403A4342EA01424649114359603E
:106EC800DFF81C814FF0FF0ADFF81891638D2A461E
:106ED800314620469BB2002B30D0FFF7A9FE002890
:106EE80073D1606A216810F8012B238D8A62628D44
:106EF800013B6062013A9BB292B223856285628D42
:106F080092B2002BE2D1002AE0D0701C43D18B69E9
:106F18001A06FCD5638D9BB2FF2B48D94B682A46CD
:106F2800A4F828A0204603EA08033B4343EA0903E0
:106F38004B603146638D9BB2002BCED1FFF7D4FE58
:106F4800002842D123682021234DD9615A682A405C
:106F58005A6084F8411084F8400084F8420000E048
:106F68000220BDE8F087636C2021002201200B433A
:106F780084F84020636484F8411084F84220BDE816
:106F8800F0875A6812490A4014493A431143FF22CC
:106F98002285596094E78B691B06BBD4FDF7D6F9A7
:106FA800401B8642DFD3002EDDD02168ADE7638D1C
:106FB8009BB2DAB223854B6803EA080343EA02432B
:106FC8003B4343F000734B6080E70120BDE8F08746
:106FD800009800FC0020008200E800FE0020FF81ED
:106FE800009C00FC0000FF012DE9F0471F4690F8C7
:106FF8004130202B40F08E8004460D46002900F0D9
:107008008380B2FA82F916464FEA5919002A7BD0D2
:107018005FFA83FA90F84030012B7BD0012380F887
:107028004030FDF793F9212365628046256884F88E
:10703800413084F842A0C4F8449066856B68C4F86F
:10704800349023F400436B607B1C66D1AE6936072D
:10705800FCD50823EB61E368022B06D0AE69F60382
:1070680028D4AE69F603F9D524E0AB691907FCD535
:107078000823EB617B1CF1D0AB69DD031AD4FDF763
:1070880065F9A0EB0800874253D3002F51D025683B
:10709800F0E7424639462046FFF7CAFD00285BD193
:1070A800636A226813F8011B9162658D6362013D72
:1070B800ADB26585638D9BB2002BEAD14246394655
:1070C8002046FFF711FE00284DD02268536843F48C
:1070D80000435360636C042B54D100236364202362
:1070E800D361781C41D193691904FCD451680023F9
:1070F800202041F40041516084F84100184684F88A
:10710800423084F8403003E04FF400730120636498
:10711800BDE8F0870220BDE8F087AB69180733D4D3
:10712800FDF714F9A0EB0800874202D30FB12568D8
:107138008AE7636C202000212268034384F840100A
:10714800636484F84100012084F84210536843F4D2
:1071580000435360BDE8F08722680120536843F478
:1071680000435360D4E72268B9E793691B04BDD58F
:10717800FDF7ECF8A0EB08008742DAD3002FD8D04F
:107188002268AEE70120C3E70823EB61E368022B1E
:107198007FF470AF08E0FDF7D9F8A0EB080087424C
:1071A800C7D3002FC5D02568AB691A07F3D55FE7A9
:1071B8000268436B9169126803B11847704700BFB2
:1071C80090F84100704700BF90F84120202A23D151
:1071D8005FFA82FC90F840200346012A1CD002681E
:1071E800242000B583F841004FF0000E106820F00D
:1071F80001001060106820F480501060106801438E
:1072080070461160116841F00101116083F841C0B6
:1072180083F840E05DF804FB0220704790F84120B5
:10722800202A22D1034600B55FFA82FE90F840205A
:10723800012A1CD0026824204FF0000C83F841007A
:10724800106820F001001060106820F4706040EAB7
:10725800012160461160116841F00101116083F855
:1072680041E083F840C05DF804FB0220704702202B
:107278005DF804FB2DE9F04F076889B004463846ED
:1072880004F010F810B109B0BDE8F08F824620680C
:1072980003F0B8FF0028F6D0206803F0B3FF10F021
:1072A800020F206803D0436903F00203436103F02F
:1072B800A9FF10F4002B206840F0508103F0A2FFD2
:1072C80010F4802F206840F0EB8003F09BFF00282B
:1072D80074DB206803F096FF000564D4206803F08F
:1072E80091FF020114D52268536903F000635361CA
:1072F80094F8F433002B40F095810121204684F85E
:10730800F413536DC3F38303C4F8F83300F024FC7B
:10731800206803F077FFC3047BD4206803F072FF72
:1073280010F4005F20685DD103F06CFF10F0100FBF
:10733800206812D0836923F0100383613D6AC5F386
:10734800434305F00F06022B00F03182062B00F0B4
:107358007F81836943F01003836103F053FF0707BC
:1073680000F15781206803F04DFFC60200F1468105
:10737800206803F047FF850200F13581206803F09B
:1073880041FF400000F12681206803F03BFF4107E0
:107398007FF579AF23685D686A0700F129825A682A
:1073A8002A435A606FE7D7F80838D90700F11C82DA
:1073B8002068436903F40063436190E7D7F8043811
:1073C80023F00103C7F8043894F8F433012B00F0D4
:1073D80038812046FCF7FAFD2068436903F0004332
:1073E800436177E703F062FF206803F047FC2568F4
:1073F800E06001F0E5FC227B0146284603F0A2FB91
:107408002046FCF7B9FD2068436903F40053436143
:107418008AE7D7F804381021206807F5006523F0BB
:1074280001036B6003F010FC6068B0B107F51063EE
:107438004FF67F3199600AF1010A1A6820338245B4
:1074480022F4001243F8202CC3F8E811D3F8E02105
:1074580022F40012C3F8E021ECD1EB6943F00113E8
:10746800EB61236B002B40F0E1806A6942F22B0349
:1074780013436B612B6943F00B032B61D7F800387A
:1074880004F57172217C23F4FE632068C7F8003884
:1074980003F028FF2068436903F4805343613DE704
:1074A80003F0C8FE80462068B8F1000F00F0E580C0
:1074B800264607F510694FF0000BCDE9037A09E07D
:1074C8005FEA58080BF1010B06F11C0609F12009C7
:1074D80000F0D58018F0010FF2D05FFA8BF739462B
:1074E80003F0C4FEC30705461FD50BF00F0303992D
:1074F80001229A40D1F8343823EA0203C1F834381B
:107508000123C9F808302369012B03D1D6E91123D7
:107518001344B36439462046FCF720FD2369012B48
:1075280003D1BBF1000F00F0AC81280702D5082376
:10753800C9F80830E90602D51023C9F808306A06E8
:1075480002D54023C9F80830AB0702D50223C9F891
:1075580008302D0600F1C6802068B1E703F05CFE14
:1075680005462068002D00F0868007F53066A146A4
:107578004FF0000B049707E06D080BF1010B06F1C3
:10758800200609F11C097DD0EB07F5D55FFA8BF1D0
:10759800039103F05DFE10F0010F8046039973D14B
:1075A80018F0080F40F0F280206818F0100F01D092
:1075B8001023B36018F0200F05D02169012900F0CD
:1075C8005A812023B36018F4005FD5D04FF40053DC
:1075D800B360D1E72046FCF705FD2068436903F056
:1075E80080434361D1E620465FFA8BF1FCF7F2FC59
:1075F8002068436903F400134361C0E620465FFA3C
:107608008BF1FCF7EBFC2068436903F480134361BA
:10761800AFE62046FCF7ACFC2068436903F008039A
:107628004361A0E62046FCF7B9FC71E6D5F8843042
:1076380043F00B03C5F884306B6C43F00B036B64A9
:107648001CE70021204684F8F41300F085FAC3E60D
:10765800C6EBC606082204F57171384603F050FDE2
:10766800C5F30A1304EB86022068D2F814120B44FF
:10767800C2F814326DE6AB4620E6C34625E6DDE9DE
:10768800037A22E6049F19E6206801232769B3607C
:1076980000F53063012FD0F840E003EB4B139A68F4
:1076A80000F0C580984FBE4540F0BD80170440F1FA
:1076B800B6804FF4004218F0080F9A603FF475AF97
:1076C800026C986890498A4200F09780204603929D
:1076D800FCF734FC8D4B039A9A4200F296800823FB
:1076E800B36061E7D6E91453D4F800A0AB42504622
:1076F8003FF6E6AE0AF51062716CCDF81CA002EBFD
:107708004B120592EA1A8A4228BF0A4605998969E6
:10771800033289B2B1EB920FC0F0A980CDF818906E
:10772800C146A046059C1AE0736C3A46B16C5046B7
:107738009D4228BF1D4698F810300093ABB203F065
:10774800C9FCB36CA1692B4489B2B364736D2B4433
:107758000335B1EB950F7365C0F08180356D9D429F
:10776800A5EB0305E0D84446C846DDF81890D4F8E0
:1077780000A0079B0122504603F500610BF00F03A0
:107788009A404B6B23EA02034B6399E6226821690E
:1077980002F53063126C012903EB4B13986891D101
:1077A8005A498A4229D82046FCF7C8FB97E747F68A
:1077B800F0731D423FF4CDADC6EBC606C5F30A1201
:1077C800384604EB86061546D6F8081203F098FCEE
:1077D800D6F8083220682B44C6F80832D6F8143296
:1077E8002B44C6F81432B4E52046FCF7D7FBDFE596
:1077F8002046FCF7FBFB2368D1E5020402D54FF4D1
:1078080000429A602046FCF799FB216901297FF420
:1078180066AF04F57172206803F064FD5FE79006B7
:1078280001D520229A602046FCF78EFBB8E61707A0
:1078380032D536498E4504D9120402D54FF4004298
:107848009A6020460393FCF779FB04F571720121D5
:10785800206803F047FD0822039B9A60A0E644468F
:10786800356DC846DDF81890D4F800A050469D4202
:107878003FF626AE7DE704F5717203F033FD20680C
:107888009FE6236D002B7FF450AE04F57172012141
:10789800206803F027FD48E6970608D520229A605D
:1078A80018F0080F3FF481AE026C986878E712F080
:1078B800280FF5D1154FBE4505D9120403D54FF44D
:1078C80000429A60ECE71B692046D9F80422C3F30A
:1078D8001203D31AC9F81432D9F808321344C9F874
:1078E8000832FCF731FBBBF1000F7FF459AED4F836
:1078F8001032002B7FF454AE04F571720121206818
:1079080003F0F0FC4CE600BF0A31544F0A30544FE4
:1079180090F8BC23012A0ED0012210B50446006855
:1079280084F8381084F8BC2303F05AFC0023184666
:1079380084F8BC3310BD0220704700BF10B501F0B9
:107948000F0E0906044627D44FF01C0C0CFB0E0C36
:107958000CF5FE71CEEBCE0C00EB8C0C00208CF8F5
:10796800FD018A604A7881F800E0CB700AB1A1F87D
:1079780006E0022B01D100230B7194F8BC33012BD4
:1079880018D00123206884F8BC3303F089F9002358
:10799800184684F8BC3310BD1C204FF0010C00FBC6
:1079A8000E4000F13C01CEEBCE0004EB800080F8E5
:1079B8003DC0D6E7022010BD10B501F00F041C2110
:1079C800C4EBC40C01FB040100EB8C0C01F5FE7147
:1079D800CCF810320023CCF808228CF8FC41CCF803
:1079E80014328CF8FD3103690068012B08BFCCF80C
:1079F8000C22DAB21CB903F0B3FA002010BD03F070
:107A080097F9002010BD00BF10B501F00F041C212C
:107A1800C4EBC40C01FB040100EB8C0C3C31CCF82A
:107A280050300023CCF84820CCF8543001238CF88F
:107A38003C408CF83D3003690068012B08BFCCF846
:107A48004C20DAB21CB903F08BFA002010BD03F009
:107A58006FF9002010BD00BF38B5436801F00F056D
:107A68009D4234D80B0604461DD41C22C1EBC10329
:107A780002FB010100EB8303002201F5FE7183F88C
:107A8800FD2101230D708B7094F8BC239A421CD001
:107A9800206884F8BC3303F043FBD5B100231846B3
:107AA80084F8BC3338BD1C21C5EBC503012201FB9A
:107AB800050100EB83033C3183F83D2001230D7061
:107AC8008B7094F8BC239A42E2D1022038BD012081
:107AD80038BD04F57172217C206803F003FCDDE7F2
:107AE800426838B501F00F03934232D811F0800F85
:107AF80004464FF01C01C3EBC30219D101FB03413B
:107B0800002004EB8202002501F5FE7182F8FD01D8
:107B18000B708D7094F8BC33012B18D001232068AA
:107B280084F8BC3303F030FB284684F8BC5338BDD6
:107B380001FB0341012004EB820200253C3182F85D
:107B48003D000B708D7094F8BC33012BE6D10220F8
:107B580038BD012038BD00BF704700BF38B5114B94
:107B6800DA68520704D4DB6803F00703834214D1B0
:107B78000C4CE36823F007031843E060FCF7E6FBCE
:107B8800054605E0FCF7E2FB401BB0F57A7F06D816
:107B980063689B04F6D5002038BD012038BD03205A
:107BA80038BD00BF00480258024AD36843F08073CA
:107BB800D36070470048025870B44D6A15B1B2F1ED
:107BC800406F3AD18B691BB30C6A002C4CD08E687D
:107BD8000068C661CE69002E69D02B431343234346
:107BE800CC6A334323430C6B23434C6B23430C690C
:107BF8002343CC6823430C6823434C69B2F1406F9C
:107C080043EA8443436165D04B6870BC8361704725
:107C18000B6ABBB100682B438C68CE69C461002E27
:107C28006BD01343CC6A334323430C6B23434C6B15
:107C380023430C692343CC68DEE78B6A0468013B65
:107C48002361BFE7CB69002B66D1002D42D0CB6AF8
:107C58000C6B2B43006813434A6923434C6B234343
:107C680043EA8243436135E0CC6945EA030C002CC2
:107C780032D003684CEA0200B2F1406F40EA0400D7
:107C8800CC6A40EA04000C6B40EA04004C6B40EA02
:107C98000400CC6840EA04000C6840EA04004C691F
:107CA80040EA8440586115D04A689A6112E045EA72
:107CB800030C0D694CEA0203CA6A23431343D1E952
:107CC8000C4223430C6813434A692B43234343EA7A
:107CD8008243436170BC7047CC6A4CEA0203006877
:107CE8002343D1E90C4223430C6813434A692343D5
:107CF80043EA824370BC43617047CC6A1343234311
:107D0800D1E90C4223431343D1E90442234343EA14
:107D1800824370BC436170472B43CD6A0C6B13439D
:107D280000682B4323434C6B84E700BF70B50446BF
:107D3800FCF70CFB002C54D094F84030012B52D0A7
:107D48000123064684F8403094F8413003F0FF02DE
:107D5800002B34D0A56C2268A1681368013923F47C
:107D6800706343EA0123136001E06B1C31D193680F
:107D780013F02003F9D1E069E16815680143206A2E
:107D88000143606841EA00611C482840014360697A
:107D98001160A16955680143206941EA004118480A
:107DA8002840012501431846516011682943116094
:107DB800636484F84150002384F8403070BD204645
:107DC80084F84020FBF7B4F941F288331D46A364D8
:107DD800C1E7FCF7BBFA801BA84206D82DB1226880
:107DE800C5E7012070BD022070BD0423012084F87E
:107DF8004130636C03436364DDE700BF2FFFFF007E
:107E0800FEF8E0FFC8B110B590F840300446012BE9
:107E180011D00268012380F84030136823F0010371
:107E28001360FBF713FA00236364184684F84130A3
:107E380084F8403010BD022010BD0120704700BFFB
:107E48002DE9F04104460E461546FCF77FFA94F8F2
:107E58004030012B3AD0012384F8403094F8413067
:107E6800012BDFB206D002270023384684F84030C1
:107E7800BDE8F081002380466364022384F8413022
:107E8800681C23680ED19A6812F02002FBD1314693
:107E98002046FFF791FE736AE3B10123002784F8B7
:107EA8004130E1E79A6812F020021ED0FCF74EFA42
:107EB800A0EB0800854201D3002DE1D1042384F80A
:107EC8004130636C43F001036364CDE70227384611
:107ED800BDE8F081226893689B07FCD50221012345
:107EE8000027D16084F84130BEE731462046FFF7CD
:107EF80063FE736A43B1D0E7FCF728FAA0EB0800E9
:107F08008542DBD3002DD9D0226893689907F3D531
:107F1800E4E700BF2DE9F843044689461546FCF717
:107F280015FA94F840302768012B67D0012384F8AC
:107F3800403094F84130012B5FFA83F807D04FF0B6
:107F480002080023404684F84030BDE8F883002347
:107F58006364B9F1000F56D01223064684F8413005
:107F68003B690133E3623B69C4F824900133A3629F
:107F78007B6923F040637B61E36A002B31D06A1C84
:107F8800394611D18B685B07FCD5636A1B7887F883
:107F98002030E26A636A013A0133E262E26A6362AC
:107FA800F2B16A1C2168EDD08B685807EDD4FCF754
:107FB800CDF9801B854201D3002DF2D1042384F82A
:107FC8004130636C43F00103636413E0BB689B07B3
:107FD8000CD4FCF7BBF9801B8542EFD3002DEDD004
:107FE8002768691CF2D1BB689A07FCD502234FF0B9
:107FF8000008FB60012384F84130A2E74FF0020833
:108008004046BDE8F883636C43F00803636498E76F
:108018002DE9F843044615468946FCF797F9276881
:10802800BA6994F84030012B6CD0012384F84030B1
:1080380094F84130012B5FFA83F807D04FF002081B
:108048000023404684F84030BDE8F8830023636489
:10805800B9F1000F5BD02223064684F841303B6912
:108068000133A3633B69C4F83090013363637B69D0
:1080780023F0406343F080637B61BA61A36B002BFC
:1080880033D0681C394612D18B6813F0060FFBD029
:1080980097F82020236B1A70A26B236B013A0133E7
:1080A800A263A26B2363FAB1681C2168ECD08B68C9
:1080B80013F0060FECD1FCF749F9801B854201D378
:1080C800002DF1D1042384F84130636C43F001039F
:1080D800636413E0BB689B070CD4FCF737F9801B7B
:1080E8008542EFD3002DEDD02768691CF2D1BB681B
:1080F8009A07FCD502234FF00008FB60012384F89F
:1081080041309DE74FF002084046BDE8F883636CB4
:1081180043F00803636493E72DE9F84F04461F46CC
:1081280089469046FCF712F994F84030012B52D05A
:10813800012384F8403094F84130012B5FFA83FB27
:1081480007D04FF0020B0023584684F84030BDE8B2
:10815800F88F002382466364422384F841307A1CF6
:1081680026682CD1B568AB06FCD4D8F8003049464F
:108178002046B362D8F804307362D8F80830F36246
:108188003268D8F8103022F440021343D8F80C2093
:1081980043F480033360C9F828204FF00062FFF7EA
:1081A8000BFD781C22681BD193681907FCD50821A0
:1081B80001234FF0000BD16084F84130C3E7B36866
:1081C8009D06D2D5FCF7C2F8A0EB0A00874212D36D
:1081D800002FC4D10FE04FF0020B5846BDE8F88FCE
:1081E80093681B07E3D4FCF7B1F8A0EB0A008742B9
:1081F80001D3002FD5D1042384F84130636C43F0B8
:10820800010363649FE700BF2DE9F04704460F466A
:108218001646FCF79BF894F84030012B45D0012313
:1082280084F8403094F84130012B5FFA83F907D085
:108238004FF002090023484684F84030BDE8F08733
:1082480000238046D4F848A06364822384F8413030
:10825800BAF1FF3F256814D1AB689A06FCD42B68A5
:10826800726823F00803082A43EA02032B6021D02E
:108278004FF04062394620464FF00009FFF79CFC5A
:10828800D8E7AB689B06EAD5FCF760F8A0EB0800D6
:10829800824502D3BAF1000FDAD1042384F84130C1
:1082A800636C43F001036364C4E74FF00209484676
:1082B800BDE8F087326810232A63EB602B6843F42B
:1082C80080132B60D4E700BF704700BF08B5006C6F
:1082D80000238363C36290F84130082B0BD10368F5
:1082E8000222DA601A6842F400321A601A6842F010
:1082F80002021A6008BD012380F84130FFF7E4FF4D
:1083080008BD00BF704700BF704700BF704700BF7F
:10831800704700BF704700BF704700BF704700BF7D
:1083280038B5036804469A68196855070ED5480396
:108338000CD594F84120122A75D094F84120222AAD
:1083480000F0A1802046FFF7E5FF38BD950726D548
:10835800880324D50222DA601A6822F4E0221A601F
:1083680094F84120122A7AD094F84120222A00F069
:10837800A98094F84120022A00F0D08094F8412086
:10838800082AE2D15A690121204622F040625A6146
:1083980084F84110636C3BBBFFF7B4FF38BD150789
:1083A80025D4D50735D5C80333D50125DD601A682E
:1083B80022F470221A60626C42F0020262641A6847
:1083C800520779D51A68E06B22F004021A60574BFD
:1083D800836505F0D5FD0028B7D0636C204643F0CF
:1083E8000403636484F84150FFF76EFF38BD080347
:1083F800D7D50822DA601A68520206D51A68012110
:1084080022F410221A6084F841102046FFF784FFF6
:1084180038BDD00699D5CA0297D510222046DA6011
:10842800FFF77CFF38BD9A6850078BD518460EE0D9
:10843800626A127883F82020E16A20680139626A4A
:10844800E1620132816862624D077FF57BAFE26AC3
:10845800002AEDD1036823F48023036072E71A68C9
:10846800510709D51A68E16B22F0040209681A60FD
:10847800CB6823F00103CB600123204684F8413008
:10848800FFF746FF38BD9A6852077FF55BAF18467D
:108498000EE093F82010226B1170A16B206801394F
:1084A800226BA16301328168226349077FF54AAFD5
:1084B800A26B002AEDD1CDE7204684F84150FFF7A2
:1084C80003FF38BD1A6852071DD49A6812F47C5FFE
:1084D8000FD111E093F82010226B1170A16B206866
:1084E8000139226BA16301328168226311F47C5F38
:1084F80002D0A26B002AEDD10123204684F8413036
:10850800FFF704FF38BD1A68E16B22F0040209681E
:108518001A60CB6823F00103CB60EDE70123204606
:1085280084F84130FFF7F0FE38BD00BFD58200085F
:10853800002800F0DE81F8B503680446D80730D576
:108548009F490A69896A02F03802102A00F00081FE
:10855800182A00F0F8806368B3F5803F00F02081A6
:10856800002B00F05E81B3F5A02F954B1A6800F040
:108578002F8222F480321A601A6822F480221A604C
:10858800FBF7E4FE8E4E41F28837054605E0FBF71F
:10859800DDFE401BB84200F2428133689A03F6D5EB
:1085A80023689D0700F18580D9062FD5844A136971
:1085B800926A03F03803082B00F0DA80182B00F0D9
:1085C800D280E3697E4D002B00F065812B6843F073
:1085D80080032B60FBF7BAFE064605E0FBF7B6FE04
:1085E800801B022800F21B812B68DB05F6D5FBF700
:1085F800C5FE41F20303984200F20B826B68226ABF
:1086080023F0F84343EA82636B6023681D0716D59D
:1086180063696B4D002B00F01C816B6F43F0010305
:108628006B67FBF793FE064605E0FBF78FFE801BA2
:10863800022800F2F4806B6F9807F6D523689A0633
:1086480016D5A3695E4D002B00F014812B6843F406
:1086580080532B60FBF77AFE064605E0FBF776FEB3
:10866800801B022800F2DB802B689F04F6D5236864
:10867800590700F19B80636ACBB1514D2A6902F01A
:108688003802182A6DD0022B2B6823F080732B60D8
:1086980000F03981FBF75AFE044605E0FBF756FE69
:1086A800001B022800F2BB802B689B01F6D4002037
:1086B800F8BD434A1369926A13F0380329D1404B35
:1086C800E2681B68590701D5002A4AD03C4D2B683F
:1086D80023F0190313432B60FBF738FE064605E029
:1086E800FBF734FE801B022800F299802B685B0799
:1086F800F6D5FBF743FE41F20303226998426B6803
:1087080000F2F08023F47C3343EA02336B60236881
:108718004AE7182B00F0E280294DE2682B68002A0E
:1087280000F0CB8023F0190313432B60FBF70EFEF8
:10873800064604E0FBF70AFE801B02286FD82B6868
:108748005F07F7D5D5E701F0030102297FF403AFEE
:108758001B4A126891037FF524AF6268002A7FF4F0
:1087680020AF0120F8BD02F00302012A7FF429AFEF
:10877800134B1B68DA0502D5E369802BF1D1FBF7AF
:10878800FDFD41F203030E4A9842216A00F2B380CC
:10879800536823F0F84343EA81635360236835E75D
:1087A800074A136843F480331360E9E6054D2B68E4
:1087B80043F480732B60FBF7C9FD064609E000BF50
:1087C8000044025800480258FBF7C0FD801B64288B
:1087D80025D82B68DA05F7D5A368012B00F022818C
:1087E800002B00F0FD80052B954B1A6F00F02081BF
:1087F80022F001021A671A6F22F004021A67FBF7C7
:10880800A5FD8F4E41F28837054604E0FBF79EFD33
:10881800401BB84203D8336F9B07F7D52BE70320DB
:10882800F8BD874D41F288372B6823F480332B60DD
:108838002B6823F480232B60FBF788FD064604E0B1
:10884800FBF784FD801BB842E9D82B689B03F7D45B
:10885800A6E66B6F23F001036B67FBF777FD06460F
:1088680004E0FBF773FD801B0228D8D86B6F9907CB
:10887800F7D4E3E62B6823F480532B60FBF766FDFF
:10888800064604E0FBF762FD801B0228C7D82B6868
:108898009804F7D4EBE62B6823F080032B60FBF7F2
:1088A80055FD064604E0FBF751FD801B0228B6D8AB
:1088B8002B68DF05F7D42368A8E623F001032B60B3
:1088C800FBF744FD064604E0FBF740FD801B022849
:1088D800A5D82B685807F7D4236865E690077FF476
:1088E8001BAFECE623F0FE4343EA02636B602368A8
:1088F8005AE601207047D36823F07C5343EA0163AA
:10890800D360236882E6FBF721FD064604E0FBF707
:108918001DFD801B022882D82B689901F7D4A96A0B
:10892800484BA26A0B404849454E1343E26A43EA62
:108938000213AB62D4E90D32013B013A5B02120427
:108948009BB202F4FE021343226B013AC2F30802FF
:108958001343E26B013A120602F0FE4213432B6303
:10896800EB6A23F00103EB626A6BA36C114041EAE6
:10897800C3016963EB6A226C23F00C031343EB62B7
:10898800EB6A626C23F002031343EB62EB6A43F475
:108998008033EB62EB6A43F40033EB62EB6A43F437
:1089A8008023EB62EB6A43F00103EB622B6843F030
:1089B80080732B60FBF7CAFC044605E0FBF7C6FC96
:1089C800001B02283FF62BAF33689A01F6D56EE6F6
:1089D80042F480221A601A6842F480321A60CFE5A5
:1089E800174D41F288372B6F23F001032B672B6F4C
:1089F80023F004032B67FBF7A9FC064605E0FBF709
:108A0800A5FC801BB8423FF60AAF2B6F9807F6D437
:108A180031E6EB68226A23F07C5343EA0263EB6099
:108A28002368F3E5064A136F43F001031367E6E68C
:108A380042F004021A671A6F42F001021A67DEE672
:108A4800004402580CFCFFFF0700FFFF474A136968
:108A580003F03803102B04D0182B0DD01BB1444859
:108A6800704744487047136899064AD513684248C6
:108A7800C3F3C103D8407047936A30B4946AD56A87
:108A880014F47C7F516BC4F3051038D0C1F3CC01CA
:108A980005F0010503F0030305FB01F1012B07EEC7
:108AA800901AB8EEE77A02D0022B2CD093B307EED7
:108AB800900A9FED325AF8EEE77A136BC5EE276AF3
:108AC800DFED2F5AC3F3080307EE903AB7EE006ABA
:108AD800F8EEE77AE7EE257A77EE867A66EEA76A09
:108AE800224B1B6BC3F34623013307EE903AB8EED3
:108AF800E77AC6EE877AFCEEE77A17EE900A30BC82
:108B080070471D48704707EE900A9FED1E5AF8EE11
:108B1800E77AD2E713689B0620D5146807EE900A17
:108B28001549F7EE005A136BC4F3C104F8EEE77A5F
:108B38009FED135AC3F30803E14006EE903A06EEA0
:108B4800101AF8EEE66AB8EEC66AE7EE056A86EE2F
:108B5800277A76EEA56A66EE876AC1E707EE900A7D
:108B68009FED095AF8EEE77AA7E700BF00440258DC
:108B780000093D000024F4000090D0030024744A4A
:108B8800000000390024744B0024744C002800F0C5
:108B98000281874A136803F00F038B422DE9F041E5
:108BA80004460D460CD2136823F00F030B431360E1
:108BB800136803F00F038B4202D00120BDE8F08157
:108BC80023685F070BD57B4920698A6902F0700228
:108BD800904204D98A6922F0700202438A611E0712
:108BE8000BD574496069CA6902F07002904204D9D1
:108BF800CA6922F070020243CA61D8060BD56D49D2
:108C0800A069CA6902F4E062904204D9CA6922F4F0
:108C1800E0620243CA6199060BD56649E0690A6AAF
:108C280002F07002904204D90A6A22F070020243EC
:108C38000A629A0740F1A1805E48E168826902F001
:108C48000F02914204D9826922F00F020A4382611D
:108C5800D80730D5574AA168936923F470630B434A
:108C6800936161681368022900F09780032900F076
:108C78008E80012900F0978058079ED54D4E41F20D
:108C88008838336923F007030B433361FBF75EFB36
:108C9800074605E0FBF75AFBC01B404500F2818000
:108CA8003369626803F03803B3EBC20FF2D123686B
:108CB800990706D5E1683F48826902F00F028A42A7
:108CC8005FD83B490A6802F00F02AA420AD90A682B
:108CD80022F00F022A430A600A6802F00F02AA4231
:108CE8007FF46BAF5A070BD5324920698A6902F0C5
:108CF8007002904204D28A6922F0700202438A61AB
:108D08001F070BD52B496069CA6902F070029042AF
:108D180004D2CA6922F070020243CA61DE060BD58A
:108D28002449A069CA6902F4E062904204D2CA697F
:108D380022F4E0620243CA619D060BD51D4AE1692F
:108D4800136A03F07003994204D2136A23F0700384
:108D58000B431362FFF77AFE164A034616489269D8
:108D68001649C2F30322825C0E2002F01F02D34090
:108D7800BDE8F0410B60FBF787BADA073FF56AAF49
:108D88009FE7826922F00F021143816199E79F01F1
:108D98003FF574AF11E7012070479B033FF56EAFB5
:108DA8000BE703200AE7DE053FF568AF05E700BFDC
:108DB8000020005200440258BC0B0108580000244F
:108DC80008B501F095F9064B06499B69064A03F078
:108DD8000F03CB5C03F01F03D840106008BD00BF31
:108DE80000440258BC0B01085C00002410B501F0D7
:108DF8007FF90949094A8B69094C03F00F03D35CD1
:108E080003F01F03D8402060CB69C3F30213D35C7F
:108E180003F01F03D84010BD00440258BC0B0108E2
:108E28005C00002410B501F063F90949094A8B690F
:108E3800094C03F00F03D35C03F01F03D8402060F4
:108E4800CB69C3F30223D35C03F01F03D84010BDE2
:108E580000440258BC0B01085C000024F8B53A4CE9
:108E6800A36A03F00303032B67D0236806460F4663
:108E780023F080632360FBF769FA054604E0FBF7FB
:108E880065FA431B022B56D823681A01F7D4A36A44
:108E9800326823F47C3343EA0233A362D6E9023210
:108EA800013B013A5B0212049BB202F4FE02134337
:108EB8007268013AC2F3080213433269013A120692
:108EC80002F0FE421343A363E36A726923F0C0030E
:108ED8001343E362E26AB36922F020021A431B4B90
:108EE800E262E26A22F01002E262E16BF2690B4090
:108EF80043EAC203E363E36A43F01003E362E36A0D
:108F0800EFB1012F0CBF43F4801343F40013E36265
:108F18000D4C236843F080632360FBF717FA05467E
:108F280004E0FBF713FA401B022804D823681B014E
:108F3800F7D50020F8BD0320F8BD0120F8BD43F4A3
:108F48000023E362E4E700BF004402580700FFFF84
:108F5800F8B53A4CA36A03F00303032B67D02368E0
:108F680006460F4623F080532360FBF7EFF90546CA
:108F780004E0FBF7EBF9431B022B56D823689A0051
:108F8800F7D4A36A326823F07C7343EA0253A362DE
:108F9800D6E90232013B013A5B0212049BB202F4A9
:108FA800FE0213437268013AC2F30802134332699E
:108FB800013A120602F0FE4213432364E36A72691F
:108FC80023F440631343E362E26AB36922F4007254
:108FD8001A431B4BE262E26A22F48072E262616C1D
:108FE800F2690B4043EAC2036364E36A43F48073A3
:108FF800E362E36AEFB1012F0CBF43F4000343F0CF
:109008008073E3620D4C236843F080532360FBF7C1
:109018009DF9054604E0FBF799F9401B022804D89E
:1090280023689B00F7D50020F8BD0320F8BD012078
:10903800F8BD43F48003E362E4E700BF004402584C
:109048000700FFFF2DE9F8430368044613F00066A4
:1090580022D0426EB2F5001F00F0CE8411D8002A4B
:1090680000F0F884B2F5801F40F0F184022104304A
:10907800FFF7F4FE0646002E40F08684626E2368F1
:1090880003E0B2F5401F40F0E284A8480026016DD5
:1090980021F440110A430265DD050AD5626D042AF0
:1090A80006D8DFE812F0A20493049A04DF02DF0274
:1090B8000126354698051BD5A26D802A00F05B84F1
:1090C80000F2EC80002A00F08B83402A40F0ED800B
:1090D8000021201DFFF7C2FE23680546002D40F041
:1090E80067839249A06D0A6D22F4E07202430A6513
:1090F80059051FD5D4F8A420B2F5800F00F0478495
:1091080000F2D680002A00F07183B2F5001F40F00B
:10911800D7800021201DFFF7A1FE23680546002DFA
:1091280040F044838149D4F8A4008A6D22F4600297
:1091380002438A651A051FD5D4F8A820B2F1007F2A
:1091480000F02E8400F2BF80002A00F05583B2F1AF
:10915800807F40F0C0800021201DFFF77FFE23683C
:109168000546002D40F02A837049D4F8A8008A6D7E
:1091780022F0E06202438A659F0118D5A26C202A7A
:1091880000F0DA8300F2AA803AB1102A40F0A980F0
:109198006649CA6A42F40032CA62002D40F0598317
:1091A8006249A06CCA6C22F030020243CA64D80437
:1091B8001DD5E26DB2F5005F00F0FB8300F29480EC
:1091C800002A00F01F83B2F5805F40F095800021EF
:1091D800201DFFF743FE23680546002D40F0EC8272
:1091E8005249E06D0A6D22F4E04202430A6599048F
:1091F8001AD5226EB2F5003F00F074837FD84AB1C9
:10920800B2F5803F40F083800121201DFFF726FE44
:1092180023680546002D40F01E834449206E0A6DE0
:1092280022F4E02202430A655A041BD5D4F8AC2084
:10923800B2F1005F00F060836CD842B1B2F1805F98
:1092480070D10121201DFFF709FE23680546002D76
:1092580040F003833549D4F8AC008A6D22F0E0422F
:1092680002438A651F040DD5E26EB2F1805F00F0FB
:109278003183B2F1005F00F00182002A00F004821D
:1092880001263546D8015DD5626C032A00F20A84AE
:10929800DFE812F0540017034E005400C02A3FF4D0
:1092A8001DAFB2F5807F3FF419AF012635461FE7A1
:1092B800B2F5C00F3FF433AFB2F5000F3FF42FAF54
:1092C8000126354636E7B2F1407F3FF44AAFB2F1A6
:1092D800806F3FF446AF012635464DE7302A3FF40C
:1092E8005CAF0126354662E7B2F5405F3FF475AFE3
:1092F800B2F5804F3FF471AF0126354677E722F487
:109308008031B1F5802F85D0B2F5403F82D001265B
:10931800354689E722F08051B1F1804F97D0B2F1FC
:10932800405F94D0012635469CE700BF00440258B0
:109338000221201DFFF792FD23680546002D00F04D
:109348006B822E46590200F1F081DF072FD5A26FFC
:10935800282A2AD8DFE812F0D30129002900290099
:1093680029002900290029006D0329002900290066
:109378002900290029002900CC01290029002900F9
:109388002900290029002900D301290029002900E2
:109398002900290029002900D301290029002900D2
:1093A8002900290029002900D301012635469807FC
:1093B80016D5626F052A00F27883DFE812F00D00F7
:1093C800300306000D000D000D00012104F12400FA
:1093D800FFF7BEFD23680546002D00F025822E46C6
:1093E800590717D5D4F89020052A00F26183DFE8E1
:1093F80012F00D000C0306000D000D000D000121F8
:1094080004F12400FFF7A4FD23680546002D00F0B1
:1094180013822E469A061DD5D4F88C20B2F1005F2F
:1094280000F0458200F2DC804AB1B2F1805F40F082
:10943800E1800021201DFFF711FD23680546002D5E
:1094480040F00582A949D4F88C004A6D22F0E04228
:1094580002434A655F061DD5D4F89820B2F5006F1F
:1094680000F0548200F2C9804AB1B2F5806F40F032
:10947800CE800021201DFFF7F1FC23680546002D52
:1094880040F0C8819949D4F898008A6D22F4E052D6
:1094980002438A6518061DD5D4F89C20B2F5804F82
:1094A80000F03F8200F2B6804AB1B2F5005F40F0AA
:1094B800BB800021201DFFF7D1FC23680546002D45
:1094C80040F0A6818949D4F89C008A6D22F4604254
:1094D80002438A6519070BD5D4F88010B1F5805F6F
:1094E80000F03E828148426D22F440520A434265B0
:1094F800DA060BD5D4F89410B1F5807F00F02582F8
:109508007A48826D22F440720A4382651F030ED5A1
:10951800D4F8A010B1F5803F00F0D480B1F5003F39
:1095280000F0D780002900F0BA810126354658039B
:109538000FD5D4F88420B2F5001F00F0B080B2F542
:10954800401F00F0B380B2F5801F00F0A081012613
:109558003546D90309D5E26C002A00F08681B2F5B8
:10956800803F00F02D81012635469A0000F1D28017
:109578009F035CD4301E18BF0120DE0206D55B496C
:10958800256F0A6D22F000422A430A65DD0007D5DF
:109598005649D4F8B4500A6922F480422A430A6131
:1095A800990206D55149A56E0A6D22F080722A43A8
:1095B8000A655A0009D54D4A116921F40041116123
:1095C8001169D4F8B85029431161002B06DA474ACB
:1095D800216DD36C23F040530B43D364BDE8F8836B
:1095E80022F08051B1F1804F3FF429AFB2F1405FD2
:1095F8003FF425AF012635462CE722F48061B1F50A
:10960800805F3FF43CAFB2F5406F3FF438AF0126BE
:1096180035463FE722F40051B1F5004F3FF44FAF14
:10962800B2F5C04F3FF44BAF0126354652E7E26F23
:10963800B2F5807F00F0228106D922F48071B1F55D
:10964800007F03D0012098E7002AFBD1002DF9D133
:10965800264D301E696D18BF012021F440710A4360
:109668006A658AE73546002D40F0A4801F49606D81
:109678000A6D22F0070202430A651BE50121201D3D
:10968800FFF7ECFB23680546002D40F0DE80174904
:10969800E06E0A6D22F0405202430A65F2E50121AC
:1096A80004F12400FFF754FC23680546002D40F020
:1096B800DA800E49D4F884004A6D22F4401202433D
:1096C8004A6546E7022104F12400FFF741FC2368BC
:1096D8000546002D40F0C5800449D4F8A0008A6DE5
:1096E80022F4403202438A6521E700BF0044025851
:1096F800012104F12400FFF72BFC23680546002D07
:1097080040F0AD80AF49A06F4A6D22F038020243A5
:109718004A654CE6022104F12400FFF719FC23688E
:1097280000283FF425AF012622E7A74F3B6843F402
:1097380080733B60FAF70AFE804606E0FAF706FEF9
:10974800A0EB0800642800F27E813B68DA05F5D5B5
:10975800002D40F0A4819B4AD4F8B030116F5940D5
:1097680011F4407F0BD0116F106F21F4407140F459
:1097780080301067106F20F4803010671167B3F5E0
:10978800807F00F06E8103F44072B2F5407F00F0F4
:109798007C818C490A6922F47C520A61894AC3F3A4
:1097A8000B03116F0B4313672368CEE52E46C1E404
:1097B8002E469DE42E467DE42E4618E52E46DBE433
:1097C8000221201DFFF74AFB05462368002D53D1CF
:1097D8007C49E06CCA6C22F480320243CA64C4E655
:1097E8007849CA6A42F40032CA6277E47549CA6A9B
:1097F80042F40032CA6292E47249CA6A42F4003200
:10980800CA62AEE46F49CA6A42F40032CA62E4E44A
:109818002E465FE62E463DE66A49606CCA6C22F029
:1098280003020243CA648DE56649606F4A6D22F0FF
:10983800070202434A65D3E56249D4F890008A6D6D
:1098480022F0070202438A65E4E52E461AE52E4611
:1098580000E62E46ABE42E46E6E42E4602E52E460A
:10986800A5E52E4663E62E4673E65649CA6A42F4D3
:109878000032CA62002DABD02E4676E65148C16A46
:1098880041F40031C162002D7FF4DCAEE0E64D49C1
:10989800CA6A42F40032CA62002DE4D109E7201DE9
:1098A800FFF7DCFA05462368002DDAD114E7022118
:1098B80004F12400FFF74CFB05462368002DC6D1B0
:1098C800C0E54049CA6A42F40032CA62002D7FF4FA
:1098D80038ADA1E73B49CA6A42F40032CA62002D9A
:1098E800B3D1D4E6012104F12400FFF731FB05468A
:1098F8002368002DAFD190E4012104F12400FFF783
:1099080027FB05462368002DA7D1A3E4022104F113
:109918002400FFF71DFB05462368002D7FF47AAF6E
:10992800B0E5022104F12400FFF712FB0546236885
:10993800002D7FF46DAFC5E50221201DFFF78EFADB
:1099480005462368002D84D12AE4022104F124006D
:10995800FFF7FEFA236800283FF4D8AD0126D5E5C5
:10996800022104F12400FFF7F3FA236800283FF4EA
:10997800BFAD0126BCE5002104F12400FFF7E8FA99
:1099880023680546FFF7AABB2368FFF785BB0021BC
:1099980004F12400FFF7DCFA23680546FFF7BFBB94
:1099A800002104F12400FFF7D3FA23680546FFF7E6
:1099B800D8BB002104F12400FFF7CAFA2368054642
:1099C8000BE400BF00440258004802580021201D43
:1099D800FFF744FA2368054645E6002104F1240010
:1099E800FFF7B6FA236805463DE633493546CA6AA5
:1099F80042F40032CA6236E602212430FFF7A8FAA0
:109A08000646002E3FF43AABBEE70121201DFFF7C2
:109A180025FA05462368002D7FF4FBAC0CE70121ED
:109A2800201DFFF71BFA05462368002D7FF4D7ACED
:109A3800FAE60121201DFFF711FA05462368002DDB
:109A48007FF40DAF5EE60326236835467DE40126E4
:109A5800FFF722BB1848C16A41F40031C162FFF721
:109A680014BBFAF773FCDFF85080074641F28839D7
:109A780004E0FAF76BFCC01B4845E4D8D8F870300E
:109A88009B07F6D5D4F8B0307DE60B480B4A016940
:109A980002EA131221F47C510A4302617EE623682C
:109AA8002E4652E4012635464CE40126354697E415
:109AB80001263546AEE400BF00440258CFFFFF0040
:109AC80008B5FFF77DF9054B054A1B6AC3F3021376
:109AD800D35C03F01F03D84008BD00BF0044025800
:109AE800BC0B0108584B70B4996A9D6ADE6A15F47C
:109AF8007C3FC5F30532DC6B5CD0C4F3CC0406F0C4
:109B0800100601F0030106FB04F4012907EE904A50
:109B1800B8EEE77A03D0022975D000294FD007EEB6
:109B2800902ADFED4A6AF8EEE77A9B6B86EEA76A21
:109B38009FED475AC3F3080306EE903AF7EE005A32
:109B4800F8EEE66AE7EE056A76EEA56A66EE266A3C
:109B58003D4AB7EE006A936BC3F3462307EE103A0B
:109B6800B8EEC77A70BC37EE067AC6EE877AFCEE96
:109B7800E77AC0ED007A936BC3F3064307EE103A19
:109B8800B8EEC77A37EE067AC6EE877AFCEEE77A41
:109B9800C0ED017A936BC3F3066307EE903AF8EED3
:109BA800E77A77EE867A86EEA77ABCEEC77A80EDFA
:109BB800027A704770BCC0E9002282607047196859
:109BC800890627D51C6807EE902A2249F7EE005A25
:109BD8009B6BC4F3C102F8EEE77A9FED1D5AC3F3FD
:109BE8000803D14006EE903A06EE101AF8EEE66A3F
:109BF800B8EEC66AE7EE056A86EE277A76EEA56ABB
:109C080066EE876AA4E707EE902ADFED136AF8EE9E
:109C1800E77A8AE707EE902A9FED105A9B6BB7EE1A
:109C2800006AF8EEE77ADFED0A5AC3F30803C5EED7
:109C3800276A07EE903AF8EEE77AE7EE257A77EEAC
:109C4800867A66EEA76A83E7004402580024744ABD
:109C5800000000390090D0030024744B0024744C99
:109C6800584B70B4996A9D6ADE6A15F07C7FC5F31B
:109C780005525C6C5CD0C4F3CC0406F4807601F029
:109C8800030106FB04F4012907EE904AB8EEE77ACF
:109C980003D0022975D000294FD007EE902ADFEDB6
:109CA8004A6AF8EEE77A1B6C86EEA76A9FED475A78
:109CB800C3F3080306EE903AF7EE005AF8EEE66AA8
:109CC800E7EE056A76EEA56A66EE266A3D4AB7EEC5
:109CD800006A136CC3F3462307EE103AB8EEC77A4E
:109CE80070BC37EE067AC6EE877AFCEEE77AC0EDEE
:109CF800007A136CC3F3064307EE103AB8EEC77A3E
:109D080037EE067AC6EE877AFCEEE77AC0ED017A7E
:109D1800136CC3F3066307EE903AF8EEE77A77EE32
:109D2800867A86EEA77ABCEEC77A80ED027A70470B
:109D380070BCC0E90022826070471968890627D57F
:109D48001C6807EE902A2249F7EE005A1B6CC4F3F0
:109D5800C102F8EEE77A9FED1D5AC3F30803D1401C
:109D680006EE903A06EE101AF8EEE66AB8EEC66A03
:109D7800E7EE056A86EE277A76EEA56A66EE876ACA
:109D8800A4E707EE902ADFED136AF8EEE77A8AE790
:109D980007EE902A9FED105A1B6CB7EE006AF8EE9A
:109DA800E77ADFED0A5AC3F30803C5EE276A07EE20
:109DB800903AF8EEE77AE7EE257A77EE867A66EE5D
:109DC800A76A83E7004402580024744A0000003957
:109DD8000090D0030024744B0024744C584B70B48A
:109DE800996A9D6ADE6A15F47C7FC5F305125C6B7F
:109DF8005CD0C4F3CC0406F0010601F0030106FBB5
:109E080004F4012907EE904AB8EEE77A03D0022954
:109E180075D000294FD007EE902ADFED4A6AF8EE98
:109E2800E77A1B6B86EEA76A9FED475AC3F30803D0
:109E380006EE903AF7EE005AF8EEE66AE7EE056AA3
:109E480076EEA56A66EE266A3D4AB7EE006A136B9F
:109E5800C3F3462307EE103AB8EEC77A70BC37EE64
:109E6800067AC6EE877AFCEEE77AC0ED007A136BC5
:109E7800C3F3064307EE103AB8EEC77A37EE067A10
:109E8800C6EE877AFCEEE77AC0ED017A136BC3F36E
:109E9800066307EE903AF8EEE77A77EE867A86EE72
:109EA800A77ABCEEC77A80ED027A704770BCC0E929
:109EB8000022826070471968890627D51C6807EE5A
:109EC800902A2249F7EE005A1B6BC4F3C102F8EE40
:109ED800E77A9FED1D5AC3F30803D14006EE903A86
:109EE80006EE101AF8EEE66AB8EEC66AE7EE056AFC
:109EF80086EE277A76EEA56A66EE876AA4E707EE0D
:109F0800902ADFED136AF8EEE77A8AE707EE902ADF
:109F18009FED105A1B6BB7EE006AF8EEE77ADFED9B
:109F28000A5AC3F30803C5EE276A07EE903AF8EE1B
:109F3800E77AE7EE257A77EE867A66EEA76A83E710
:109F4800004402580024744A000000390090D003ED
:109F58000024744B0024744CB0F5807F00B585B0A4
:109F680048D0B0F5007F11D0B0F5806F00F0828046
:109F7800B0F5006F52D0B0F5805F2CD0B0F5002F4F
:109F880000F09680002005B05DF804FB534A136D7D
:109F980003F4E073802B59D012D9C02B26D0B3F527
:109FA800807FEFD1D36C13F040535BD0B3F1805F67
:109FB80000F08D80B3F1005F494818BF0020E2E748
:109FC800002B3CD0402BDDD101A8FFF78BFD019879
:109FD80005B05DF804FB414A136D03F4E043B3F5A3
:109FE800005F33D029D9B3F5405F58D13D4805B05B
:109FF8005DF804FB394B1B6D03F00703042BC1D834
:10A0080001A252F823F000BF47A00008D19F000822
:10A0180055A00008F59F000863A000082F4A936D1B
:10A0280003F0E063B3F1007F10D01DD9B3F1407F96
:10A03800DCD0B3F1806FB5D0A4E7002B34D101A8F0
:10A04800FFF7CCFE029805B05DF804FB01A8FFF706
:10A0580007FE019805B05DF804FB204BDB6C13F09C
:10A068004053A3D120488EE7002BE8D0B3F1807F7E
:10A07800AAD087E7194A936D03F46003B3F5800FFC
:10A08800E4D005D8002BDAD0B3F5001F9CD079E7CF
:10A09800B3F5C00FAAD0B3F5000F83D072E7B3F5BC
:10A0A800804F3FF47FAF6DE7B3F5805F8CD069E7F1
:10A0B8000A4A936D03F44033B3F5803F09D0B3F5F2
:10A0C800003F3FF46FAF002B7FF45CAF7CE707489D
:10A0D80059E701A8FFF7C4FD039854E70044025864
:10A0E8000024F4000080BB000090D00300093D006C
:10A0F80008B5FEF7ABFC064B06499B69064AC3F355
:10A108000323CB5C03F01F03D840106008BD00BFD9
:10A1180000440258BC0B010858000024F8B5016837
:10A128000546AC4B99421FD0203399421CD003F509
:10A138007873994258D02033994255D003F57873F3
:10A14800994200F01E812033994200F01A8195F857
:10A158009130A14E03F0FF026BB9284685F8902094
:10A16800F9F75CF9296806E09C4E95F8913003F000
:10A17800FF02002BF1D09A4B9A4A1B68A2FB0323DB
:10A188000A681B0B22F480329B000A6023B30C6818
:10A19800013B14F48034F9D1022385F89130EB683F
:10A1A800012B00F01081022B15BF0320232002276A
:10A1B800222715BF4FF0010C4FF0210C002220225E
:10A1C800AB68013B042B00F24B81DFE813F0CF00B2
:10A1D8001000D6000F00D200D5F89430012043F0CB
:10A1E8004003C5F89430F8BD7F4EBEE73A464FF4B9
:10A1F80000672B6A3260002B44D0764B994200F0FE
:10A208001E817A48081AB0FA80F04009002840F008
:10A218001681774B994200F00C812033994200F067
:10A228000881744B994200F0FE802033994200F077
:10A23800FA80714B994200F00881704B994200F006
:10A248000A81AB6900EB8000B3F5002F4FEA4003A9
:10A2580000F0E280AA6A296AB2F1806F0CBF02227C
:10A26800012201FB02F21202B3FBF2F3644AA2FBE1
:10A278000312D20802EB8201A3EB4103092B08BFAA
:10A2880001326A626B6833F002032B6D40F09680EE
:10A29800012B14BF4FF400740024FAF76FF8696CAF
:10A2A800B0F5005FD5E9003242EA0102A96C42EA42
:10A2B8000102E96C42EA0102E96A42EA01026969BB
:10A2C80042EA010272D3A96918680A43A96A0A43D3
:10A2D8004C490140196029690A4319680A43696AA7
:10A2E80042EA015248493A4322431A605A68286BA5
:10A2F8001140EA690243686B5960024359680A438E
:10A3080042495A609A6811406A6E9960E96D986886
:10A318000A43296E0A43696D01390A43A96D013957
:10A3280042EA012202434FF220009A60D968AA6EDD
:10A338000140D960E96ED8680A43696F42EA014270
:10A34800296F013942EA0122224902438B42DA602D
:10A3580019D0294A934216D000230122C5F8943017
:10A36800184685F8903085F89120F8BD4FF480673D
:10A378003FE702464FF400673BE762464FF4006749
:10A3880037E7234EF1E6736C23F00103736495F805
:10A398003830012BE0D1D5E90F23013A43EA021303
:10A3A8007364736C43F001037364D5E7A969186893
:10A3B8000A43184901401960A96A8DE7012B08BFB3
:10A3C8004FF4007469E7132012274FF0110C102284
:10A3D800F6E600BF045801400054005800580140F8
:10A3E800580000241BECCB95005C01402458014028
:10A3F800045C01400460014004540058245400588F
:10A40800CDCCCCCC10C005F0F01FFFFF0080F8FFCA
:10A418000060014010C005F82A6A696D01FB02F26C
:10A42800B3FBF2F322E74FF40070FFF795FD2968BC
:10A43800FFE64FF40070FFF78FFD2968F1E64FF44F
:10A448008070FFF789FD2968E3E64FF48060FFF725
:10A4580083FD2968F1E64FF40060FFF77DFDF0E623
:10A468000027C6E6022938B5044635D9C81E012892
:10A4780030D8002023676064E064E065A0664FF68A
:10A48800FF706067606830F002000CBF012500258E
:10A4980004294FF4003125650CBF01200D202166E9
:10A4A8004FF48021A0656166032A13D8DFE802F023
:10A4B800474E54362368484A934205D002F1C052A9
:10A4C800A2F58232934205D16368012B02D1636CF5
:10A4D800002B2FD0012038BD002023676064E06482
:10A4E800A066606830F0020014BF012000202065DB
:10A4F8004FF48030E0654FF6FF70606713F001009D
:10A50800E8D14D1E012D29D860664FF40030206631
:10A51800032ADFD8DFE802F05546362CE0215B013C
:10A528008022A1646365E266F9F728FF94F8383061
:10A53800012BBFD02046BDE83840FFF7EFBD802192
:10A548001B014022A1646365E266EDE780225B019E
:10A55800A2646365E266E7E7C021E0E720664FF49E
:10A5680080206066032AB5D8DFE802F02B1C0C02B5
:10A578005B08E02080219A01A0645B01E166C4E9E0
:10A588001523D1E75B08C022802502294FEA8310F2
:10A59800A2644FEA4313E5666065A365C4D1082346
:10A5A800A366C1E75B08802202294FEA8310A264F0
:10A5B8004FEA4313E266C4E91503B5D11023A36635
:10A5C800B2E75B08802040215A01A0641B01E166C4
:10A5D800C4E91523A8E700BF045801402DE9F84352
:10A5E8000F4604461546F9F7B1FE002F61D0B5FABB
:10A5F80085F84FEA5818002D5BD094F89130012B5C
:10A608005FFA83F950D194F89030012B4CD043462F
:10A61800C4F894800646D4F8800065F30F032268D6
:10A6280084F89090394665F31F43A7671C32E367A7
:10A638002B46122584F891502E4DC0F850800564A1
:10A648002D4DC5632D4DC564FBF700F800283ED19C
:10A65800636C082B636831D005216122023B012B12
:10A6680098BF1146226813690B431361136843F4BA
:10A678000033136006E0F9F769FE831BB3F57A7FB0
:10A688002AD82268556915F4E025F4D01368DB034D
:10A6980003D4136843F4803313600023994684F885
:10A6A80090304846BDE8F8834FF002094846BDE8B7
:10A6B800F8834FF001094846BDE8F88323F0020209
:10A6C800012A0BBF1521052171226122C6E74846E0
:10A6D80084F89080BDE8F883D4F894304FF00309EB
:10A6E80084F8905043F040034846C4F89430BDE8DD
:10A6F800F88300BF45A80008DDA70008C5A8000822
:10A70800F8B500294ED0B2FA82F513466D09002A31
:10A7180048D090F891200446012AD6B23FD190F84B
:10A728009020012A3BD081670A462946222780F8D3
:10A73800906063F30F01C0F8945063F31F41C16741
:10A74800D0F8840084F891701E4F216807641E4F6A
:10A758001C310565C7631D4FC764FAF777FF20BB37
:10A7680023681A68D20303D41A6842F480321A6044
:10A77800626C082A62681CD005216120023A012A0D
:10A7880098BF01461A6900200A4306461A611A68EA
:10A7980042F400321A6084F890003046F8BD022670
:10A7A8003046F8BD01263046F8BD304684F8905052
:10A7B800F8BD22F0020101290BBF152105217120E6
:10A7C8006120DBE7B5A8000851A80008C5A8000863
:10A7D800704700BF08B5C369806BB3F5807F1BD095
:10A7E80003684FF0000C416C1A680829A0F87EC075
:10A7F80022F400321A60426811D06FF0610C6FF0D9
:10A808000501023A012A98BF61461A694FF0010C06
:10A818000A401A6180F891C0FFF7DAFF08BD22F0FC
:10A82800020101290BBF6FF0710C6FF0610C6FF022
:10A8380015016FF00501E4E7704700BF806B08B5AC
:10A84800FFF7FAFF08BD00BF08B5C369806BB3F511
:10A85800807F1BD003684FF0000C416C1A680829F0
:10A8680022F400321A604268A0F87EC011D06FF05E
:10A87800610C6FF00501023A012A98BF61461A6916
:10A888004FF0010C0A401A6180F891C0F8F7CCFE2D
:10A8980008BD22F0020101290BBF6FF0710C6FF0A7
:10A8A800610C6FF015016FF00501E4E7806B08B5E6
:10A8B800F8F77EFE08BD00BF704700BF10B5846B77
:10A8C800FBF7CEFB022823D0D4F89420216842F06D
:10A8D8008002134B1348C4F894201B680A68A0FB35
:10A8E800030322F400321B0B0A600A689B0022F45F
:10A8F80080320A606BB10A68013BD203FAD40122A4
:10A908000023204684F89120A4F87E30FFF7D4FF76
:10A9180010BDD4F8943043F04003C4F89430EEE707
:10A92800580000241BECCB9518B338B590F82C30A0
:10A9380004460D4603F0FF02B3B12146022384F812
:10A948002C3051F8040B00F051F862682946206851
:10A9580000F08AF8084A01210020136843F00043F8
:10A96800136084F82C1038BD80F82D20F6F700FB12
:10A97800E3E70120704700BF0040005270B590F82F
:10A988002C300446022BD8B204D000F0FB06012E6E
:10A9980001D0012070BD02230D46206884F82C30B8
:10A9A80000F0AEF82B68022B03D0002084F82C604E
:10A9B80070BD0523002084F82C3070BD38B590F8A0
:10A9C8002C300446022BD8B205D094F82C30012B39
:10A9D800DDB201D0012038BD0223206884F82C3074
:10A9E80000F0A2F8002084F82C5038BD0B6810B491
:10A9F800D3B90468A3F500434A6823401343D1E957
:10AA0800024223431343D1E9044223431343D1E9C8
:10AA1800064223431343D1E9084223435DF8044B1C
:10AA280013430360002070470268D1E9074322F40A
:10AA3800F84222434C6A1A430A4B22430260426896
:10AA48001340D1E9014223431343D1E9034223438D
:10AA58001343D1E9054223435DF8044B1343436094
:10AA6800002070470080FFFF30B40ABB8368D1E93B
:10AA7800002403F07043013C013A43EA04131343F2
:10AA8800D1E90224013A013C43EA022343EA0432B1
:10AA9800D1E904348969013B013C013942EA0343A5
:10AAA80043EA045343EA016330BC836000207047E3
:10AAB8008268CC68114B013C13404A6943EA04336D
:10AAC800541E43EA0454D1E900258460C3686C1E0F
:10AAD800013A03F0704343EA04130C691A438B6884
:10AAE800013C8969013B013942EA032343EA0443F3
:10AAF80043EA016330BCC36000207047FF0F0FFFBB
:10AB08000246D1E9003010B403431469D1E90210B8
:10AB180023435DF8044B013943EA4023002043EA0C
:10AB280041131361704700BF0246054B002010B463
:10AB3800546923405DF8044B43EA41015161704771
:10AB480001C0FFFF022A82B0844613D00923019373
:10AB5800DCF80C30002023F47053CCF80C30019B47
:10AB6800DCF80C209B0203F470531343CCF80C3030
:10AB780002B07047224B234A0B44934207D9224B19
:10AB8800224A0B44934205D80E230193E0E70F2392
:10AB98000193DDE71E4B1F4A0B44934207D91E4B16
:10ABA8001E4A0B44934205D20C230193D0E70D2390
:10ABB8000193CDE71A4B1B4A0B44934202D80B234F
:10ABC8000193C5E7184B194A0B44934202D20A2352
:10ABD8000193BDE7164B174A0B449342B6D3164B65
:10ABE800164A0B44934202D208230193B0E7144B50
:10ABF800144A0B44934234BF072306230193A7E763
:10AC0800405327FFFF340C00401E1BFF3F420F003C
:10AC180000DC0BFF7F4F1200808CF9FE20D613005A
:10AC280060B6E5FE5FE3160000D3CEFE40771B005A
:10AC3800C05BB3FEC091210000CA91FE20753800A8
:10AC4800E05459FEE09C4100890182B000230A4A81
:10AC580041F020010193016103E0036913F020032F
:10AC680007D0019B013393420193F6D9032002B028
:10AC78007047184602B07047400D0300D0F80838F6
:10AC880082B003F006030193019838B101980228B5
:10AC980004D0019B062B0CBF02200F2002B0704786
:10ACA80030B44B780A78012B20D002F00F0C4FF407
:10ACB8008033D0F81C4800EB421203FA0CF323430C
:10ACC800C0F81C38D2F8003B1B040CD48B68D2F8AF
:10ACD800004BC3F30A03C8781449234343EA80436B
:10ACE8001943C2F8001B002030BC704700F500640F
:10ACF80002F00F0500EB4210AB40E5692B43E3611E
:10AD0800D0F800391C04EED48B68D0F80059C3F38E
:10AD18000A03CC7805492B4343EA844343EA825229
:10AD2800114330BCC0F800190020704700800010A3
:10AD38002DE9F0414B7891F800C0012B51D000EB80
:10AD48004C1C844CDCF8105B0CF530632C401C6107
:10AD5800814C1D692C401C614C6984B38D68012AA3
:10AD68007E4E2C4404F1FF34B4FBF5F406EAC44EDD
:10AD7800A4B205FB04F41D694EEA0505C4F31204E8
:10AD88001D611D6944EA05041C6125D0CB78012B9F
:10AD98000CD1D0F8083813F4807FDCF8003B0CBFE6
:10ADA80043F0005343F08053CCF8003BDCF8003B01
:10ADB80043F00443CCF8003B0020BDE8F0818C68E8
:10ADC800012A1D69C4F3120444EA05041C611C69C4
:10ADD80044F400241C61D9D1CA68002AD6D05A612B
:10ADE800D4E74D69002D3DD000EB4C14594ED1F8F5
:10ADF80008E0D4F81089584F08EA0606C4F8106924
:10AE080005EB0E06013EB6FBFEFED4F8106937408E
:10AE1800524EC4F8107906EACE46D4F810793E436B
:10AE2800C4F81069C5F31206D4F810793E43C4F883
:10AE3800106904F5106691F803E0BEF1010F57D0D0
:10AE4800012A72D0D4F800290CF00F0C42F0044209
:10AE580003FA0CF3C4F80029D0F834281343C0F8D7
:10AE68003438A9E700EB4C133B4E3A4C012AD3F88F
:10AE7800107906EA0706C3F81069D3F8106946F492
:10AE88000026C3F81069D3F8106904EA060403F52C
:10AE98001066C3F8104991F803E03AD0D3F8004996
:10AEA800BEF1010F44F00444C3F8004984D1D0F83E
:10AEB800083813F4807F33680CBF43F0005343F025
:10AEC80080533360002A7FF477AFADB20335AD0805
:10AED8003FF472AFCB6800EB0C3C03EB85010CF53B
:10AEE800805C53F8042B8B42CCF80020F9D163E73F
:10AEF8003369012A23F0C0433361336943F00053B7
:10AF0800336117D0D4F8003943F00443C4F800394A
:10AF1800CDE70B6963B9BEF1010F0ED0336800208D
:10AF280043F004433360BDE8F0810B69002BF5D092
:10AF38007361F0E70B69002BFAD1D0F8083813F4E5
:10AF4800807F33680CBF43F0005343F08053336075
:10AF5800E4E700BF0000F8FFFFFF07E00000F81F6C
:10AF6800F0B54C780B78012C26D000EB4310574CE9
:10AF7800D0F8105B00F530632C401C61544C1D69FF
:10AF88002C401C614C69A4B98C681D69C4F3120477
:10AF9800012A45F400251D611D6944EA05041C6168
:10AFA80049D0D0F8003B43F00443C0F8003B0020F0
:10AFB800F0BD8C684C61E8E74C69002C40D000EB90
:10AFC8004315424FD1F808E0D5F810C9404E7445F2
:10AFD8000CEA070705F5106CC5F81079D5F8107953
:10AFE80006EA0706C5F8106958D9DCF81040012AA6
:10AFF800C1F814E044F40024CCF81040CEF3120455
:10B00800DCF8106044EA0604CCF810403AD0D5F8D1
:10B01800002942F00442C5F80029BEF1000FC6D04D
:10B0280003F00F010123D0F834288B401343C0F8F4
:10B0380034380020F0BDCA68002AB2D05A61B0E79F
:10B0480000EB4310224B012AD0F8104900F5106C90
:10B0580003EA0403CCF81030DCF8103043F4002382
:10B06800CCF81030194BDCF8104003EA0403CCF894
:10B07800103007D0D0F8003943F00443C0F8003945
:10B088000020F0BD0B690BB1CCF81430DCF80030AF
:10B09800002043F00443CCF80030F0BDDCF8106029
:10B0A800C4F31204012A46F40026CCF81060DCF838
:10B0B800106044EA0604CCF81040E3D0D5F8002923
:10B0C80042F00442C5F80029AAE700BF0000F8FFD3
:10B0D800FFFF07E010B49DF8044064B903339B08F0
:10B0E80009D0013201EB830300EB023051F8042B45
:10B0F8008B420260FAD100205DF8044B704700BF14
:10B10800033292080AD000F5805C01EB8200DCF87B
:10B11800003041F8043B8842F9D17047084670472F
:10B128004A780B78012A00EB43100CD0D0F8002B9A
:10B138000BB1002A14DAD0F8003B43F40013C0F82E
:10B14800003B00207047D0F80029002A00DB73B9C3
:10B15800D0F8003943F40013C0F8003900207047D4
:10B16800D0F8003B23F08043C0F8003BE3E7D0F879
:10B17800003923F08043C0F80039D0F8003943F48F
:10B188000013C0F80039E9E74A780B78012A00EB88
:10B19800431013D0D0F8003B23F40013C0F8003B51
:10B1A800CB78023B012B01D900207047D0F8003B37
:10B1B80043F08053C0F8003B00207047D0F80039B6
:10B1C80023F40013C0F80039CB78023B012BEBD8ED
:10B1D800D0F8003943F08053C0F800390020704798
:10B1E800034609010020D3F8002801F4FE6122F487
:10B1F800FE62C3F80028D3F800281143C3F80018EA
:10B20800704700BF82B0436901938269019B134074
:10B218000193019802B0704782B0D0F818380193B2
:10B22800D0F81C28019B134001930198000C02B030
:10B23800704700BF82B0D0F818380193D0F81C28A6
:10B24800019B13400193019880B202B0704700BF80
:10B2580000EB411182B0D1F8083B0193D0F81428D3
:10B26800019B13400193019802B0704784B0D0F855
:10B27800103801F00F0C00EB41110293D0F834386C
:10B288000393039B029A23FA0CF3DB01DBB213430B
:10B298000293D1F80839029A13400193019804B037
:10B2A800704700BF406900F001007047D0F80019EE
:10B2B80000F500630A4A0A40C0F800299A6802F0BB
:10B2C8000602042A05D1D0F8002942F00302C0F88A
:10B2D80000295A68002042F480725A60704700BF03
:10B2E80000F8FFFF144B10B4046C9C421AD800F508
:10B2F8003060002301290361036943F400230361DB
:10B30800036943F018030361036943F0C043036111
:10B3180004D14261036843F08023036000205DF894
:10B32800044B7047D0F8003B00F53060002BE0DAA2
:10B3380000205DF8044B70470A30544FD0F80024C1
:10B3480001F00303012900F5806C22F00302C0F824
:10B358000024D0F8002443EA0203C0F8003409D0DE
:10B36800022901D00020704741F270730020CCF808
:10B37800043070474BF680330020CCF80430704717
:10B38800D0F8140480B2704700EB4111002382B05A
:10B3980001F5A0620193D1F8003513F4802FD1F89C
:10B3A800003543F08043C1F8003522D1C36A13F455
:10B3B8007F0FD1F8003523D123F00043C1F80035C1
:10B3C800D1F8003543F00043C1F80035D1F8003515
:10B3D80023F40043C1F8003502E01368002B13DAA8
:10B3E800019B0133B3F57A7F0193F6D9002002B0AF
:10B3F8007047D0F8103413F47F0FD1F8003506D019
:10B4080043F00043C1F80035002002B0704723F034
:10B418000043C1F80035D1F8003543F00043C1F8C6
:10B428000035D1F8003523F40043C1F8003502E0B7
:10B438001368002BE8DA019B0133B3F57A7F019397
:10B44800F6D9002002B0704730B4002484B04FF41D
:10B458008465AA4A00940146836823F00103836047
:10B468000394056102E00B69980604D5039B013338
:10B4780093420393F7D900201023A04A02900B614E
:10B4880002E00B69DB0604D5029B01339342029369
:10B49800F7D9D1F8003501F5A06201F5E060019314
:10B4A800019B43F080430193019B23F000430193E8
:10B4B800019B23F400430193019BC1F80035D1F8A7
:10B4C80020350193019B43F080430193019B23F0B6
:10B4D80000430193019B23F400430193019BC1F8AE
:10B4E8002035D1F840350193019B43F08043019307
:10B4F800019B23F000430193019B23F40043019334
:10B50800019BC1F84035D1F860350193019B43F0A8
:10B5180080430193019B23F000430193019B23F493
:10B5280000430193019BC1F86035D1F88035019340
:10B53800019B43F080430193019B23F00043019357
:10B54800019B23F400430193019BC1F88035D1F896
:10B55800A0350193019B43F080430193019B23F0A5
:10B5680000430193019B23F400430193019BC1F81D
:10B57800A035D1F8C0350193019B43F08043019376
:10B58800019B23F000430193019B23F400430193A3
:10B59800019BC1F8C035D1F8E0350193019B43F018
:10B5A80080430193019B23F000430193019B23F403
:10B5B80000430193019BC1F8E035D1F800360193AF
:10B5C800019B43F080430193019B23F000430193C7
:10B5D800019B23F400430193019BC1F80036D1F885
:10B5E80020360193019B43F080430193019B23F094
:10B5F80000430193019B23F400430193019BC1F88D
:10B608002036D1F840360193019B43F080430193E3
:10B61800019B23F000430193019B23F40043019312
:10B62800019BC1F84036D1F860360193019B43F085
:10B6380080430193019B23F000430193019B23F472
:10B6480000430193019BC1F86036D1F8803601931D
:10B65800019B43F080430193019B23F00043019336
:10B66800019B23F400430193019BC1F88036D1F874
:10B67800A0360193019B43F080430193019B23F083
:10B6880000430193019B23F400430193019BC1F8FC
:10B69800A036D1F8C0360193019B43F08043019353
:10B6A800019B23F000430193019B23F40043019382
:10B6B800019BC1F8C036D1F8E0360193019B43F0F5
:10B6C80080430193019B23F000430193019B23F4E2
:10B6D80000430193019BC1F8E03613680193019B75
:10B6E80043F080430193019B43F000430193019B86
:10B6F80023F400430193019B136004E0400D030011
:10B708001368002B05DA009B0133B3F57A7F0093A9
:10B71800F6D920328242E0D14FF0FF330020C1F841
:10B7280014344B618B6843F001038B6004B030BC68
:10B73800704700BF08B5D0F88C321BB11B6898471A
:10B7480000B908BD022008BD08B5D0F88C325B6886
:10B758009847002008BD00BF38B500F5207504469D
:10B76800284600F07DFB0122B4F8863294F8801256
:10B77800C4E99B2301F01F03934209D0022B13D085
:10B7880063B101F080012046F8F746FC002038BD7F
:10B798002946204600F092FA002038BD2946204666
:10B7A80000F00AF9002038BD2946204600F0BAFA10
:10B7B800002038BD38B5054669B91346D0F86C2263
:10B7C800032A15D0052A0C460ED1C5F86C12F8F7D5
:10B7D80023FC204638BDD0F88C329B6933B190F8F1
:10B7E8007422032A02D19847002038BD022038BDB0
:10B7F800D0E9531291420CD9891A8A42C0F84C11E7
:10B8080088BF8AB2194698BF92B200F055FB002053
:10B8180038BDD0F88C321B691BB190F87422032A0A
:10B8280004D0284600F052FB002038BD9847F8E7BE
:10B8380070B5044661B9D0F86C32022B15D033F0DC
:10B84800040337D094F87832012B2ED0002070BD35
:10B85800D0F88C325B6933B190F87422032A02D194
:10B868009847002070BD022070BDD0E908630D46DE
:10B878009E4223D8C669B6FBF3F203FB12620AB9EB
:10B88800B34228D9D4F88C32DB681BB194F87422FF
:10B89800032A30D080212046F8F7BEFB204600F06E
:10B8A80021FB94F87832012BD0D10023184684F874
:10B8B800783270BD8021F8F7AFFBC3E7F31A114661
:10B8C80003629AB200F0EEFA2B462A462946204631
:10B8D800F8F7EEFBB6E7D0F870329E42D2D20A46AD
:10B8E80000F0E0FA2B462A4629462046C4F8705252
:10B8F800F8F7DEFBA6E720469847CBE770B50022AD
:10B9080040260446012511463346F8F773FB3346B3
:10B91800802100222046C4F84451C4F85061F8F749
:10B9280069FB0021D4F89032A561666284F87452EC
:10B93800C4F86C126160C4F87C1223B1D4F88C325C
:10B9480020465B689847002070BD00BF0346002072
:10B958001974704703460421002093F8742283F871
:10B96800741283F8752270470346002093F87522F5
:10B9780083F87422704700BF90F87422032A01D01C
:10B988000020704708B5D0F88C32DB6903B19847BE
:10B99800002008BD00207047002070470020704735
:10B9A800D0F88C22012108B580F874120179536807
:10B9B8009847002008BD00BF30B50B7883B00D460E
:10B9C800044603F06003202B0DD0402B0BD09BB115
:10B9D80080212046F8F720FB00212046F8F71CFBC1
:10B9E800002003B030BDD4F88C32294620469B682D
:10B9F8009847002003B030BD4B78092BE8D801A246
:10BA080052F823F067BA000893BA0008D9B90008B9
:10BA1800B1BA0008D9B90008B9BA0008F1BA0008E3
:10BA2800D9B9000821BB000835BA00088978A24DA9
:10BA380001292970CCD890F87432022B00F01281B9
:10BA4800032B00F000818021F8F7E6FA0021204658
:10BA5800F8F7E2FA29782046FFF776FEC0E790F873
:10BA68007432013B022BB3D8CB88022BB0D1012210
:10BA7800D0F87C32C2600BB10323C360022204F108
:10BA88000C01204600F000FAAAE790F87432013B56
:10BA9800022B9DD84B88012BA2D100232046C4F845
:10BAA8007C3200F013FA9BE74B88012B98D1F5E71D
:10BAB8008B88002B8CD1CB88002B89D14D887F2D8A
:10BAC80086D890F87432032B82D0E9B280F87612C7
:10BAD800F8F7D2FA204600F0F9F9002D00F0E080DE
:10BAE800022384F874327BE74A88130A013B062B49
:10BAF8003FF66EAF01A151F823F000BFB5BB0008B7
:10BB08009DBB00088BBB0008D9B90008D9B900084B
:10BB180075BB000847BB0008CA88012A7FF458AFE4
:10BB280090F87432022B00F28780002B3FF450AF5C
:10BB38000146002341F8083F00F0A6F950E7037CCE
:10BB4800002B7FF445AFD0F88C320DF106001B6B4B
:10BB5800984707234370BDF80620002A67D0EB8872
:10BB6800002B5BD1204600F0B1F939E7037C002BAC
:10BB78007FF42EAFD0F88C320DF106005B6B98473E
:10BB8800E9E7D1B2052900F28F80DFE801F0271F2D
:10BB980017372F3F037C002B72D1D0F88C320DF170
:10BBA80006009B6A984702234370D4E7D0F888328E
:10BBB8000DF10601007C1B689847CCE7D0F8883265
:10BBC8000DF10601007CDB689847C4E7D0F888329D
:10BBD8000DF10601007C9B689847BCE7D0F88832D5
:10BBE8000DF10601007C5B689847B4E7D0F888320D
:10BBF8000DF10601007C5B699847ACE7D0F8883204
:10BC08000DF10601007C1B699847A4E7D0F888323B
:10BC18000DF10601007C9B6998479CE79A42014612
:10BC2800204628BF1A46ADF8062000F02DF9EB880B
:10BC3800002B7FF4D5AE95E7032B7FF4C9AE011D29
:10BC480000F022F9CCE621B3416801298AD0C9B2B3
:10BC5800FFF77AFD297820466160FFF76BFD02281F
:10BC680080D1B5E600293FF47DAF0121032341606F
:10BC780080F87432FFF75EFD02287FF473AFA7E601
:10BC8800D0F88C320DF10600DB6A98470223437026
:10BC980061E70223416080F87432FFF755FD61E7E0
:10BCA800012384F874329BE6D0F88C320DF1060239
:10BCB8009B6B98474FE700BF28F2052438B50B78EF
:10BCC8000D46044603F06002402A0AD05B0608D5F8
:10BCD8008021F8F7A1F900212046F8F79DF9002006
:10BCE80038BD94F87432013B022B11D82B79012B03
:10BCF8000ED8D4F88C32294620469B689847EB88A2
:10BD0800002BECD10028EAD1204600F0DFF8E6E766
:10BD180080212046F8F780F900212046F8F77CF9C1
:10BD2800002038BD38B50B78044603F06003202B9B
:10BD38000CD0402B0AD083B180212046F8F76CF94B
:10BD480000212046F8F768F9002038BDD4F88C3275
:10BD580020469B689847002038BD4B788A88012B7D
:10BD68005FFA82FC37D0032B23D0002BE4D190F864
:10BD78007432022B4AD0032BDED10CF00F031206CB
:10BD880003EB830300EB830351D4D3F84431002B36
:10BD9800D2D00CF07F03142505FB030505F5A0752B
:10BDA800002B4FD12B6002222946204600F06CF868
:10BDB800CAE790F87432022B1DD0032BBCD14B88F4
:10BDC8002BB91CF07F0F02D0CB88002B43D0204624
:10BDD80000F07CF8B8E790F87432022B0BD0032BF4
:10BDE800AAD14B88002BAFD11CF07F0FEFD0614652
:10BDF800F8F720F9EBE71CF07F0F9DD06146F8F7C4
:10BE08000BF980212046F8F707F99DE71CF07F0F12
:10BE180092D111064FF000034FF002024CBF00F11F
:10BE2800140100F5A0710B6000F02EF88CE79B69F7
:10BE3800002B81D00CF07F035D1C05EB850500EB22
:10BE48008505ADE761462046F8F702F908B10123F8
:10BE5800A8E72860A7E76146F8F7DEF8B7E700BF6C
:10BE68000B7803704B784370CA788B7803EB022306
:10BE780043804A790B7903EB02238380CA798B7953
:10BE880003EB0223C380704710B5134602240A4609
:10BE98000021C0F86C42C0E90733F8F7FBF800202E
:10BEA80010BD00BF8C46002108B513466246F8F75E
:10BEB800F1F8002008BD00BF8C46002108B51346E4
:10BEC8006246F8F7F5F8002008BD00BF08B5042160
:10BED8000023C0F86C121A461946F8F7DBF8002060
:10BEE80008BD00BF08B505210023C0F86C121A462A
:10BEF8001946F8F7DDF8002008BD00BFD0F8C423C4
:10BF08000132C0F8C42302780B2A00D07047D0F859
:10BF18007C33002BFAD09B69184700BF012380F8B7
:10BF280023337047002380F82333704703460022E9
:10BF38000121104683F8201383F8212383F8222354
:10BF4800704700BF38B501230025044680F8213327
:10BF580080F8235380F82053F8F7CEF8217920464B
:10BF680000F006F86179204600F002F8284638BD4E
:10BF78000A2907D800EB8100D0F88433C3F30E03F5
:10BF8800C0F88433002070470C4A82B00C4BD2F8BA
:10BF9800DC1041F04001C2F8DC10D2F8DC2002F0DD
:10BFA80040020192019A1A6822F020021A601A6867
:10BFB80042F004021A6002B0704700BF0044025801
:10BFC8000018024870B5002304464FF4806204212B
:10BFD8004FF440353448C4F83821C4F8D410C4F8B4
:10BFE8003431C4F84C113149C4F8B000C4F82811F0
:10BFF800C4E92F32C4E93133C4E93335C4E93733EE
:10C00800C4E94F33C4E95135C4E95533A268032361
:10C01800C4F8D830C4F85031042A0AD8DFE802F04E
:10C028001F262D34030055225623C4F8B420C4F823
:10C038002C310022402304F1B005C4F8B82028466A
:10C04800C4F83031F9F744F908B1FFBEFEE704F54A
:10C0580094763046F9F73CF9E8B1FFBEFEE72522B1
:10C068002623C4F8B420C4F82C31E2E72722282379
:10C07800C4F8B420C4F82C31DBE73D223E23C4F8D1
:10C08800B420C4F82C31D4E753225423C4F8B42084
:10C09800C4F82C31CDE704F12803C4E92865C4F8B5
:10C0A800E830C4F8603170BD4004024058040240D2
:10C0B8002DE9F04F814683B00E4617461D4600F124
:10C0C8002804204602F006FD01288246F9D1484698
:10C0D800FFF778FF8046002835D1EFF310830193EE
:10C0E80072B6DFF888B00C9B99F90820DFF880A0B9
:10C0F800DFF88090CBF800300D9B89F80020CAF853
:10C1080000300DB11846A847BAB23146204602F0B1
:10C1180057F830B9019B03B962B6404603B0BDE891
:10C12800F08F0023CBF80030CAF80030FF2389F8DD
:10C1380000300C9B8BB101210D9888469847019BD4
:10C14800002BEAD1E8E70C9B53B1D0460D98514635
:10C158009847404603B0BDE8F08F4FF00108D9E793
:10C16800D046404603B0BDE8F08F00BF4CFC052424
:10C1780054FC052450FC05242DE9F04F814683B07A
:10C188000E4617461D4600F12804204602F0A2FC80
:10C1980001288246F9D14846FFF714FF8046002857
:10C1A80035D1EFF31083019372B6DFF888B00C9B9A
:10C1B80099F90820DFF880A0DFF88090CBF80030EC
:10C1C8000D9B89F80020CAF800300DB11846A84721
:10C1D800BAB23146204602F0B7F930B9019B03B92B
:10C1E80062B6404603B0BDE8F08F0023CBF80030BC
:10C1F800CAF80030FF2389F800300C9B8BB101216D
:10C208000D9888469847019B002BEAD1E8E70C9BDC
:10C2180053B1D0460D9851469847404603B0BDE803
:10C22800F08F4FF00108D9E7D046404603B0BDE88B
:10C23800F08F00BF4CFC052454FC052450FC052459
:10C248002DE9F04F814683B00F461646984600F117
:10C258002804204602F03EFC0128FAD182464846CE
:10C26800FFF7B0FE0546002838D1EFF3108301939D
:10C2780072B699F90830DFF88890DFF888B089F845
:10C2880000300D9BDFF880A0CBF800300E9BCAF879
:10C2980000300C9B0BB10E9898471FFA88F33A466A
:10C2A8003146204602F044F830B9019B03B962B622
:10C2B800284603B0BDE8F08F0023CBF80030CAF859
:10C2C8000030FF2389F800300D9B8BB101210E98B7
:10C2D8000D469847019B002BEAD1E8E70D9B4BB12F
:10C2E80055460E9851469847284603B0BDE8F08F4A
:10C2F8000125DAE75546284603B0BDE8F08F00BFB0
:10C3080050FC05244CFC052454FC05242DE9F0437D
:10C31800002387B00222044605690493CDE902236D
:10C32800D0E902128E00FAB1022D7AD02178B5FA3E
:10C3380085F54FF00108276A0B294FEA551521D1D9
:10C34800A2780B2A02D0B8F1000F38D123790B2B31
:10C3580001D0002D6CD1A37917B10B2B40F0998037
:10C36800002007B0BDE8F08335F002032178276A82
:10C378000CBF4FF001084FF00008023D18BF01251F
:10C388000B29DDD07D4B94F801C053F82620107896
:10C398000B2802D0884200F0AD80D378D01C994297
:10C3A80002D10B2B40F0BD809379901D8B4202D1B6
:10C3B8000B2B40F0BC80012007B0BDE8F083711C56
:10C3C8006E4BE07853F8213019780B2902D08A4255
:10C3D80000F0B580D97803F1030C0B2902D08A420A
:10C3E80000F0BB80997903F1060C0B29E3D08A424F
:10C3F800E1D1DB798342DED1634604F102099B78FF
:10C4080048460593F7F786FE80464846F7F78AFEC2
:10C4180001A901904046F9F725FE23790B2B98D105
:10C4280099E70178076A0B2940F0868001258DE796
:10C43800B11C524A607952F8212011780B2902D098
:10C448008B4200F08180D178D51C0B2902D08B4219
:10C4580000F08D809179951D8B42ACD10B29AAD023
:10C46800D3798342A7D12A46251D93782846059378
:10C47800F7F750FE034628461D46F7F753FE01A975
:10C4880001902846F9F7EEFDA379002F7FF465AFF8
:10C4980066E7F11C394AE07952F8212011780B2916
:10C4A80001D08B425FD0D178D51C0B2901D08B42AB
:10C4B8004FD09179951D8B427FF47DAF0B293FF4C6
:10C4C8007AAFD37983427FF476AF2A46A51D937855
:10C4D80028460593F7F71EFE04462846F7F722FE7E
:10C4E800034601A920460193F9F7BCFD002007B0D7
:10C4F800BDE8F083537863457FF44FAF93782046C7
:10C508000593F7F707FE81462046F7F70BFE01A9CA
:10C5180001904846F9F7A6FDA2780B2A7FF413AFDD
:10C5280014E7137963457FF43FAF0246E6E7D37912
:10C5380063457FF440AFF8E79846012522E759782C
:10C5480081427FF447AF58E7517881427FF47BAF4F
:10C558008AE711798142ACD1B7E7197981427FF432
:10C5680041AF634649E7517881429CD1AEE71179E2
:10C5780081427FF46FAF2A4676E700BF300C01088E
:10C58800654A0368934200F0B980A2F57842934265
:10C5980000F0B68002F58062934200F0B38002F5A5
:10C5A8007842934200F0B08002F5E052934200F0E6
:10C5B800AD805A4A934240F0AB8005234FF4D071C6
:10C5C800574A01FB03F310B5D418D05C86B0F7F7CF
:10C5D800B1FDA078F7F7AEFD2079F7F7ABFDA079AC
:10C5E800F7F7A8FDA368052B11D8DFE803F0192F8A
:10C5F800455B71034B4BD3F8F42042F02002C3F89B
:10C60800F420D3F8F43003F020030593059B20466B
:10C61800FFF77CFE012801D006B010BDFFBEFEE783
:10C62800404B00222320D3F8F01041F48051C3F886
:10C63800F0101146D3F8F03003F480530093009BB8
:10C64800F8F794FC2320F8F7CFFCE0E7354B0022FD
:10C658002420D3F8E81041F48041C3F8E8101146CB
:10C66800D3F8E83003F480430193019BF8F77EFC8C
:10C678002420F8F7B9FCCAE72A4B00223320D3F864
:10C68800E81041F40041C3F8E8101146D3F8E83047
:10C6980003F400430293029BF8F768FC3320F8F791
:10C6A800A3FCB4E71F4B00225420D3F8F01041F448
:10C6B8000051C3F8F0101146D3F8F03003F40053DA
:10C6C8000393039BF8F752FC5420F8F78DFC9EE780
:10C6D800144B00225520D3F8F01041F48011C3F810
:10C6E800F0101146D3F8F03003F480130493049B40
:10C6F800F8F73CFC5520F8F777FC88E700235DE75E
:10C7080001235BE7022359E7032357E7042355E78F
:10C7180000231B78FFDE00BF0030014000140058E2
:10C728002CF20524004402582DE9F043002289B078
:10C738001B4B01210DF1040C9E461A4B0791E14653
:10C74800E04667460EF11C060EF138050EF154045A
:10C75800CDE90122CDE90322CDE90522FF221A7095
:10C76800BCE80F00AEE80F009CE807008EE8070061
:10C77800B9E80F000FC69CE8070086E80700B8E88C
:10C788000F000FC59CE8070085E807000FCF0FC40E
:10C798009CE8070084E8070009B0BDE8F08300BF03
:10C7A8002801002450FC0524014802F067B800BFA6
:10C7B80054F20524014802F061B800BFF4F30524DF
:10C7C800014802F05BB800BF94F50524014802F067
:10C7D80055B800BF34F70524014802F04FB800BF30
:10C7E800D4F8052410B5EFF3108472B6084B1A7804
:10C7F800120602D504B962B610BD1B784FF4D07288
:10C8080004485BB202FB0300B030F9F7D9F8F1E74E
:10C8180050FC05242CF2052410B5EFF3108472B6F1
:10C82800094B1A78120602D504B962B610BD1B78F6
:10C838004FF4D07205485BB202FB030000F5947018
:10C84800F9F7BEF8F0E700BF50FC05242CF20524E8
:10C858002DE9F04184B0EFF3108772B6284AFF2122
:10C86800284C1368217023B100211160264A1068F2
:10C87800984723781B061CD5DFF894800025234EA3
:10C888004446216879B162686AB1A369012B22D054
:10C89800A3B963693046019323690093E368228949
:10C8A800FFF76AFC18B301351C3406F5D076042D61
:10C8B800E7D107B962B604B0BDE8F081D4E9043025
:10C8C800CDE90130E068238900903046FFF7B8FCD5
:10C8D8000028E8D10BE0D4E904301146CDE9003056
:10C8E8003046E3682289FFF7E3FB0028DBD1C5EB7C
:10C8F800C50508EB850348F825005860D9E700BF4F
:10C908004CFC052450FC052454FC05242CF2052479
:10C91800280100242DE9F04184B0EFF3108772B6A6
:10C92800284AFF21284C1368217023B10021116087
:10C93800264A1068984723781B061CD5DFF8948090
:10C948000025234E4446216879B162686AB1A3691B
:10C95800012B22D0A3B96369304601932369009360
:10C96800E3682289FFF708FC18B301351C3406F583
:10C97800D076042DE7D107B962B604B0BDE8F081DE
:10C98800D4E90430CDE90130E068238900903046CD
:10C99800FFF756FC0028E8D10BE0D4E90430114633
:10C9A800CDE900303046E3682289FFF781FB002893
:10C9B800DBD1C5EBC50508EB850348F825005860B1
:10C9C800D9E700BF4CFC052450FC052454FC052481
:10C9D8002CF20524280100242DE9F04184B0EFF35E
:10C9E800108772B6284AFF21284C1368217023B19A
:10C9F80000211160264A1068984723781B061CD529
:10CA0800DFF894800025234E4446216879B1626896
:10CA18006AB1A369012B22D0A3B963693046019397
:10CA280023690093E3682289FFF7A6FB18B3013551
:10CA38001C3406F5D076042DE7D107B962B604B0E8
:10CA4800BDE8F081D4E90430CDE90130E0682389FC
:10CA580000903046FFF7F4FB0028E8D10BE0D4E95A
:10CA680004301146CDE900303046E3682289FFF7EB
:10CA78001FFB0028DBD1C5EBC50508EB850348F88B
:10CA880025005860D9E700BF4CFC052450FC05245C
:10CA980054FC05242CF20524280100242DE9F0413A
:10CAA80084B0EFF3108772B601F0DCFA284A294CFB
:10CAB800FF21136821702BB1002111600121264A42
:10CAC8001068984723781B061CD5DFF8948000254A
:10CAD800224E4446216879B162686AB1A369012B84
:10CAE80022D0A3B963693046019323690093E368B0
:10CAF8002289FFF741FB18B301351C3406F5D076BF
:10CB0800042DE7D107B962B604B0BDE8F081D4E9D5
:10CB18000430CDE90130E068238900903046FFF702
:10CB28008FFB0028E8D10BE0D4E904301146CDE9A9
:10CB380000303046E3682289FFF7BAFA0028DBD1D3
:10CB4800C5EBC50508EB850348F825005860D9E70B
:10CB58004CFC052450FC052454FC05242CF2052427
:10CB68002801002430B4544B002108220220534CE1
:10CB7800D9615862C3F8BC11C3F8C401C3F85C1387
:10CB8800C3F86403C3F8F424C3F8F814C3F8FC1416
:10CB9800C3F80405C3F89426C3F89816C3F89C167E
:10CBA800C3F8A406C3F83428C3F83818C3F83C18E7
:10CBB800C3F84408424D4348C3E90521C3E96D2140
:10CBC800C3E9D5212288A3783F49EA80CA800B723D
:10CBD8003E492B72CA800B722168A0F8032043716A
:10CBE800C28003723A4C3B48E2802372A0F80320CB
:10CBF800394C4371C28003723848E2802372A0F82E
:10CC08000320374C4371C2800372080C2180A07046
:10CC1800A4F803206371E2802372324C324D2180E4
:10CC2800A070A4F803206371E28023722F4CEA807D
:10CC380021802B72A070A4F803206371E280237214
:10CC48002B4C2180A070A4F803206371E28023722A
:10CC5800284C2180A070A4F803206371E28023721D
:10CC6800254C2180A070A4F803206371E280237210
:10CC7800224C2180A070A4F803206371E280237203
:10CC88001F4C21801F49A070A4F803201E4863711F
:10CC9800E2802372A1F803201C4C4B71CA800B72EE
:10CCA8001B49E2802372C2800372A1F803204B71F2
:10CCB800CA800B7230BC70472CF205242C0C01087A
:10CCC800B0000024D4000024A4000024680000243C
:10CCD800BC000024F8000024E000002480000024A8
:10CCE8001CFC052404FC0524EC00002410FC05248D
:10CCF800ECFB052440FC052428FC052434FC052411
:10CD0800F8FB05241C010024100100240401002460
:10CD18008C000024714A036811698B4200B587B002
:10CD28004BD0916E8B4200F0B680D2F8C0108B4287
:10CD380000F0B380D2F818118B4200F0B080B3F144
:10CD4800804F1ED0664A93420DD0664A934200F047
:10CD5800A880654A934200F0B280644A93421ED08C
:10CD680007B05DF804FB624BD3F8E82042F00202FA
:10CD7800C3F8E820D3F8E83003F002030293029BDB
:10CD8800EEE75B4BD3F8E82042F00102C3F8E82055
:10CD9800D3F8E83003F001030193019BE0E7544B1B
:10CDA800D3F8E82042F01002C3F8E820D3F8E830BE
:10CDB80003F010030593059BD2E700205821B3F137
:10CDC800804F01FB0022127B1ED045498B4235D093
:10CDD80044498B4248D044498B42BED1444BD3F896
:10CDE800E81041F00801C3F8E810D3F8E83003F080
:10CDF80008030493049B002AB2D0322000220F219A
:10CE0800F8F7B4F8322014E0394BD3F8E81041F0C1
:10CE18000101C3F8E810D3F8E83003F001030193E7
:10CE2800019B002A9CD01C2000220F21F8F79EF8B5
:10CE38001C2007B05DF804EBF8F7D6B82C4BD3F8F4
:10CE4800E81041F00201C3F8E810D3F8E83003F025
:10CE580002030293029B002A82D01D2000220F2188
:10CE6800F8F784F81D20E4E7214BD3F8E81041F0E7
:10CE78000401C3F8E810D3F8E83003F0040303937F
:10CE8800039B002A3FF46CAF1E2000220F21F8F705
:10CE98006DF81E20CDE7012090E702208EE70320E1
:10CEA8008CE7134BD3F8E82042F00402C3F8E820DB
:10CEB800D3F8E83003F004030393039B50E70C4BCB
:10CEC800D3F8E82042F00802C3F8E820D3F8E830A5
:10CED80003F008030493049B42E700BF58FC0524B1
:10CEE8000004004000080040000C00400010004012
:10CEF800004402580F4B026819698A420BD0996E98
:10CF08008A4211D0D3F8C0108A420FD0D3F8181132
:10CF18008A420DD070470021582202FB01331A6D56
:10CF2800002AF7D0586D10470121F5E70221F3E7F1
:10CF38000321F1E758FC0524014801F065BF00BF53
:10CF480068FC0524014801F05FBF00BFC0FC052450
:10CF5800014801F059BF00BF18FD0524014801F040
:10CF680053BF00BF70FD0524F0B54FF0580C0F6893
:10CF78002E4D8DB00CFB07FC032F05EB0C0606604D
:10CF880047DC0B460868344649689A6807C41B7B27
:10CF9800237004AC7268264B002A4FF000027261BD
:10CFA80018BF1022B2610FCB84E80F000CAB03EB63
:10CFB800870353F8203CB3F1804F336124D01D4AD6
:10CFC800934221D030890CF110045823002180228B
:10CFD80003FB07532C44C3E907019A62204601F07A
:10CFE8007DFD034600B1FEE74FF4805208A92046B4
:10CFF800099301930892CDE90A33CDE9023301F090
:10D008003DFE034640B1FEE7582303FB07539868EB
:10D01800D9E701200DB0F0BD01A920460193039383
:10D0280001F0AAFF0028F5D0FEE700BF58FC052450
:10D03800340B0108000C0040006808B5037B103071
:10D048002BB101F005FE003818BF012008BD01F022
:10D05800E5FD003818BF012008BD00BF0C4B0022B9
:10D068004FF0FF311A739960196683F86420C3F88A
:10D07800B81083F8BC20C3F8101183F81421C3E951
:10D088000022C3E91622C3E92C22C3E942227047D1
:10D0980058FC05241F4BC1680268F0B5D3F88C50C2
:10D0A80083B00369ADB24D1BA2B1AB4212D00446A6
:10D0B800866811D2F018E91ACDE9001000F04AFF8D
:10D0C8000023DDE90010D4E90062B047E368256178
:10D0D800AB421BD003B0F0BDF018C91ACDE900016E
:10D0E80000F038FF0023DDE90001D4E90072B847F9
:10D0F8003046294600F02EFF002330466268294654
:10D108002668B047E3682561AB42E3D10023236179
:10D1180003B0F0BD000002402DE9F84F04460F4669
:10D1280090461E4600F13405284602F073F920287F
:10D13800FAD14FF480630020C4F8D030C4F84831E5
:10D148004FF44033C4F8CC00C4F8E030C4F8583188
:10D158004E4BC4F8DC00C4F8C03003F57A73C4F849
:10D16800E400C4F838314023C4F8C800C4F840319A
:10D17800E369C4F84401C4F85401C4F85C01C4E983
:10D188003500C4E95300072B0BD8DFE803F06153DF
:10D198005A373E454C045123C4F8C4305223C4F8CE
:10D1A8003C3104F59C794846F8F792F808B1FFBE7F
:10D1B800FEE7C4F8A890C4F87051EFF3108972B66E
:10D1C800DFF8D0B094F91C30DFF8CCA08BF8003031
:10D1D8000A9B2F4CCAF800300B9B23600EB11846EF
:10D1E800B0471FFA88F23946284601F0FDFEB0BB69
:10D1F800B9F1000F00D162B6BDE8F88F3F23C4F83B
:10D20800C4304023C4F83C31CBE74123C4F8C430D0
:10D218004223C4F83C31C4E74723C4F8C430482348
:10D22800C4F83C31BDE74F23C4F8C4305023C4F8D8
:10D238003C31B6E72B23C4F8C4302C23C4F83C3166
:10D24800AFE72D23C4F8C4302E23C4F83C31A8E737
:10D258002923C4F8C4302A23C4F83C31A1E7FF23AA
:10D268008BF800300023CAF8003023600A9B3BB1DA
:10D278000B98012198470120B9F1000FBCD1BAE7FA
:10D288000120B9F1000FB7D1B5E700BF880002400F
:10D29800F00C0624EC0C0624E80C06242DE9F84FC3
:10D2A80004460F4690461E4600F13405284602F013
:10D2B800B1F82028FAD14FF480630020C4F8D030A8
:10D2C800C4F848314FF44033C4F8CC00C4F8E03017
:10D2D800C4F858314E4BC4F8DC00C4F8C03003F52C
:10D2E8007A73C4F8E400C4F838314023C4F8C8009D
:10D2F800C4F84031E369C4F84401C4F85401C4F8DF
:10D308005C01C4E93500C4E95300072B0BD8DFE8FA
:10D3180003F061535A373E454C045123C4F8C430D6
:10D328005223C4F83C3104F1C0094846F7F7D0FF4E
:10D3380008B1FFBEFEE7C4F8AC90C4F8F850EFF3AC
:10D34800108972B6DFF8D0B094F91C30DFF8CCA0A1
:10D358008BF800300A9B2F4CCAF800300B9B2360D7
:10D368000EB11846B0471FFA88F23946284601F030
:10D378008DFEB0BBB9F1000F00D162B6BDE8F88FE1
:10D388003F23C4F8C4304023C4F83C31CBE74123E1
:10D39800C4F8C4304223C4F83C31C4E74723C4F876
:10D3A800C4304823C4F83C31BDE74F23C4F8C43027
:10D3B8005023C4F83C31B6E72B23C4F8C4302C23DF
:10D3C800C4F83C31AFE72D23C4F8C4302E23C4F889
:10D3D8003C31A8E72923C4F8C4302A23C4F83C31D7
:10D3E800A1E7FF238BF800300023CAF80030236040
:10D3F8000A9B3BB10B98012198470120B9F1000F16
:10D40800BCD1BAE70120B9F1000FB7D1B5E700BF29
:10D4180088000240F00C0624EC0C0624E80C0624D4
:10D428002DE9F0410D4682B0EFF3108772B600295E
:10D4380048D1FF23254A264C237013682BB10020BE
:10D4480029461060234A1068984723781B0625D57B
:10D45800DFF888800025204E444605E001351C345D
:10D4680006F5D876092D19D0A369012B1BD0002BFE
:10D47800F4D1216830460029F0D06369019323690B
:10D488000093E3682289FFF709FF0028E6D1C5EB7E
:10D49800C50508EB850348F82500586007B962B64A
:10D4A80002B0BDE8F08161680029D7D063693046D1
:10D4B800019323690093E3682289FFF72DFE002872
:10D4C800CCD1E4E703F0A2FAB3E700BFE80C0624E6
:10D4D800EC0C0624F00C0624B8FD05249801002461
:10D4E800F0B5002387B0022204460493CDE9022355
:10D4F800027EC3690B2A4FEA430523D1A27E0B2A79
:10D5080002D1002007B0F0BD48496B1C484851F8CB
:10D518002330457801781878E67E884269D08242BF
:10D5280077D0D87803F1030C81426ED0824278D04C
:10D53800987903F1060C88426FD0824233D00120DB
:10D5480007B0F0BD394B3A4853F825300178467892
:10D55800187894F819C081423DD0824241D0D878D9
:10D5680003F1030E814240D082424AD0987903F1F8
:10D57800060E884241D08242E1D1DB796345DED193
:10D58800734604F118069B7830460593F6F7C2FDFA
:10D59800034630461E46F6F7C5FD01A90190304600
:10D5A800F8F760FDAAE7DB79B342C8D163461A34BD
:10D5B8009B7820460593F6F7ADFD034620461C46AA
:10D5C800F6F7B0FD034601A920460193F8F74AFD96
:10D5D800002007B0F0BD93F801E0B645BFD0824205
:10D5E800BDD158786045BAD1CBE71F79B742BBD1D6
:10D5F800BCE75F78AF4292D193E7D979B142BAD10B
:10D608009DE718796045B1D1BAE71F79AF428DD14E
:10D618008EE75878B04284D1C9E7D979A9428CD12C
:10D628008DE71879B04283D1C0E700BFB00200246B
:10D63800AC0200247E4A03689342F0B58FB000F034
:10D64800E380A2F54C42934200F0E08002F580624C
:10D65800934200F0DD8002F58062934200F0DA80A8
:10D6680002F58062934200F0D98002F54442934269
:10D6780000F0D280A2F51C42934200F0D18002F55E
:10D688008062934200F0CE806A4A934240F0CC8098
:10D698000826694D4FF4D87404FB0654A07EF6F7AB
:10D6A80049FD207EF6F746FDE369082B13D8DFE82D
:10D6B80003F03B49576573818F9D05005F4BD3F895
:10D6C800F42042F00802C3F8F420D3F8F43003F051
:10D6D80008030893089B2046FFF702FF012801D1A1
:10D6E800FFBEFEE74FF4D8740EAA554F0DF1240C77
:10D6F80004FB0654E36902EB43050FCFACE80F00C7
:10D708003B680022ACF80030114635F9140CF7F7E5
:10D718002DFCE3690EAA02EB430333F9140C0FB096
:10D72800BDE8F040F7F760BC444BD3F8F02042F076
:10D738001002C3F8F020D3F8F03003F01003009380
:10D74800009BC8E73D4BD3F8E82042F40032C3F809
:10D75800E820D3F8E83003F400330193019BBAE7DB
:10D76800364BD3F8E82042F48022C3F8E820D3F8F7
:10D77800E83003F480230293029BACE72F4BD3F8E5
:10D78800E82042F40022C3F8E820D3F8E83003F494
:10D7980000230393039B9EE7284BD3F8E82042F429
:10D7A8008012C3F8E820D3F8E83003F48013049318
:10D7B800049B90E7214BD3F8F02042F02002C3F8F5
:10D7C800F020D3F8F03003F020030593059B82E79F
:10D7D8001A4BD3F8E82042F08042C3F8E820D3F887
:10D7E800E83003F080430693069B74E7134BD3F8A5
:10D7F800E82042F00042C3F8E820D3F8E83003F00C
:10D8080000430793079B66E7002642E7012640E7A7
:10D8180002263EE703263CE705263AE7042638E7D2
:10D82800062636E7072634E700239B7EFFDE00BF87
:10D8380000100140000C0058B8FD052400440258AF
:10D84800440B01082DE9F04F91B0002301223F4914
:10D858000DF1240A09938B4601F11C09CAF814300A
:10D8680001F13808CDF800A001F15407CDF804A063
:10D8780001F17006CDF808A001F18C05CDF80CA0D7
:10D8880001F1A804CDF810A001F1C40ECDF814A040
:10D8980001F1E00CCAE90133CAE903330F92FF2210
:10D8A8002B4BCDE906AA1A70BAE80F00ABE80F00B7
:10D8B8009AE80700009B8BE807009B46BBE80F002F
:10D8C800A9E80F009AE80700019B89E80700994634
:10D8D800B9E80F00A8E80F009AE80700029B88E85B
:10D8E80007009846B8E80F000FC79AE80700039B9F
:10D8F80087E807001F460FCF0FC69AE80700049B6A
:10D9080086E807001E460FCE0FC59AE80700059B5C
:10D9180085E807001D460FCD0FC49AE80700069B4F
:10D9280084E807001C460FCCAEE80F00079B9AE876
:10D9380007001C468EE807000FCCACE80F009AE8F9
:10D9480007008CE8070011B0BDE8F08F98010024AB
:10D95800EC0C062410B5094C04F1340001F068FC05
:10D96800237D1BB1636BDB69DB0600D410BD204649
:10D97800FFF790FB636B10221A6210BDB8FD0524F7
:10D9880010B50B4C04F5F27001F052FC94F8C43158
:10D9980023B1D4F8E431DB69DB0600D410BD04F50B
:10D9A800D870FFF777FBD4F8E43110221A6210BD63
:10D9B800B8FD052410B50B4C04F5657001F038FC72
:10D9C80094F8743323B1D4F89433DB69DB0600D4BC
:10D9D80010BD04F55870FFF75DFBD4F8943310229E
:10D9E8001A6210BDB8FD052410B50B4C04F2445062
:10D9F80001F01EFC94F8243523B1D4F84435DB69D2
:10DA0800DB0600D410BD04F5A260FFF743FBD4F891
:10DA1800443510221A6210BDB8FD052410B50B4C10
:10DA280004F2F46001F004FC94F8D43623B1D4F87D
:10DA3800F436DB69DB0600D410BD04F5D860FFF7C7
:10DA480029FBD4F8F43610221A6210BDB8FD05245B
:10DA580010B50B4C04F6A40001F0EAFB94F88438E6
:10DA680023B1D4F8A438DB69DB0600D410BD04F573
:10DA78000760FFF70FFBD4F8A43810221A6210BD14
:10DA8800B8FD052410B50B4C04F6542001F0D0FB6A
:10DA980094F8343A23B1D4F8543ADB69DB0600D45D
:10DAA80010BD04F52260FFF7F5FAD4F8543A1022B5
:10DAB8001A6210BDB8FD052410B50B4C04F60440DD
:10DAC80001F0B6FB94F8E43B23B1D4F8043CDB69DD
:10DAD800DB0600D410BD04F53D60FFF7DBFAD4F88F
:10DAE800043C10221A6210BDB8FD052410B50B4C79
:10DAF80004F6B45001F09CFB94F8943D23B1D4F89B
:10DB0800B43DDB69DB0600D410BD04F55860FFF7AF
:10DB1800C1FAD4F8B43D10221A6210BDB8FD05242C
:10DB280010B5EFF3108472B6084B1A78120602D5B6
:10DB380004B962B610BD1B784FF4D87204485BB2C2
:10DB480002FB0300C030F7F73BFFF1E7EC0C0624BB
:10DB5800B8FD052410B5EFF3108472B6094B1A7896
:10DB6800120602D504B962B610BD1B784FF4D872FC
:10DB780005485BB202FB030000F59C70F7F720FF35
:10DB8800F0E700BFEC0C0624B8FD05240021FFF7E0
:10DB980047BC00BF214A036893422BD0A2F54C42F0
:10DBA800934229D002F58062934227D002F5806221
:10DBB800934225D002F58062934223D002F5444275
:10DBC800934221D0A2F51C4293421FD002F58062F5
:10DBD80093421DD0124A93421CD108224FF4D871A7
:10DBE800104B01FB0233197D11B11846FFF752BAE9
:10DBF800FFF716BC0022F1E70122EFE70222EDE76A
:10DC08000322EBE70422E9E70522E7E70622E5E736
:10DC18000722E3E700231B7DFFDE00BF0010014061
:10DC2800000C0058B8FD0524204A0368934229D007
:10DC3800A2F54C42934227D002F58062934225D048
:10DC480002F58062934223D002F58062934221D08C
:10DC580002F5444293421FD0A2F51C4293421DD0C4
:10DC680002F5806293421BD0114A93421AD10823CD
:10DC780010484FF4D87202FB0300037D03B97047C4
:10DC8800FFF708BA0023F3E70123F1E70223EFE7E0
:10DC98000323EDE70423EBE70523E9E70623E7E79A
:10DCA8000723E5E700231B7DFFDE00BF00100140CE
:10DCB800000C0058B8FD05240121FFF7B1BB00BFD7
:10DCC800534B0122002047F6122130B4C3E97420D7
:10DCD800C3E97721C3E9E020C3E9E3211A62DA62E4
:10DCE80058621963C3F83025C3F83405C3F83C25D6
:10DCF800C3F84015C3F8E026C3F8E406C3F8EC26D9
:10DD0800C3F8F016C3F89028C3F89408C3F89C2801
:10DD1800C3F8A018C3F8402AC3F8440AC3F84C2A29
:10DD2800C3F8501AC3F8F02BC3F8F40BC3F8FC2B54
:10DD3800C3F8001CC3F8A40D3648C3F8A02DC3F8D7
:10DD4800AC2DC3F8B01D0288837833490068334C82
:10DD5800CA804FEA104C0B723149E2802372A1F855
:10DD68000320A4F8032063714B712E4CCA800B72F8
:10DD78002D492E4DE2802372A1F80320A4F8032038
:10DD880063714B712A4CCA800B722A49EA80088059
:10DD98002B7281F802C0E2802372A1F803204B7134
:10DDA800CA800B722449A1F803204B71CA800B72F8
:10DDB8002249A1F803204B71CA800B7220490880C0
:10DDC80081F802C0A1F803204B71CA800B721D496B
:10DDD800088081F802C0A1F803204B71CA800B7239
:10DDE8001949088081F802C01848A1F803204B712E
:10DDF800CA800B721649A0F803204371C2800372CF
:10DE0800A1F803204B71CA800B7230BC704700BF69
:10DE1800B8FD0524AC020024340300245803002470
:10DE28004C030024700300246403002440030024EE
:10DE38001C030024180D06247C0300242803002456
:10DE4800F40C06240C0D0624000D0624A002002460
:10DE5800940200243E4B00220B20114610B5D3F843
:10DE6800D84082B044F00104C3F8D840D3F8D84071
:10DE780004F001040094009CD3F8D84044F0020454
:10DE8800C3F8D840D3F8D83003F002030193019BBC
:10DE9800F7F76CF80B20F7F7A7F800220C201146CB
:10DEA800F7F764F80C20F7F79FF800220D201146C9
:10DEB800F7F75CF80D20F7F797F800220E201146C7
:10DEC800F7F754F80E20F7F78FF800220F201146C5
:10DED800F7F74CF80F20F7F787F8002210201146C3
:10DEE800F7F744F81020F7F77FF800223C20114696
:10DEF800F7F73CF83C20F7F777F800221120114695
:10DF0800F7F734F81120F7F76FF800223820114698
:10DF1800F7F72CF83820F7F767F800223920114670
:10DF2800F7F724F83920F7F75FF800223A2011466E
:10DF3800F7F71CF83A20F7F757F800223B2011466C
:10DF4800F7F714F83B2002B0BDE81040F7F74CB8DB
:10DF58000044025820F01F002031BFF34F8F0029E2
:10DF680007DD064A0144C2F85C0220300B1A002B78
:10DF7800F9DCBFF34F8FBFF36F8F704700ED00E000
:10DF8800034688B190F83D20022A03D08022012060
:10DF98009A66704702680421002083F83D10D36810
:10DFA80023F00103D36070470120704703682C49B0
:10DFB8005A6910B49C6944F008049C619C6944F057
:10DFC80010049C611C6824F001041C601C69214039
:10DFD8001961996821F44041996090F881100429E9
:10DFE80001D0910630D490F88110032901D054064D
:10DFF8001FD4910509D5D0F8841041F00101C0F86B
:10E008008410996941F400719961D20509D5D0F855
:10E01800842042F00802C0F884209A6942F4807291
:10E028009A6100235DF8044BA0F86230A0F86A30CA
:10E038007047D0F8841041F00401C0F88410996941
:10E0480041F040019961D4E7D0F8841041F0800193
:10E05800C0F88410996941F020019961C3E700BFB5
:10E0680090FCFFFF002800F0A48002680021F8B5AA
:10E07800514B044681629A4216D0A3F578439A42DE
:10E0880012D003F58063C0689A4200F08A800F2896
:10E0980008D8E16B00F108034D09DB0805FB0333E1
:10E0A800082B15D90120F8BDE068E16B00F10803E1
:10E0B800414E4D09DB0805FB0333404DAA4218BF0A
:10E0C800B24203D005F58065AA4201D1102BE9D8E8
:10E0D80094F8813003F0FF05002B58D00027022365
:10E0E8006568A66B84F88130136823F00103136018
:10E0F800A369B3F1806F3ED03943676B3B43676ACE
:10E108003B4327693B4367693B43276A3B43E76CCB
:10E118003B43A7683B43A76C3B43A76D3B432B435B
:10E128003343E669314308439060D360B5B99368D7
:10E1380023F4C05343F400639360936823F4C063EB
:10E1480043F480639360136D23F00103136500208B
:10E158000123C4F8840084F88130F8BD136D23F0DE
:10E16800010313656B02F2D5D368616D23F0004398
:10E178000B43D360EBE7B5F5800FBDD1002EBBD1C3
:10E18800D2F800C04CF4805CC2F800C0B4E7204666
:10E1980084F88050FEF7F4F92268A76AE16BE0681A
:10E1A8009DE7E16B00F108034D09DB0805FB03332C
:10E1B8008CE70120704700BF003001400038004064
:10E1C800F8B590F88030012B00F08C8090F8813001
:10E1D800154601220446DEB2934280F880206AD1B7
:10E1E800002963D0B5FA85F35B09002D5ED00322C0
:10E1F8004366A0F8683080F88120C0F88430A0F821
:10E208006250A0F86A30C165A0F86050C0E91C33BC
:10E218008368B3F5C02F04D10268136843F4006320
:10E228001360E368A06F0F2B4BD98369B3F5804F58
:10E238003CD122683A4B3B4F2032036452F8183CD9
:10E24800C763394F23F40043C7640027076542F8C2
:10E25800183CB4F862309BB2F7F7F8F9002844D1BB
:10E26800A36F324ADB69B3F5807F2368596802EAF5
:10E27800010218BF2A435A609A68616842F4004252
:10E28800B1F5800F9A601A6942F448721A611A68E7
:10E2980042F001021A6003D11A6842F400721A604F
:10E2A80000231E4684F880303046F8BD002384F8E9
:10E2B80080303046F8BD0023022680F88030304692
:10E2C800F8BD072B83691AD8B3F5005F20D0B3F5E2
:10E2D800804FAED1B4F862309BB203339B08A4F8E8
:10E2E8006230A6E702263046F8BDD4F88430012211
:10E2F80043F01003C4F8843084F88120D9E7B3F5DB
:10E30800804F05D0B3F5005FD0D1B3F5804F90D1E1
:10E31800B4F862309BB201335B08A4F8623088E736
:10E3280081E7000805E70008ADE700080000FFFFE7
:10E3380070B51D4690F88030012B00F0B98001239C
:10E34800044680F8803090F881304068DBB2B0F540
:10E35800800F7DD0012B40F08580002D18BF002A4A
:10E3680071D000296FD094F88130042B02D0052396
:10E3780084F881300023E1652168C4F88430A4F86A
:10E388006250A4F86A50A4F860506266A4F8685015
:10E39800C4E91C338B6823F440438B60E3680F2B7C
:10E3A80065D9E06F8369B3F5804F4CD194F881301B
:10E3B800042B00F08A805E4B03645E4BC3635E4EA1
:10E3C8003031B4F86A30C66400269BB20665F7F7A8
:10E3D8003DF900286ED12268A16F9368203243F47A
:10E3E800804342F8183CB4F86230C1E90F00C1E933
:10E3F80013009BB20846E16DF7F728F9002859D1B8
:10E40800A36FDB69B3F5807F236863D059684B4AF3
:10E418000A402A435A609A68616842F40042B1F59A
:10E42800800F9A601A6942F458721A611A6842F0A9
:10E4380001021A6003D11A6842F400721A600023BC
:10E4480084F8803070BD0023012084F8803070BDCE
:10E45800A06800287FF47EAF042B3FF47EAF012B29
:10E468003FF47BAF0023022084F8803070BD072B77
:10E4780035D8A36F9B69B3F5005F50D0B3F5804FD3
:10E4880006D1B4F862309BB203339B08A4F862301B
:10E49800E06F8369B3F5005F39D0B3F5804F85D15C
:10E4A800B4F86A309BB203339B08A4F86A307DE75E
:10E4B800022070BDD4F88430012243F010031046C6
:10E4C800C4F8843084F8812070BD1D4B03641D4B53
:10E4D800C36374E75968194A0A405A609BE7E06FBA
:10E4E8008369B3F5005F02D0B3F5804FABD1A66F57
:10E4F800B669B6F5804F06D1B4F86260B6B2013697
:10E508007608A4F86260B3F5804F7FF44FAFB4F893
:10E518006A309BB201335B08A4F86A3046E7B4F866
:10E5280062309BB201335B08A4F86230B0E700BFE9
:10E53800A1E7000855E70008ADE700080000FFFF65
:10E5480091E700082DE700082DE9F041154682689B
:10E5580004460E4622B94368B3F5800F00F0958053
:10E5680094F88030012B00F09980012384F88030E2
:10E5780094F88130012BDFB269D1002E61D0B5FA51
:10E5880085F35B09002D5CD00421B2F5C02F6666C7
:10E5980084F88110A4F86850C4F88430A4F8603076
:10E5A800A4F86A50A4F86230C4E91C3304D1226884
:10E5B800136823F400631360E3680F2B4ED9E06FF0
:10E5C8008369B3F5804F3CD121688B6823F480437D
:10E5D8008B603246454EB4F86A3030310664444E9A
:10E5E8009BB2C663434EC66400260665F7F72EF84D
:10E5F800002857D1E36F404ADB69B3F5807F236871
:10E60800596802EA010218BF2A435A609A68616889
:10E6180042F48042B1F5800F9A601A6942F4507250
:10E628001A611A6842F001021A6003D11A6842F4AA
:10E6380000721A6000231F4684F880303846BDE80F
:10E64800F081002384F880303846BDE8F08100234B
:10E65800022784F880303846BDE8F081072B2BD894
:10E668002168E06F8B6823F480438B608369B3F57E
:10E67800005F32D0B3F5804FABD1B4F86A309BB2AB
:10E6880003339B08A4F86A30A3E72B4604250A46FF
:10E6980080F88150BDE8F041FFF74ABE02273846AE
:10E6A800BDE8F081D4F88430012243F01003C4F8A7
:10E6B800843084F88120C7E7E06F8269B2F5804F23
:10E6C80002D0B2F5005FBCD12168B2F5804F8B68EB
:10E6D80023F480438B607FF47CAFB4F86A309BB23C
:10E6E80001335B08A4F86A3073E700BF91E70008BC
:10E6F8002DE70008ADE700080000FFFF806B08B5B4
:10E7080090F88130072B09D0836FDB69B3F5807FE0
:10E7180005D00268136943F00803136108BDFEF7CA
:10E7280097F808BD806B08B590F88130072B09D0A1
:10E73800C36FDB69B3F5807F05D00268136943F0C6
:10E748000803136108BDFEF7E5F808BD806B08B53E
:10E7580090F88130072B09D0836FDB69B3F5807F90
:10E7680005D00268136943F00803136108BDFEF77A
:10E7780033F908BD704700BF806B08B5FFF7FAFF93
:10E7880008BD00BF704700BF806B08B5FFF7FAFFF0
:10E7980008BD00BF704700BF806B08B5FFF7FAFFE0
:10E7A80008BD00BF10B5846BF7F75AFC022800D1EA
:10E7B80010BD236830495A69986940F0080098618B
:10E7C800986940F010009861186820F001001860FE
:10E7D800186901401961996821F44041996094F8D9
:10E7E8008110042901D091063AD494F881100329A4
:10E7F80001D0500629D4910509D5D4F8841041F0E8
:10E808000101C4F88410996941F400719961D20535
:10E8180009D5D4F8842042F00802C4F884209A6903
:10E8280042F480729A61002301222046A4F86230E3
:10E83800A4F86A30D4F8843043F01003C4F8843064
:10E8480084F88120FEF72AF910BDD4F8841041F02D
:10E858000401C4F88410996941F040019961CAE73C
:10E86800D4F8841041F08001C4F88410996941F00B
:10E8780020019961B9E700BF90FCFFFF036819699F
:10E888005A692DE9F04101EA02059F68044690F8AB
:10E89800816005F0640CBCF1040F2FD005F0450031
:10E8A800012834D005F02600022800F0DF80280770
:10E8B80070D59A6917F4404FF6B242F008029A618F
:10E8C8009A6942F010029A619A6942F400629A6168
:10E8D8001A6922F008021A6123D0042E00F0DE80A3
:10E8E800A26FD269EAB1032E50D0E26FD269C2B1E9
:10E8F800052E14D12046FEF76FF810E0436F9847B5
:10E90800236F2046984705F04503012B02D1236F5A
:10E918002046984705F02605022D00F0A780BDE89F
:10E92800F0819A6812F4404F1FD1B4F86A2092B26D
:10E93800DAB1626E0EE01B6B42F8043B6266B4F813
:10E948006A30013B9BB2A4F86A30B4F86A309BB2D3
:10E958005BB12368E1680F29EDD8072940F292805E
:10E968001B8E22F8023B6266E9E72046FFF71EFB92
:10E97800012384F88130D4F88430002B7FD1052E10
:10E98800B8D0042E00F08F80032EC8D12046FDF7A2
:10E998005FFFC4E7100501D50A077AD415F4587F3C
:10E9A800BDD06E0609D5D4F8842042F00402C4F81C
:10E9B80084209A6942F040029A61A80509D5D4F8E2
:10E9C800842042F00102C4F884209A6942F400725B
:10E9D8009A61E90509D5D4F8842042F00802C4F800
:10E9E80084209A6942F480729A61AA0609D5D4F8FB
:10E9F800842042F08002C4F884209A6942F0200200
:10EA08009A61D4F88420002A89D0196807F440470D
:10EA1800274A21F00101B7F5404F1960196902EA48
:10EA280001021A6127D19A68E06F22F440429A6085
:10EA380050B1204B0365F6F729FF28B1D4F884308C
:10EA480043F04003C4F88430A06F00283FF467AF58
:10EA5800184B0365F6F71AFF00283FF460AFD4F8A7
:10EA6800843043F04003C4F8843058E7636F20468D
:10EA7800BDE8F04118470123204684F88130FEF7AD
:10EA88000DF84CE793F830301370626E013262660D
:10EA980055E79A6942F400629A6140E7E26FD269E9
:10EAA800002A3FF43EAF2046FDF734FF37E700BFAA
:10EAB80094FCFFFFC1EA000808B5806B002301221F
:10EAC800A0F86A30A0F8623080F88120FDF7E6FFF0
:10EAD80008BD00BF90F88100704700BF002800F013
:10EAE8008F8038B590F83D30044603F0FF02002BC4
:10EAF80060D0226802234349B2F1804F84F83D3048
:10EB0800A2EB01011368B1FA81F14FEA511127D044
:10EB180031BB3D483D4D824251D000F58060824274
:10EB28004DD0551B00F58060B5FA85F582424FEA55
:10EB380055154DD0002D4BD1354836498A4218BF5E
:10EB480082424FD001F580618A424BD0A06923F000
:10EB58008003E168034313606368D162936223E032
:10EB68002A4D23F07003A068551B0343B5FA85F5B9
:10EB78006D09206923F440730343A06923F08003DF
:10EB880003431360E368D3626368936251B94DB974
:10EB98001F49204B9A4218BF8A4203D003F580636D
:10EBA8009A4201D16369136301230020536184F8F9
:10EBB8003D3038BD80F83C20FEF7ACF899E7551B8E
:10EBC80023F07003A068B5FA85F503436D09D0E713
:10EBD800A06823F0700303430F488242C9D0002D78
:10EBE800C7D1A9E7206923F44073A1690343E0680A
:10EBF80023F080030B4361681360D0629162C7E71A
:10EC0800012070470000014000040040000401405A
:10EC18000040014000440140000C00404FF0020C4D
:10EC280001680A4A034680F83DC088680240062AFF
:10EC380006D0B2F5803F03D00A6842F001020A60AC
:10EC48000122002083F83D20704700BF0700010023
:10EC58000368094AD96841F00101D96099680A40F6
:10EC6800062A06D0B2F5803F03D01A6842F00102A6
:10EC78001A600020704700BF0700010090F83C3080
:10EC8800012B7DD002460223006830B4012482F8AB
:10EC98003D3082F83C40544C83681C400B68602B24
:10ECA80084606FD01DD9B3F5005F59D042D94F4960
:10ECB8008B4206D038D94E498B4202D010318B4254
:10ECC80006D184684B4921400B4343F00703836016
:10ECD80000230121184682F83D1082F83C3030BCF0
:10ECE8007047402B67D019D9502BF1D1036A4C6873
:10ECF800CD6823F00A03016A1C433E4B21F0010151
:10ED08000162816921F0F00141EA05118161046223
:10ED180081680B4043F057038360D9E7202BD0D09C
:10ED28001AD9302BD4D1CCE723F01001B1F5801FCC
:10ED3800CED1C6E7702BCBD18468D1E901532B43E0
:10ED4800CD6824F47F4143EA05230B43836083683D
:10ED580043F077038360BBE733F01001B8D1B0E725
:10ED6800D1E9015384682B43CD6824F47F4143EAF9
:10ED780005230B438360836843F480438360A7E7DC
:10ED880002207047046A4D6824F01004C9680462C0
:10ED9800836923F4704343EA0133016A21F0A00137
:10EDA8008361144B41EA0511016281680B4043F00D
:10EDB800670383608CE7036A4C68CD6823F00A0315
:10EDC800016A1C430B4B21F001010162816921F0AA
:10EDD800F00141EA05118161046281680B4043F04A
:10EDE8004703836074E700BF8800CEFF200010004F
:10EDF800300010008FFFCFFF704700BF704700BF83
:10EE0800704700BF704700BF03681A69910710B5C3
:10EE1800044602D5DA68920768D41A69520702D5FF
:10EE2800DA6850074FD41A69110702D5DA68120751
:10EE380037D41A69D00602D5DA68D1061ED41A6901
:10EE4800D20702D5DA68D00769D41A69110602D543
:10EE5800DA6812066BD41A69D00502D5DA68110689
:10EE68006DD41A69520602D5DA6850066FD41A6949
:10EE7800910602D5DA68920649D410BD6FF01001E8
:10EE88000822204619612277DB6913F4407F6FD18D
:10EE9800FFF7B2FF2046FFF7B3FF0022236822776F
:10EEA800CDE76FF008010422204619612277DB695B
:10EEB8009B075AD1FFF7A0FF2046FFF7A1FF0022CA
:10EEC80023682277B5E76FF0040102222046196112
:10EED80022779B6913F4407F44D1FFF78DFF2046CA
:10EEE800FFF78EFF0022236822779CE76FF002016C
:10EEF8000122196102779B69990730D1FFF77CFFDE
:10EF08002046FFF77DFF00222368227785E76FF010
:10EF1800200220461A61BDE8104000F05FB86FF08B
:10EF2800010220461A61FDF7E5FF23688DE76FF0BF
:10EF3800800220461A6100F053F823688BE76FF4CB
:10EF4800807220461A6100F04DF8236889E76FF057
:10EF5800400220461A61FFF755FF236887E7FFF74D
:10EF68004DFFD0E7FFF74AFFBCE7FFF747FFA6E7EB
:10EF7800FFF744FF91E700BF90F83C20012A28D012
:10EF880003460068022230B4134D83F83D20A8429E
:10EF98004268846818D005F58065A84214D024F02A
:10EFA800800C22F070020C688968224300244CEA25
:10EFB80001014FF0010C42608160204683F83DC09A
:10EFC80083F83C4030BC704722F470024D682A43F5
:10EFD800E5E70220704700BF00000140704700BF0E
:10EFE800704700BF704700BFF8B5D0F88070202F79
:10EFF80044D1002940D0B2FA82F67609002A3BD0E3
:10F00800044690F87C00012838D001252123606F40
:10F01800A4F856202165C4F88860A4F8542084F820
:10F028007C50C4F88030D8B1DFF854C01346226849
:10F03800C0F83CC0DFF84CC028320665C0F840C0B4
:10F04800DFF844C0C0F84CC0F6F700FB40B110230D
:10F05800284684F87C60C4F88830C4F88070F8BD0D
:10F068002368002240211046196284F87C209A689F
:10F0780042F080029A60F8BD0120F8BD0220F8BD78
:10F0880041F1000871F10008C1F10008F8B5D0F8A5
:10F098008470202F48D1002944D0B2FA82F676092C
:10F0A800002A3FD090F87C300446012B3CD0012543
:10F0B8002223C0F888608165A0F85C2080F87C5025
:10F0C800C0F88430806FE0B1DFF860C013460A46AC
:10F0D8002168C0F83CC0DFF858C024310665C0F884
:10F0E80040C0DFF850C0C0F84CC0F6F7AFFA40B1E6
:10F0F8001023284684F87C60C4F88830C4F88070EF
:10F10800F8BD2368002084F87C001A6842F48072F5
:10F118001A609A6842F001029A609A6842F04002C6
:10F128009A60F8BD0120F8BD0220F8BD7DF1000805
:10F13800B5F10008C1F1000808B5C369806BB3F5E3
:10F14800807F0CD003680022A0F856209A6822F02D
:10F1580080029A601A6842F040021A6008BDFEF701
:10F1680015FD08BD704700BF806B08B5FFF7FAFFB3
:10F1780008BD00BF08B5C369806BB3F5807F12D0A6
:10F18800036800222021A0F85E201A6822F4807209
:10F198001A609A6822F001029A609A6822F0400286
:10F1A8009A60C0F88410FEF7F5FC08BD806B08B5BE
:10F1B800FEF73AFD08BD00BF806B38B50368D0F88C
:10F1C8008040D0F884109A68150601D5212C1DD0EE
:10F1D8009A68520601D5222908D0D0F8883043F021
:10F1E8001003C0F88830FEF767FD38BD00240F4AC9
:10F1F8002025A0F85E40196821F49071196099687B
:10F208000A409A60C0F88450C466E6E700222024C9
:10F21800A0F856201A6822F0C0021A609A6822F4F0
:10F2280000029A60C0F88040D2E700BFFEFFFFEFFF
:10F238000268D36970B51E0715680446916800F026
:10F2480084806C4805F4907C08405CEA00061DD177
:10F25800D80202D54E0200F19D80180606D501F4A9
:10F26800000105F08000014340F08C805E0602D565
:10F27800680600F19B80190202D56A0000F1A3809C
:10F28800DB0102D5002DC0F2AA8070BDDE0709D5CA
:10F29800EE0507D501261662D4F8886046F0010607
:10F2A800C4F888609E0760D5CE0709D50226166285
:10F2B800D4F8886046F00406C4F888605E0758D41D
:10F2C8001E070CD505F0200C5CEA000007D00820CA
:10F2D8001062D4F8880040F00800C4F88800D4F818
:10F2E80088000028D1D09E0606D505F0200501F03B
:10F2F800805155EA01036BD1D4F88850936805F022
:10F30800080503F040031D436ED0116820203A4BD6
:10F3180021F49071116091680B4000219360C4F84A
:10F3280084009368E1665D063CD59368A06F23F07E
:10F3380040039360002835D0304B0365F6F7A6FAF2
:10F348000028A2D0A06F036D0CE09E0680D505F0C2
:10F35800200C01F0805E5CEA0E063FF479AFC36EC4
:10F36800002B92D0BDE8704018475E07A8D5CE079D
:10F37800A6D504261662D4F8886046F00206C4F8BA
:10F3880088609DE7236F002B3FF47FAF2046BDE8E0
:10F39800704018474FF4801320461362BDE8704050
:10F3A80001F068BB2046FEF787FC70BD136820207B
:10F3B800002123F040031360C4F880002046216731
:10F3C800FEF7E4FB70BD2046BDE8704001F056BB77
:10F3D800E36E002B90D02046984722688CE72046A1
:10F3E800BDE8704001F048BB2046FEF765FCC4F854
:10F3F800885070BD01000010FEFFFFEF09F40008FF
:10F4080008B5806B0023A0F85E30A0F85630FEF7F0
:10F4180053FC08BDD0F88020D0F884001043704712
:10F42800F0B58268044687B02368D0E904101D68E7
:10F438000A43616E0243E06902430A43A84929402E
:10F44800A84D0A43E168AB421A605A6822F4405258
:10F4580042EA0102A1695A6000F09D80226A9D6813
:10F468001143A14A666A2A4011439960DA6A22F078
:10F478000F023243DA629D4A934224D09C4A934257
:10F4880055D09C4A934200F02F829B4A934200F049
:10F498009B829A4A934200F0E980994A934200F08D
:10F4A8009D82984A934200F0D885974A934200F08B
:10F4B800D682012500234FF0011228462367C4E9AC
:10F4C8001A2307B0F0BD914B5B6D03F03803282B6E
:10F4D800EFD88F4AD55CB0F5004F33D0202D00F21D
:10F4E800D981202D00F2B680DFE815F0A8017B0154
:10F4F800B400B4007201B400B400B4004901B4000F
:10F50800B400B400B400B400B400B4001C01B400EA
:10F51800B400B400B400B400B400B400B400B40043
:10F52800B400B400B400B400B400B400CA00774B0F
:10F538005B6D03F00703052BBBD8764AB0F5004F87
:10F54800D55CCBD1202D00F21482202D00F2008250
:10F55800DFE815F08A035804FE01FE012804FE01C5
:10F56800FE01FE018604FE01FE01FE01FE01FE0110
:10F57800FE01FE01F203FE01FE01FE01FE01FE0195
:10F58800FE01FE01FE01FE01FE01FE01FE01FE017B
:10F59800FE01FE01B7039868534A02405B480A43DC
:10F5A8009A60DA6A616A22F00F020A43DA62836DAE
:10F5B80003F00703052B3FF67CAF574AD65C202E95
:10F5C80000F29C81012E7FF674AFB31E1E2B3FF60E
:10F5D80070AF01A252F823F097FB0008BBF40008B3
:10F5E80041FB0008BBF40008BBF40008BBF40008AA
:10F5F8000BFC0008BBF40008BBF40008BBF40008CF
:10F60800BBF40008BBF40008BBF40008BBF4000816
:10F61800ABFB0008BBF40008BBF40008BBF400080F
:10F62800BBF40008BBF40008BBF40008BBF40008F6
:10F63800BBF40008BBF40008BBF40008BBF40008E6
:10F64800BBF40008BBF40008BBF40008BBF40008D6
:10F6580021FC000801250023A3F110014FF6EF72E9
:10F6680091423FF626AF2268D36023E7274B5B6DB4
:10F6780003F00703052B3FF61CAF284AD55C2AE7A1
:10F68800002E00F0B581012E00F09E85022E00F0BC
:10F69800B185032E00F0D885042E00F0F485052EE0
:10F6A80000F08486062E00F0BE86072E00F0FD8648
:10F6B800082E00F05087092E00F07B870A2E00F0F4
:10F6C800DC8743F60953164A0B2E18BF13466268A7
:10F6D800002503EB5203B3FBF2F39BB2BCE700BF78
:10F6E800F369FFCF000C0058FFF4FF110010014030
:10F6F8000044004000480040004C004000500040DA
:10F708000014014000780040007C0040004402588A
:10F71800900C0108BC0C0108C40C0108BC0C0108C1
:10F7280000093D00B34B1A68920640F16F811A68D0
:10F73800B14BC2F3C102D340002EC8D0012E00F055
:10F74800EF81022E00F0C584032E00F0BF84042E42
:10F7580000F02B85052E00F09D86062E00F0DC8635
:10F76800072E00F01C86082E00F04E86092E00F0A9
:10F778008E860A2E00F0E3860B2EA8D126E003A879
:10F78800FAF76EFA626A049B002AA0D0012A00F0F8
:10F79800C781022A00F09D84032A00F09784042A76
:10F7A80000F00385052A00F0FD84062A00F07E8516
:10F7B800072A00F0F485082A00F02686092A00F0B6
:10F7C80066860A2A00F0BB860B2A80D11B0A7EE7D0
:10F7D8006846FAF787F9626A019B002A3FF477AF17
:10F7E800D4E7F9F71FFB636A03B3012B00F0F38436
:10F7F800022B00F0CE84032B00F0C884042B00F009
:10F808001785052B00F01185062B00F00686072BBF
:10F8180000F04886082B00F09B86092B00F0E18653
:10F828000A2B00F03B870B2B08BF000A62680025F3
:10F8380000EB5203B3FBF2F39BB20DE7F9F7D6FAEC
:10F84800636A03B3012B00F0C984022B00F0A7847C
:10F85800032B00F0A184042B00F0E484052B00F0B6
:10F86800DE84062B00F0E685072B00F03686082B91
:10F8780000F08786092B00F0B1860A2B00F0FA8683
:10F888000B2B08BF000A626800EB5203B3FBF2F3CC
:10F898009BB2E1E6402D7FF40CAE002E00F0DC8038
:10F8A800012E00F09484022E00F0A784032E00F0AD
:10F8B800C784042E00F0EC84052E00F07A85062E0D
:10F8C80000F0B485072E00F0FE85082E00F049866A
:10F8D800092E00F08B860A2E00F029870B2E0CBF0C
:10F8E80080234FF40043F2E6424B5B6D03F00703BD
:10F8F800052B3FF6DEAD414AD55CECE5402E7FF4A2
:10F90800D8AD002900F0B580012900F06E840229E5
:10F9180000F08284032900F0AF84042900F03B85BD
:10F92800052900F06985062900F0AD85072900F052
:10F93800EF85082900F03686092900F05B860A2938
:10F9480000F0F9860B290CBF80254FF4004592E0A2
:10F9580001250023A3F110014FF6EF7291423FF603
:10F96800A8AD23F00F02C3F3420313432268D36008
:10F97800A0E5402D7FF49DAD002E00F0D380012E30
:10F9880000F0D280022E00F06D84032E00F0F48483
:10F99800042E00F02585052E00F06885062E00F05F
:10F9A800C285072E00F01086082E00F04886092E22
:10F9B80000F059860A2E00F0EC860B2E0CBF4FF48F
:10F9C80080704FF48030AFE00A4B5B6D03F00703A3
:10F9D800052B3FF66EAD0A4AD55C7CE5054B5B6DA1
:10F9E80003F03803282B3FF664AD064AD55C72E570
:10F9F800054B6CE6004402580090D003BC0C01088B
:10FA0800BC0C0108900C010800093D00002E00F014
:10FA1800BA83012E00F0FD83022E00F02A84032E03
:10FA280000F0B684042E00F0E484052E00F028854A
:10FA3800062E00F08785072EDAD0082E00F0C48342
:10FA4800092E00F0D7830A2E00F01D84B44BB54A66
:10FA58000B2E18BF13463AE64FF4004337E6B24B75
:10FA68005B6D03F00703052B3FF623ADAF4AD55C6A
:10FA780031E54FF40045676807EB4703AB423FF6B3
:10FA880018ADB5EB073F3FF614AD202E00F2F0821B
:10FA9800012E7FF60EAD023E1E2E3FF60AAD01A3E3
:10FAA80053F826F0E9FF0008BBF40008BFFF000880
:10FAB800BBF40008BBF40008BBF400085DFF0008B5
:10FAC800BBF40008BBF40008BBF40008BBF4000852
:10FAD800BBF40008BBF40008BBF40008F1FE000802
:10FAE800BBF40008BBF40008BBF40008BBF4000832
:10FAF800BBF40008BBF40008BBF40008BBF4000822
:10FB0800BBF40008BBF40008BBF40008BBF4000811
:10FB1800BBF40008BBF40008BBF4000879FE000839
:10FB28005B08D4E54FF480306268002500EB52038F
:10FB3800B3FBF2F39BB20DE76846F9F7D3FF636AAC
:10FB4800019D03B3012B00F0CF82022B00F0C78286
:10FB5800032B00F0C182042B00F02F83052B00F04B
:10FB68002983062B00F09883072B00F02684082BA6
:10FB780000F04D84092B00F09B840A2B00F0FB84D5
:10FB88000B2B00F06582002D3FF494AC73E7F9F776
:10FB980097FF636A0546002BD4D1002D3FF48AAC49
:10FBA80069E7614B1A68950640F1A5821B685D4DAF
:10FBB800C3F3C103DD4000293FF45DAF012900F024
:10FBC8004D83022900F04683032900F0408304296D
:10FBD80000F04584052900F08384062900F0D484C8
:10FBE800072900F02085082900F04F85092900F031
:10FBF800F9850A2900F0FD850B297FF43CAF2D0A11
:10FC080039E703A8FAF72CF8636A049D002B99D109
:10FC1800002D3FF44FAC2EE7002900F06A8201293D
:10FC280000F0DF82022900F0F282032900F0288325
:10FC3800042900F0AA83052900F0D883062900F0DA
:10FC48002E84072900F06184082900F0AF8409296F
:10FC580000F0EF840A2900F0148543F60955344B67
:10FC68000B2918BF1D4606E7F9F7C0F8636A03B306
:10FC7800012B00F0CA82022B00F0F782032B00F060
:10FC88007F83042B00F0B083052B00F0EB83062B59
:10FC980000F05084072B00F09E84082B00F0B984F4
:10FCA800092B00F0E4840A2B00F070850B2B08BFA9
:10FCB800000A61684A0802EB4003B3FBF1F39BB208
:10FCC80048E6002E00F03A82012E00F09A82022EB9
:10FCD80000F0C682032E00F04D83042E00F07E83D0
:10FCE800052E00F0BA83062E00F02184072E00F0BE
:10FCF8006F84082E00F08284092E00F0CC840A2E2E
:10FD080000F06C8547F612230A4A0B2E18BF1346DB
:10FD18006268002503EB5203B3FBF2F39BB219E6CA
:10FD280090D003000090D00300440258BC0C010896
:10FD380000093D0000127A00A44B1A68910640F1B0
:10FD4800FF811A68A24BC2F3C10223FA02F206B37A
:10FD5800012E00F0B182022E00F03783032E00F04E
:10FD68006F83042E00F0C683052E00F00084062E53
:10FD780000F06F84072E00F07184082E00F00385D0
:10FD8800092E00F03C850A2E00F036850B2E08BFA0
:10FD9800120A616800254B0803EB4203B3FBF1F339
:10FDA8009BB2D7E56846F9F79DFE626A019902B3EE
:10FDB800012A00F00782022A00F01A82032A00F0C2
:10FDC8003A82042A00F06282052A00F0EB82062AB1
:10FDD80000F01683072A00F07483082A00F0A18334
:10FDE800092A00F001840A2A00F05B840B2A08BF64
:10FDF800090A62680025530803EB4103B3FBF2F3D9
:10FE08009BB2A7E5F9F70EF8636A03B3012B00F07C
:10FE1800FA81022B00F02B82032B00F08382042B43
:10FE280000F0DA82052B00F02583062B00F06983A9
:10FE3800072B00F0C283082B00F0EE83092B00F09B
:10FE48007E840A2B00F08D840B2B08BF000A6168A2
:10FE580000254A0802EB4003B3FBF1F39BB279E5B6
:10FE680003A8F9F7FDFE626A0499002AC1D09FE74A
:10FE7800616A002900F05482012900F01F830229D9
:10FE880000F08B83032900F0BF83042900F000846D
:10FE9800052900F0AA84062900F08E84072900F0BD
:10FEA8008784082900F0E584092900F0DE840A29FE
:10FEB80000F0A8844748484B0B2918BF1846002172
:10FEC8007B083A4618184FF0000341F10001F0F79B
:10FED800FFF9A0F54073414A93423FF6EAAA236826
:10FEE8000025D860FFF7E6BA384A116811F02001FA
:10FEF80000F0E781136800213548C3F3C103D840F7
:10FF0800636A0BB3012B00F04B83022B00F07F8355
:10FF1800032B00F00584042B00F05D84052B00F012
:10FF28002C84062B00F0A984072B00F0B484082B3E
:10FF380000F0AD84092B00F094840A2B00F08D8426
:10FF48000B2B01D1000A00210902030241EA1061CA
:10FF58007808B6E703A8F9F783FE0498636A0021D6
:10FF680002460BB3012B00F03582022B00F086828B
:10FF7800032B00F0C182042B00F02183052B00F035
:10FF88004D83062B00F09083072B00F02184082B6B
:10FF980000F00B84092B00F004840A2B00F0528433
:10FFA8000B2B01D1100A002162680902030241EA01
:10FFB8001061500886E76846F9F794FD0198636A6E
:10FFC80000210246002BEFD0CCE700BF00440258C6
:10FFD8000090D00300093D000000093DFFFC0F0020
:10FFE800F9F76EFD626A002103460AB3012A00F0A0
:08FFF8006E82022A00F0B982BA
:020000040801F1
:10000000032A00F02483042A00F09383052A00F0D9
:10001000A683062A00F0DA83072A00F0D583082A8F
:1000200000F01C84092A00F015840A2A00F02F84AD
:100030000B2A01D1030A002162680902180241EA71
:1000400013615308C0184FF0000341F10001F0F7AD
:1000500043F9A0F5407342E72D0A002D3FF42EAA84
:100060000DE5B54B5B6D03F00703052B3FF625AAA5
:10007000B24AD55CFFF733BA402E7FF41EAA616AFC
:10008000002900F04E81012900F02782022900F0AA
:100090008482032900F0CE82042900F057830529C9
:1000A00000F05983062900F06883072900F0608377
:1000B000082900F0B783092900F0AF830A2900F06E
:1000C000C0830B294FF000010CBF4FF400404FF4E8
:1000D0000000F9E69A4AA2FB03239B08FFF7FBBA4C
:1000E000974BA3FB0535AD08002D3FF4E7A9C6E407
:1000F0006D08002D3FF4E2A9C1E4924DBFE4002950
:100100005AD0012900F0AC80022900F0DB800329DD
:1001100000F06181042900F0A181052900F0EB8144
:10012000062900F016820729E7D008295DD00929A1
:1001300071D00A2900F02D81834D844B0B2918BF03
:100140001D469CE4824BE7E5002E50D0012E00F0C6
:10015000AF80022E00F03B81032E00F07A81042E46
:1001600000F0C781052E00F0FD81062E00F04D82C3
:10017000072EE7D0082E48D0092E75D00A2E00F0A1
:100180003181744B744A0B2E18BF1346C4E56F4B74
:10019000FFF7A1BA6A4BA3FB00308008FFF74ABB08
:1001A000674BA3FB00308008FFF771BB6B4AA2FBD3
:1001B0000323DB08FFF78FBA644D60E4674BA3FBB2
:1001C0000535ED08002D3FF479A958E4490814E6F7
:1001D000634BFFF780BA4FF48043FFF77CBA4008C7
:1001E000FFF728BB4008FFF752BB5D4D47E45A4B71
:1001F00092E54FF4804542E48908FEE5594BFFF74C
:100200006ABA4FF40053FFF766BA4E4B84E54008D4
:1002100021E6400851E5534D31E4534BFFF75BBAFB
:100220004FF400552BE44D4BA3FB0030C008FFF703
:100230002EBB4A4BA3FB0030C008FFF7FBBA404B74
:10024000A3FB01239908D8E541F25553FFF743BAC0
:10025000464BFFF740BA3A4BA3FB0535AD080EE419
:10026000414D0CE46D080AE43D4B55E54FF48040E8
:100270005EE4800821E58008EDE53D4BFFF72BBAF1
:1002800041F25555FFF7FBBB384DFFF7F8BB314B3B
:10029000FFF721BAC908B0E54FF48053FFF71BBA46
:1002A0000C23B5FBF3F5002D3FF408A9FFF7E7BBDE
:1002B000264B31E5224AA2FB0323DB08FFF70BBAEA
:1002C00052086AE52A4DFFF7DABB626A002A00F09D
:1002D000C280012A00F07981022A00F0B281032A4B
:1002E00000F0C381042A00F05E82052A00F05982E2
:1002F000062A00F09E82072A00F09982082A00F060
:100300009D82092A00F097820A2A00F083820B2A34
:10031000184A0E4B0EBF00210321134678083A46B7
:1003200090E64FF40000CFE51348CDE5044BA3FB66
:10033000002398088FE500BF00440258BC0C010858
:10034000ABAAAAAA00093D0090D003000090D003F8
:1003500000127A0020A107000020A107CDCCCCCC50
:1003600080841E0040420F000048E8012A2C0A0049
:100370000024F400000090D00000093DCF4BCBE4F6
:1003800042F6AA20FFF7D4BBCD4BA3FB002398086D
:1003900093E4CC4DFFF773BBCB4BFFF79CB94FF405
:1003A0008055FFF76CBB1B09FFF795B90A23B1FB1A
:1003B000F3F122E5C54BFFF78EB940F6CC43FFF7CA
:1003C0008AB92D09002D3FF479A8FFF758BBC04B1F
:1003D000A2E49208E1E4BC4DFFF751BB4008E7E519
:1003E000C00838E5BB4B97E44FF40050FFF7A0BBC3
:1003F000C00862E4B54DFFF742BBB74BFFF76BB9DE
:1004000040F6CC45FFF73BBB0C23B1FBF3F1F4E422
:100410005B09FFF760B96D09002D3FF44FA8FFF7A6
:100420002EBBA74BA3FB0030C008FFF703BAAB4BB2
:10043000FFF751B940F6AA23FFF74DB9A04BA3FB34
:100440000030C008FFF723BA9D4BA3FB02239A0894
:10045000A3E4A34B60E4A34B03215FE79E4DFFF7AA
:100460000EBBA14B58E4ED08FFF709BB0A23B0FB14
:10047000F3F022E441F69810FFF75ABB0A23B0FBD1
:10048000F3F0E8E4800893E5984BFFF724B940F6D1
:10049000AA25FFF7F4BA9B09FFF71DB90A22B3FB9F
:1004A000F2F3FFF718B98D4DFFF7E9BA0009FFF72E
:1004B000C1B98F4BFFF70FB9AD09002D3EF4FEAF68
:1004C000FFF7DDBA8B480021FEE4090995E44FF4FB
:1004D0000063FFF700B94308AEE54FF48000002148
:1004E000F2E40009FFF7D3B90A23B5FBF3F5FFF7F0
:1004F000C6BA814B10E47D4DFFF7C1BAD2084CE477
:1005000006220023EFF7E8FE52E50C23B0FBF3F0E0
:10051000A1E4774DFFF7B3BA4FF40065FFF7AFBA28
:100520000C22B3FBF2F3FFF7D6B8490965E441F2B8
:100530005450FFF7FDBA714BFFF7EEBB0C23B0FB35
:10054000F3F0FFF7BABBDB09FFF7C5B86C4BFFF759
:10055000C2B86B4DFFF793BA4009FFF76BB9694B0F
:10056000FFF7B9B8684BFFF7D7BB4FF48063FFF7CD
:10057000B2B8830860E50A23B2FBF3F20DE4ED099B
:10058000002D3EF49BAFFFF77ABA4009FFF77FB921
:100590000C23B5FBF3F5FFF772BA4FF400100021FE
:1005A00092E45A4800218FE44008D1E44FF480657A
:1005B000FFF765BA534DFFF762BA4FF22443FFF7D6
:1005C0008AB8000947E4C008F2E4514B1146A5E699
:1005D0004FF48050FFF7ACBA3A4BFFF79DBB0009D0
:1005E000FFF76BBB8009FFF752B98009FFF722B90B
:1005F000890902E44FF40073FFF76DB84FF40075FA
:10060000FFF73DBA3A4BFFF787BB2F4BFFF784BB91
:100610004048002158E480089AE44009FFF74DBBA8
:10062000400918E40A220023EFF756FEC0E42D0922
:10063000FFF725BA3848002146E44FF22445FFF77A
:100640001EBA364B6AE64FF40060FFF771BA00231A
:100650000622EFF741FE0346EEE40C23B2FBF3F271
:10066000FFF79BBB1209FFF798BB2D4B56E64FF4E3
:100670008060FFF75DBA8009FFF71FBBC009FFF775
:1006800006B947F61223FFF726B847F61225FFF7FB
:10069000F6B96D09FFF7F3B92248002114E4194BAC
:1006A000FFF73ABBC009FFF7C5B8C909FFF7A5BBFB
:1006B0000C220023EFF710FE7AE400BF5458140018
:1006C000ABAAAAAA20A10700AAC2A200801A06000B
:1006D0000048E80140420F0000127A00151605009C
:1006E00054854501000090D000350C0000A8610041
:1006F00090D003000080841E0024F4002A2C0A00FD
:100700005561510048E801000050C3000040420F0D
:10071000000048E8002A2C0A00551500000024F4C7
:1007200000AAC2A20020A10706220023EFF7D4FDF1
:100730000EE4C30880E44FF48073FEF7CCBF4FF49F
:100740008075FFF79CB98009FFF785BB4FF48010D7
:100750000021FFF7B9BB53480021FFF7B5BB0023C9
:100760000A22EFF7B9FD034666E4C009FFF773BB41
:100770004FF400200021FFF7A7BB4B480021FFF7F3
:10078000A3BB0A220023EFF7A7FDFFF7E1BB520945
:10079000FFF703BBC009FFF790BA4FF40070FFF7F3
:1007A000C7B9424BBAE5424BB8E590090021FFF7C3
:1007B000FFBB4009FFF7FCBB3E480021FFF784BBAD
:1007C0003D480021FFF780BB030935E400230C22DC
:1007D000EFF782FD03462FE40009FFF7E9BBC008ED
:1007E000FFF7B6BB4FF22443FFF796BAAD09FFF708
:1007F00046B932480021FFF767BBED09FFF73FB963
:10080000D209FFF7CABA9209FFF7C7BA2C480021EC
:10081000FFF75ABB2B4B002180E54FF4003000213D
:10082000FFF752BB4FF480200021FFF74DBB264B52
:1008300074E5264B72E5264B00216FE5254B002120
:100840006CE54FF480300021FFF73EBBD00900215A
:10085000FFF7AEBB83090021FFF7EEBB4309FFF7AB
:10086000EBBBC0090021FFF773BB80090021FFF734
:100870006FBB19480021FFF727BB18480021FFF77D
:1008800023BB0C220023EFF727FDFFF761BBC30951
:100890000021FFF7D1BB40090021FFF759BB000938
:1008A000FFF756BB00CC0C0000AA0A000000A861AC
:1008B0000000127A0090D0030015160500801A0679
:1008C00000127A000020A1070000093D0055615187
:1008D0000040420F0080841E0024F4000048E8011C
:1008E000836ADA0710B406D50168C46A4A6822F43C
:1008F000003222434A609C0706D50168046B4A68AF
:1009000022F4803222434A60590706D50168446BBD
:100910004A6822F4802222434A601A0706D50168F9
:10092000846B4A6822F4004222434A60DC0606D502
:100930000168C46B8A6822F4805222438A60990657
:1009400006D50168046C8A6822F4005222438A604A
:100950005A060AD50168446C4A68B4F5801F22F42F
:10096000801242EA04024A600BD01B0606D50268D8
:10097000C16C536823F400230B4353605DF8044BB0
:1009800070474A68846C22F4C00222434A60ECE754
:10099000002370B50446C0F88830F3F7DBFC054649
:1009A00023681A6811070CD41A68520725D420222C
:1009B0000023C4F880201846C4F8842084F87C30D2
:1009C00070BDDE6916F40016EED1F3F7C3FC431BCD
:1009D000B3F1007F2368F4D31A682021032022F4A6
:1009E000D0721A609A6822F001029A60C4F88010EE
:1009F00084F87C60C4F8841070BDDE6916F480064B
:100A0000D5D1F3F7A7FC431BB3F1007F2368F4D3E0
:100A1000E2E700BF80B3D0F8803010B5044633B3AE
:100A2000226824232046C4F88030136823F0010391
:100A30001360FEF7F9FC012817D0A36A8BB923686D
:100A400020465A6822F490425A609A6822F02A029C
:100A50009A601A6842F00102BDE810401A60FFF780
:100A600097BF2046FFF73CFFE9E7012010BD80F863
:100A70007C30FCF7E3FDD3E701207047704700BFEF
:100A8000704700BF704700BF0B460146184600F094
:100A900001B8000010B5054C13462CB10A460146BA
:100AA0000220AFF3008010BD2046FCE700000000EC
:100AB00070B50D4D0D4C641BA4100026A64209D143
:100AC0000B4D0C4C00F002F9641BA4100026A6424A
:100AD00005D170BD55F8043B98470136EEE755F84F
:100AE000043B98470136F2E7EC0C0108EC0C0108D6
:100AF000EC0C0108100D01080A44914200F1FF338B
:100B000000D1704710B511F8014B03F8014F914225
:100B1000F9D110BD02440346934200D1704703F857
:100B2000011BF9E70054004000580040005C004001
:100B3000001C005800000040000400400008004075
:100B4000000C004025002600270034003500470037
:100B5000520053008E000000060000000C00000050
:100B60001200000018000000000100000601000053
:100B70000C0100001201000018010000000200003A
:100B8000060200000C020000120200001802000021
:100B90000003000006030000000203000000000044
:100BA00001000000000000000000FA4500007A4645
:100BB0000000FA4600803B470080BB470000000071
:100BC00001020304010203040607080900020102EE
:100BD00000020102010002000400080010002000D1
:100BE0004000800000010002000400080010002006
:100BF000004000800000025800040258000802581B
:100C0000000C025800100258001402580018025834
:100C1000001C0258002002580024025800280258E4
:100C20000000000000061016000610160B00FF0062
:100C3000B000002498000024A400002468000024D0
:100C4000D4000024BC000024C80000247400002448
:100C5000F8000024E0000024EC00002480000024C0
:100C60001CFC052404FC052410FC0524ECFB0524D5
:100C700040FC052428FC052434FC0524F8FB05244D
:100C80001C01002404010024100100248C00002415
:100C9000018080808080808004808080808080804F
:100CA000088080808080808010808080808080802C
:100CB0002080808080808080400000000004081038
:100CC000204000000204081020400000F8B500BFDA
:100CD000F8BC08BC9E467047F8B500BFF8BC08BC1D
:040CE0009E46704775
:080CE40024F6FE7F0100000070
:100CEC00BD0200081D090008BD1D00088D2C000860
:100CFC00B53200088D3E00086DCB000865D00008A9
:040D0C00C9DC000836
:040D1000990200083C
:100D1400000000000000003F0000003F0000003F12
:100D240010000000000000000000000000000000AF
:100D3400000000000000000010000000000000009F
:100D4400000000000000000000000000000000009F
:100D5400100000000000000000000000000000007F
:100D640000000000000000000090D0030090D003B9
:100D74000100000010000000060A05000405000040
:100D840000000000010C0501040701090500000032
:100D94000004060000000000000000000004080039
:100DA400000000000000000001040500060506091B
:100DB4000500000001050500070500000000000013
:100DC400060B05000505000000000000010E0502E9
:100DD4000205000000000000020105010F050203E6
:100DE40005000000030305000000000000000000EF
:100DF400020B06010406000000000000020C0601BC
:100E04000507000000000000020A060000000000C0
:100E140000000000010408000608000000000000B3
:100E24000105080007080000000000000005080094
:100E340000000000000000000000000000000000AE
:100E4400000000000000000000000000000000009E
:100E5400010000000000000000000000000000008D
:100E6400000000000000000000000000010000007D
:100E7400000000000000000000000000000000006E
:100E8400000000000000000001000000000000005D
:100E9400000000000000000000000000000000004E
:100EA400000000000100000000000000000000003D
:100EB400000000000000000000000000000000002E
:100EC400010000000000000000000000000000001D
:100ED400000000000000000000000000010000000D
:100EE40000000000000000000000000000000000FE
:100EF40000000000000000000100000000000000ED
:100F040000000000000000000000000000000000DD
:100F140000000000010000000000000000000000CC
:100F240000000000000000000000000000000000BD
:100F340001000000000000000000000000000000AC
:100F4400000000000000000000000000010000009C
:100F5400000000000000000000000000000000008D
:100F6400000000000000000001000000000000007C
:100F7400000000000000000000000000000000006D
:100F8400000000000100000000000000000000005C
:100F9400000000000000000000000000000000004D
:100FA400010000000107080000000000000000002C
:100FB4000106080000000000000000000B00FF0014
:100FC4004003002434030024580300244C03002469
:100FD400700300246403002404030024F8020024A2
:100FE4001C03002410030024180D06247C03002491
:100FF40028030024F40C06240C0D0624000D0624FA
:10100400A002002494020024010808020B08000135
:1010140008000000010908020A0800000800000096
:10102400010C0E03020801050E000000020C080169
:10103400060E00000000000001040B000000000088
:1010440000000000010707010F0400000000000079
:10105400010607010E040000000000000003070061
:101064000000000000000000000207000000000073
:1010740000000000020B0700000000000000000058
:10108400020A070000000000000000000609070033
:08109400000000000000000054
:04000005080005E109
:00000001FF
