ARM GAS  C:\Users\pisaa\AppData\Local\Temp\ccgIcmMr.s 			page 1


   1              		.cpu cortex-m7
   2              		.eabi_attribute 28, 1
   3              		.eabi_attribute 20, 1
   4              		.eabi_attribute 21, 1
   5              		.eabi_attribute 23, 3
   6              		.eabi_attribute 24, 1
   7              		.eabi_attribute 25, 1
   8              		.eabi_attribute 26, 1
   9              		.eabi_attribute 30, 2
  10              		.eabi_attribute 34, 1
  11              		.eabi_attribute 18, 4
  12              		.file	"freq-fiche.cpp"
  13              		.text
  14              	.Ltext0:
  15              		.cfi_sections	.debug_frame
  16              		.section	.text._ZN5daisy9DaisySeedD2Ev,"axG",%progbits,_ZN5daisy9DaisySeedD5Ev,comdat
  17              		.align	1
  18              		.p2align 2,,3
  19              		.weak	_ZN5daisy9DaisySeedD2Ev
  20              		.arch armv7e-m
  21              		.syntax unified
  22              		.thumb
  23              		.thumb_func
  24              		.fpu fpv5-d16
  26              	_ZN5daisy9DaisySeedD2Ev:
  27              	.LVL0:
  28              	.LFB4676:
  29              		.file 1 "../../libDaisy//src/daisy_seed.h"
   1:../../libDaisy//src/daisy_seed.h **** #pragma once
   2:../../libDaisy//src/daisy_seed.h **** #ifndef DSY_SEED_H
   3:../../libDaisy//src/daisy_seed.h **** #define DSY_SEED_H
   4:../../libDaisy//src/daisy_seed.h **** 
   5:../../libDaisy//src/daisy_seed.h **** #include "daisy.h"
   6:../../libDaisy//src/daisy_seed.h **** 
   7:../../libDaisy//src/daisy_seed.h **** //Uncomment this out if you're still using the rev2 hardware
   8:../../libDaisy//src/daisy_seed.h **** //#define SEED_REV2
   9:../../libDaisy//src/daisy_seed.h **** 
  10:../../libDaisy//src/daisy_seed.h **** namespace daisy
  11:../../libDaisy//src/daisy_seed.h **** {
  12:../../libDaisy//src/daisy_seed.h **** /**
  13:../../libDaisy//src/daisy_seed.h ****    @brief This is the higher-level interface for the Daisy board. \n 
  14:../../libDaisy//src/daisy_seed.h ****     All basic peripheral configuration/initialization is setup here. \n
  15:../../libDaisy//src/daisy_seed.h **** 
  16:../../libDaisy//src/daisy_seed.h ****    @ingroup boards
  17:../../libDaisy//src/daisy_seed.h **** */
  18:../../libDaisy//src/daisy_seed.h **** class DaisySeed
  19:../../libDaisy//src/daisy_seed.h **** {
  20:../../libDaisy//src/daisy_seed.h ****   public:
  21:../../libDaisy//src/daisy_seed.h ****     DaisySeed() {}
  22:../../libDaisy//src/daisy_seed.h ****     ~DaisySeed() {}
  30              		.loc 1 22 5 view -0
  31              		.cfi_startproc
  32              		@ args = 0, pretend = 0, frame = 0
  33              		@ frame_needed = 0, uses_anonymous_args = 0
  34              		@ link register save eliminated.
  35              	.LBB186:
  36              	.LBI186:
ARM GAS  C:\Users\pisaa\AppData\Local\Temp\ccgIcmMr.s 			page 2


  37              		.file 2 "../../libDaisy//src/sys/system.h"
   1:../../libDaisy//src/sys/system.h **** #ifndef DSY_SYSTEM_H
   2:../../libDaisy//src/sys/system.h **** #define DSY_SYSTEM_H
   3:../../libDaisy//src/sys/system.h **** 
   4:../../libDaisy//src/sys/system.h **** #ifndef UNIT_TEST // for unit tests, a dummy implementation is provided below
   5:../../libDaisy//src/sys/system.h **** 
   6:../../libDaisy//src/sys/system.h **** #include <cstdint>
   7:../../libDaisy//src/sys/system.h **** #include "per/tim.h"
   8:../../libDaisy//src/sys/system.h **** 
   9:../../libDaisy//src/sys/system.h **** namespace daisy
  10:../../libDaisy//src/sys/system.h **** {
  11:../../libDaisy//src/sys/system.h **** /** A handle for interacting with the Core System.
  12:../../libDaisy//src/sys/system.h ****  ** This includes the Clock tree, MPU, global DMA initialization,
  13:../../libDaisy//src/sys/system.h ****  ** cache handling, and any other necessary global initiailzation
  14:../../libDaisy//src/sys/system.h ****  **
  15:../../libDaisy//src/sys/system.h ****  ** @author shensley
  16:../../libDaisy//src/sys/system.h ****  ** @ingroup system
  17:../../libDaisy//src/sys/system.h ****  */
  18:../../libDaisy//src/sys/system.h **** class System
  19:../../libDaisy//src/sys/system.h **** {
  20:../../libDaisy//src/sys/system.h ****   public:
  21:../../libDaisy//src/sys/system.h ****     /** Contains settings for initializing the System */
  22:../../libDaisy//src/sys/system.h ****     struct Config
  23:../../libDaisy//src/sys/system.h ****     {
  24:../../libDaisy//src/sys/system.h ****         /** Specifies the system clock frequency that feeds APB/AHB clocks, etc. */
  25:../../libDaisy//src/sys/system.h ****         enum class SysClkFreq
  26:../../libDaisy//src/sys/system.h ****         {
  27:../../libDaisy//src/sys/system.h ****             FREQ_400MHZ,
  28:../../libDaisy//src/sys/system.h ****             FREQ_480MHZ,
  29:../../libDaisy//src/sys/system.h ****         };
  30:../../libDaisy//src/sys/system.h **** 
  31:../../libDaisy//src/sys/system.h ****         /** Method to call on the struct to set to defaults
  32:../../libDaisy//src/sys/system.h ****          ** CPU Freq set to 400MHz
  33:../../libDaisy//src/sys/system.h ****          ** Cache Enabled
  34:../../libDaisy//src/sys/system.h ****          ** */
  35:../../libDaisy//src/sys/system.h ****         void Defaults()
  36:../../libDaisy//src/sys/system.h ****         {
  37:../../libDaisy//src/sys/system.h ****             cpu_freq    = SysClkFreq::FREQ_400MHZ;
  38:../../libDaisy//src/sys/system.h ****             use_dcache  = true;
  39:../../libDaisy//src/sys/system.h ****             use_icache  = true;
  40:../../libDaisy//src/sys/system.h ****             skip_clocks = false;
  41:../../libDaisy//src/sys/system.h ****         }
  42:../../libDaisy//src/sys/system.h **** 
  43:../../libDaisy//src/sys/system.h ****         /** Method to call on the struct to set to boost mode:
  44:../../libDaisy//src/sys/system.h ****          ** CPU Freq set to 480MHz
  45:../../libDaisy//src/sys/system.h ****          ** Cache Enabled
  46:../../libDaisy//src/sys/system.h ****          ** */
  47:../../libDaisy//src/sys/system.h ****         void Boost()
  48:../../libDaisy//src/sys/system.h ****         {
  49:../../libDaisy//src/sys/system.h ****             cpu_freq    = SysClkFreq::FREQ_480MHZ;
  50:../../libDaisy//src/sys/system.h ****             use_dcache  = true;
  51:../../libDaisy//src/sys/system.h ****             use_icache  = true;
  52:../../libDaisy//src/sys/system.h ****             skip_clocks = false;
  53:../../libDaisy//src/sys/system.h ****         }
  54:../../libDaisy//src/sys/system.h **** 
  55:../../libDaisy//src/sys/system.h ****         SysClkFreq cpu_freq;
  56:../../libDaisy//src/sys/system.h ****         bool       use_dcache;
ARM GAS  C:\Users\pisaa\AppData\Local\Temp\ccgIcmMr.s 			page 3


  57:../../libDaisy//src/sys/system.h ****         bool       use_icache;
  58:../../libDaisy//src/sys/system.h ****         bool       skip_clocks;
  59:../../libDaisy//src/sys/system.h ****     };
  60:../../libDaisy//src/sys/system.h **** 
  61:../../libDaisy//src/sys/system.h ****     /** Describes the different regions of memory available to the Daisy */
  62:../../libDaisy//src/sys/system.h ****     enum MemoryRegion
  63:../../libDaisy//src/sys/system.h ****     {
  64:../../libDaisy//src/sys/system.h ****         INTERNAL_FLASH = 0,
  65:../../libDaisy//src/sys/system.h ****         ITCMRAM,
  66:../../libDaisy//src/sys/system.h ****         DTCMRAM,
  67:../../libDaisy//src/sys/system.h ****         SRAM_D1,
  68:../../libDaisy//src/sys/system.h ****         SRAM_D2,
  69:../../libDaisy//src/sys/system.h ****         SRAM_D3,
  70:../../libDaisy//src/sys/system.h ****         SDRAM,
  71:../../libDaisy//src/sys/system.h ****         QSPI,
  72:../../libDaisy//src/sys/system.h ****         INVALID_ADDRESS,
  73:../../libDaisy//src/sys/system.h ****     };
  74:../../libDaisy//src/sys/system.h **** 
  75:../../libDaisy//src/sys/system.h ****     /** Bootloader struct for controlling bootloading parameters */
  76:../../libDaisy//src/sys/system.h ****     struct BootInfo
  77:../../libDaisy//src/sys/system.h ****     {
  78:../../libDaisy//src/sys/system.h ****         enum class Type : uint32_t
  79:../../libDaisy//src/sys/system.h ****         {
  80:../../libDaisy//src/sys/system.h ****             INVALID      = 0x00000000,
  81:../../libDaisy//src/sys/system.h ****             JUMP         = 0xDEADBEEF,
  82:../../libDaisy//src/sys/system.h ****             SKIP_TIMEOUT = 0x5AFEB007,
  83:../../libDaisy//src/sys/system.h ****             INF_TIMEOUT  = 0xB0074EFA,
  84:../../libDaisy//src/sys/system.h ****         } status;
  85:../../libDaisy//src/sys/system.h ****         uint32_t data;
  86:../../libDaisy//src/sys/system.h ****         enum class Version : uint32_t
  87:../../libDaisy//src/sys/system.h ****         {
  88:../../libDaisy//src/sys/system.h ****             LT_v6_0 = 0, // Less than v6.0
  89:../../libDaisy//src/sys/system.h ****             NONE,        // No bootloader present
  90:../../libDaisy//src/sys/system.h ****             v6_0,        // v6.0
  91:../../libDaisy//src/sys/system.h ****             v6_1,        // v6.1 or greater
  92:../../libDaisy//src/sys/system.h ****             LAST
  93:../../libDaisy//src/sys/system.h ****         } version;
  94:../../libDaisy//src/sys/system.h ****     };
  95:../../libDaisy//src/sys/system.h **** 
  96:../../libDaisy//src/sys/system.h ****     System() {}
  97:../../libDaisy//src/sys/system.h ****     ~System() {}
  38              		.loc 2 97 5 view .LVU1
  39              		.loc 2 97 5 is_stmt 0 view .LVU2
  40              	.LBE186:
  41              	.LBB187:
  42              	.LBI187:
  43              		.file 3 "../../libDaisy//src/hid/usb.h"
   1:../../libDaisy//src/hid/usb.h **** #pragma once
   2:../../libDaisy//src/hid/usb.h **** #ifndef DSY_HID_USB_H
   3:../../libDaisy//src/hid/usb.h **** #define DSY_HID_USB_H
   4:../../libDaisy//src/hid/usb.h **** #include <stdint.h>
   5:../../libDaisy//src/hid/usb.h **** #include <stdlib.h>
   6:../../libDaisy//src/hid/usb.h **** 
   7:../../libDaisy//src/hid/usb.h **** namespace daisy
   8:../../libDaisy//src/hid/usb.h **** /** @addtogroup human_interface
   9:../../libDaisy//src/hid/usb.h ****     @{
  10:../../libDaisy//src/hid/usb.h **** */
ARM GAS  C:\Users\pisaa\AppData\Local\Temp\ccgIcmMr.s 			page 4


  11:../../libDaisy//src/hid/usb.h **** 
  12:../../libDaisy//src/hid/usb.h **** {
  13:../../libDaisy//src/hid/usb.h **** /** 
  14:../../libDaisy//src/hid/usb.h ****     @brief Interface for initializing and using the USB Peripherals on the daisy
  15:../../libDaisy//src/hid/usb.h ****     @author Stephen Hensley
  16:../../libDaisy//src/hid/usb.h ****     @date December 2019
  17:../../libDaisy//src/hid/usb.h **** */
  18:../../libDaisy//src/hid/usb.h **** class UsbHandle
  19:../../libDaisy//src/hid/usb.h **** {
  20:../../libDaisy//src/hid/usb.h ****   public:
  21:../../libDaisy//src/hid/usb.h ****     /** Return values for USBHandle Functions */
  22:../../libDaisy//src/hid/usb.h ****     enum class Result
  23:../../libDaisy//src/hid/usb.h ****     {
  24:../../libDaisy//src/hid/usb.h ****         OK,
  25:../../libDaisy//src/hid/usb.h ****         ERR,
  26:../../libDaisy//src/hid/usb.h ****     };
  27:../../libDaisy//src/hid/usb.h **** 
  28:../../libDaisy//src/hid/usb.h ****     /** Specified which of the two USB Peripherals to initialize. */
  29:../../libDaisy//src/hid/usb.h ****     enum UsbPeriph
  30:../../libDaisy//src/hid/usb.h ****     {
  31:../../libDaisy//src/hid/usb.h ****         FS_INTERNAL, /**< Internal pin */
  32:../../libDaisy//src/hid/usb.h ****         FS_EXTERNAL, /**< FS External D+ pin is Pin 38 (GPIO32). FS External D- pin is Pin 37 (GPIO
  33:../../libDaisy//src/hid/usb.h ****         FS_BOTH,     /**< Both */
  34:../../libDaisy//src/hid/usb.h ****     };
  35:../../libDaisy//src/hid/usb.h **** 
  36:../../libDaisy//src/hid/usb.h **** 
  37:../../libDaisy//src/hid/usb.h ****     /** Function called upon reception of a buffer */
  38:../../libDaisy//src/hid/usb.h ****     typedef void (*ReceiveCallback)(uint8_t* buff, uint32_t* len);
  39:../../libDaisy//src/hid/usb.h **** 
  40:../../libDaisy//src/hid/usb.h ****     UsbHandle() {}
  41:../../libDaisy//src/hid/usb.h **** 
  42:../../libDaisy//src/hid/usb.h ****     ~UsbHandle() {}
  44              		.loc 3 42 5 is_stmt 1 view .LVU3
  45              		.loc 3 42 5 is_stmt 0 view .LVU4
  46              	.LBE187:
  47              	.LBB188:
  48              	.LBI188:
  49              		.file 4 "../../libDaisy//src/per/adc.h"
   1:../../libDaisy//src/per/adc.h **** #pragma once
   2:../../libDaisy//src/per/adc.h **** #ifndef DSY_ADC_H
   3:../../libDaisy//src/per/adc.h **** #define DSY_ADC_H /**< Macro */
   4:../../libDaisy//src/per/adc.h **** #include <stdint.h>
   5:../../libDaisy//src/per/adc.h **** #include <stdlib.h>
   6:../../libDaisy//src/per/adc.h **** #include "daisy_core.h"
   7:../../libDaisy//src/per/adc.h **** #include "per/gpio.h"
   8:../../libDaisy//src/per/adc.h **** 
   9:../../libDaisy//src/per/adc.h **** #define DSY_ADC_MAX_CHANNELS 16 /**< Maximum number of ADC channels */
  10:../../libDaisy//src/per/adc.h **** 
  11:../../libDaisy//src/per/adc.h **** namespace daisy
  12:../../libDaisy//src/per/adc.h **** {
  13:../../libDaisy//src/per/adc.h **** /** @addtogroup per_analog
  14:../../libDaisy//src/per/adc.h ****     @{
  15:../../libDaisy//src/per/adc.h **** */
  16:../../libDaisy//src/per/adc.h **** 
  17:../../libDaisy//src/per/adc.h **** /* While there may not be many configuration options here,
  18:../../libDaisy//src/per/adc.h **** using a struct like this allows us to add more configuration
  19:../../libDaisy//src/per/adc.h **** later without breaking existing functionality.
ARM GAS  C:\Users\pisaa\AppData\Local\Temp\ccgIcmMr.s 			page 5


  20:../../libDaisy//src/per/adc.h **** */
  21:../../libDaisy//src/per/adc.h **** 
  22:../../libDaisy//src/per/adc.h **** /** @brief   Configuration Structure for an ADC Channel 
  23:../../libDaisy//src/per/adc.h ****  *  @details This can be used to configure a a single input, 
  24:../../libDaisy//src/per/adc.h ****  *           or a multiplexed input, allowing up to 8 inputs on 
  25:../../libDaisy//src/per/adc.h ****  *           one channel.
  26:../../libDaisy//src/per/adc.h ****  *  @note    Sharing data lines to multiple muxes _is_ possible, but
  27:../../libDaisy//src/per/adc.h ****  *           each channel sharing data lines must be set to the maximum
  28:../../libDaisy//src/per/adc.h ****  *           number of channels, even if some multiplexers have fewer
  29:../../libDaisy//src/per/adc.h ****  *           inputs connected.
  30:../../libDaisy//src/per/adc.h **** */
  31:../../libDaisy//src/per/adc.h **** struct AdcChannelConfig
  32:../../libDaisy//src/per/adc.h **** {
  33:../../libDaisy//src/per/adc.h ****     /** Which pin to use for multiplexing */
  34:../../libDaisy//src/per/adc.h ****     enum MuxPin
  35:../../libDaisy//src/per/adc.h ****     {
  36:../../libDaisy//src/per/adc.h ****         MUX_SEL_0,    /**< & */
  37:../../libDaisy//src/per/adc.h ****         MUX_SEL_1,    /**< & */
  38:../../libDaisy//src/per/adc.h ****         MUX_SEL_2,    /**< & */
  39:../../libDaisy//src/per/adc.h ****         MUX_SEL_LAST, /**< & */
  40:../../libDaisy//src/per/adc.h ****     };
  41:../../libDaisy//src/per/adc.h **** 
  42:../../libDaisy//src/per/adc.h ****     /** \brief per channel conversion speed added to fixed time based on bitdepth, etc. */
  43:../../libDaisy//src/per/adc.h ****     enum ConversionSpeed
  44:../../libDaisy//src/per/adc.h ****     {
  45:../../libDaisy//src/per/adc.h ****         SPEED_1CYCLES_5,
  46:../../libDaisy//src/per/adc.h ****         SPEED_2CYCLES_5,
  47:../../libDaisy//src/per/adc.h ****         SPEED_8CYCLES_5,
  48:../../libDaisy//src/per/adc.h ****         SPEED_16CYCLES_5,
  49:../../libDaisy//src/per/adc.h ****         SPEED_32CYCLES_5,
  50:../../libDaisy//src/per/adc.h ****         SPEED_64CYCLES_5,
  51:../../libDaisy//src/per/adc.h ****         SPEED_387CYCLES_5,
  52:../../libDaisy//src/per/adc.h ****         SPEED_810CYCLES_5,
  53:../../libDaisy//src/per/adc.h ****     };
  54:../../libDaisy//src/per/adc.h **** 
  55:../../libDaisy//src/per/adc.h ****     /** Initializes a single ADC pin as an ADC. 
  56:../../libDaisy//src/per/adc.h ****     \param pin Pin to init.
  57:../../libDaisy//src/per/adc.h ****     \param speed conversion speed for this pin defaults to 8.5 cycles
  58:../../libDaisy//src/per/adc.h ****      */
  59:../../libDaisy//src/per/adc.h ****     void InitSingle(dsy_gpio_pin pin, ConversionSpeed speed = SPEED_8CYCLES_5);
  60:../../libDaisy//src/per/adc.h **** 
  61:../../libDaisy//src/per/adc.h ****     /** 
  62:../../libDaisy//src/per/adc.h ****     Initializes a single ADC pin as a Multiplexed ADC.
  63:../../libDaisy//src/per/adc.h ****     Requires a CD405X Multiplexer connected to the pin.
  64:../../libDaisy//src/per/adc.h ****     You only need to supply the mux pins that are required,
  65:../../libDaisy//src/per/adc.h ****     e.g. a 4052 mux would only require mux_0 and mux_1.
  66:../../libDaisy//src/per/adc.h ****     Internal Callbacks handle the pin addressing.
  67:../../libDaisy//src/per/adc.h ****     \param adc_pin &
  68:../../libDaisy//src/per/adc.h ****     \param mux_channels must be 1-8
  69:../../libDaisy//src/per/adc.h ****     \param mux_0 First mux pin
  70:../../libDaisy//src/per/adc.h ****     \param mux_1 Second mux pin
  71:../../libDaisy//src/per/adc.h ****     \param mux_2 Third mux pin
  72:../../libDaisy//src/per/adc.h ****     \param speed conversion speed for this pin defaults to 8.5 cycles
  73:../../libDaisy//src/per/adc.h ****     */
  74:../../libDaisy//src/per/adc.h ****     void InitMux(dsy_gpio_pin    adc_pin,
  75:../../libDaisy//src/per/adc.h ****                  size_t          mux_channels,
  76:../../libDaisy//src/per/adc.h ****                  dsy_gpio_pin    mux_0,
ARM GAS  C:\Users\pisaa\AppData\Local\Temp\ccgIcmMr.s 			page 6


  77:../../libDaisy//src/per/adc.h ****                  dsy_gpio_pin    mux_1 = {DSY_GPIOX, 0},
  78:../../libDaisy//src/per/adc.h ****                  dsy_gpio_pin    mux_2 = {DSY_GPIOX, 0},
  79:../../libDaisy//src/per/adc.h ****                  ConversionSpeed speed = SPEED_8CYCLES_5);
  80:../../libDaisy//src/per/adc.h **** 
  81:../../libDaisy//src/per/adc.h ****     dsy_gpio        pin_;                   /**< & */
  82:../../libDaisy//src/per/adc.h ****     dsy_gpio        mux_pin_[MUX_SEL_LAST]; /**< & */
  83:../../libDaisy//src/per/adc.h ****     uint8_t         mux_channels_;          /**< & */
  84:../../libDaisy//src/per/adc.h ****     ConversionSpeed speed_;
  85:../../libDaisy//src/per/adc.h **** };
  86:../../libDaisy//src/per/adc.h **** 
  87:../../libDaisy//src/per/adc.h **** /**
  88:../../libDaisy//src/per/adc.h ****    @brief Handler for analog to digital conversion
  89:../../libDaisy//src/per/adc.h **** */
  90:../../libDaisy//src/per/adc.h **** class AdcHandle
  91:../../libDaisy//src/per/adc.h **** {
  92:../../libDaisy//src/per/adc.h ****   public:
  93:../../libDaisy//src/per/adc.h ****     /** Supported oversampling amounts */
  94:../../libDaisy//src/per/adc.h ****     enum OverSampling
  95:../../libDaisy//src/per/adc.h ****     {
  96:../../libDaisy//src/per/adc.h ****         OVS_NONE, /**< & */
  97:../../libDaisy//src/per/adc.h ****         OVS_4,    /**< & */
  98:../../libDaisy//src/per/adc.h ****         OVS_8,    /**< & */
  99:../../libDaisy//src/per/adc.h ****         OVS_16,   /**< & */
 100:../../libDaisy//src/per/adc.h ****         OVS_32,   /**< & */
 101:../../libDaisy//src/per/adc.h ****         OVS_64,   /**< & */
 102:../../libDaisy//src/per/adc.h ****         OVS_128,  /**< & */
 103:../../libDaisy//src/per/adc.h ****         OVS_256,  /**< & */
 104:../../libDaisy//src/per/adc.h ****         OVS_512,  /**< & */
 105:../../libDaisy//src/per/adc.h ****         OVS_1024, /**< & */
 106:../../libDaisy//src/per/adc.h ****         OVS_LAST, /**< & */
 107:../../libDaisy//src/per/adc.h ****     };
 108:../../libDaisy//src/per/adc.h **** 
 109:../../libDaisy//src/per/adc.h ****     AdcHandle() {}
 110:../../libDaisy//src/per/adc.h ****     ~AdcHandle() {}
  50              		.loc 4 110 5 is_stmt 1 view .LVU5
  51              		.loc 4 110 5 is_stmt 0 view .LVU6
  52              	.LBE188:
  53              	.LBB189:
  54              	.LBI189:
  55              		.file 5 "../../libDaisy//src/hid/audio.h"
   1:../../libDaisy//src/hid/audio.h **** #ifndef DSY_AUDIO_H
   2:../../libDaisy//src/hid/audio.h **** #define DSY_AUDIO_H /**< & */
   3:../../libDaisy//src/hid/audio.h **** 
   4:../../libDaisy//src/hid/audio.h **** #include "per/sai.h"
   5:../../libDaisy//src/hid/audio.h **** 
   6:../../libDaisy//src/hid/audio.h **** namespace daisy
   7:../../libDaisy//src/hid/audio.h **** {
   8:../../libDaisy//src/hid/audio.h **** /** @brief Audio Engine Handle
   9:../../libDaisy//src/hid/audio.h ****  *  @ingroup audio 
  10:../../libDaisy//src/hid/audio.h ****  *  @details This class allows for higher level access to an audio engine.
  11:../../libDaisy//src/hid/audio.h ****  *           If you're using a SOM like the DaisySeed or DaisyPatchSM (or any 
  12:../../libDaisy//src/hid/audio.h ****  *            board that includes one of those objects) then the intialization
  13:../../libDaisy//src/hid/audio.h ****  *            is already taken  care of.
  14:../../libDaisy//src/hid/audio.h ****  *           If you're setting up your own custom hardware, or need to make changes
  15:../../libDaisy//src/hid/audio.h ****  *           you will have to take the following steps:
  16:../../libDaisy//src/hid/audio.h ****  *             1. Create and Initialize an SaiHandle or two depending on your requirements
  17:../../libDaisy//src/hid/audio.h ****  *             2. Initialize the Audio Handle with the desired settings and the Initialized SaiHand
ARM GAS  C:\Users\pisaa\AppData\Local\Temp\ccgIcmMr.s 			page 7


  18:../../libDaisy//src/hid/audio.h ****  *             3. If the connected codec requires special configuration or initialization, do so
  19:../../libDaisy//src/hid/audio.h ****  *             4. Write a callback method using either the AudioCallback or the InterleavingAudioCa
  20:../../libDaisy//src/hid/audio.h ****  *             5. Start the Audio using one of the StartAudio function
  21:../../libDaisy//src/hid/audio.h ****  */
  22:../../libDaisy//src/hid/audio.h **** class AudioHandle
  23:../../libDaisy//src/hid/audio.h **** {
  24:../../libDaisy//src/hid/audio.h ****   public:
  25:../../libDaisy//src/hid/audio.h ****     /** Manually configurable details about the Audio Engine */
  26:../../libDaisy//src/hid/audio.h ****     /** TODO: Figure out how to get samplerate in here. */
  27:../../libDaisy//src/hid/audio.h ****     struct Config
  28:../../libDaisy//src/hid/audio.h ****     {
  29:../../libDaisy//src/hid/audio.h ****         /** number of samples to process per callback */
  30:../../libDaisy//src/hid/audio.h ****         size_t blocksize;
  31:../../libDaisy//src/hid/audio.h **** 
  32:../../libDaisy//src/hid/audio.h ****         /**< Sample rate of audio */
  33:../../libDaisy//src/hid/audio.h ****         SaiHandle::Config::SampleRate samplerate;
  34:../../libDaisy//src/hid/audio.h **** 
  35:../../libDaisy//src/hid/audio.h ****         /** factor for adjustment before and after callback for hardware that may have extra headro
  36:../../libDaisy//src/hid/audio.h ****         float postgain;
  37:../../libDaisy//src/hid/audio.h **** 
  38:../../libDaisy//src/hid/audio.h ****         /** factor for additional one-sided compensation to audio path for hardware that may
  39:../../libDaisy//src/hid/audio.h ****          *  have unequal input/output ranges
  40:../../libDaisy//src/hid/audio.h ****          */
  41:../../libDaisy//src/hid/audio.h ****         float output_compensation;
  42:../../libDaisy//src/hid/audio.h **** 
  43:../../libDaisy//src/hid/audio.h ****         /** Sets default values for config struct */
  44:../../libDaisy//src/hid/audio.h ****         Config()
  45:../../libDaisy//src/hid/audio.h ****         : blocksize(48),
  46:../../libDaisy//src/hid/audio.h ****           samplerate(SaiHandle::Config::SampleRate::SAI_48KHZ),
  47:../../libDaisy//src/hid/audio.h ****           postgain(1.f),
  48:../../libDaisy//src/hid/audio.h ****           output_compensation(1.f)
  49:../../libDaisy//src/hid/audio.h ****         {
  50:../../libDaisy//src/hid/audio.h ****         }
  51:../../libDaisy//src/hid/audio.h ****     };
  52:../../libDaisy//src/hid/audio.h **** 
  53:../../libDaisy//src/hid/audio.h ****     enum class Result
  54:../../libDaisy//src/hid/audio.h ****     {
  55:../../libDaisy//src/hid/audio.h ****         OK,
  56:../../libDaisy//src/hid/audio.h ****         ERR,
  57:../../libDaisy//src/hid/audio.h ****     };
  58:../../libDaisy//src/hid/audio.h **** 
  59:../../libDaisy//src/hid/audio.h ****     /** Non-Interleaving input buffer
  60:../../libDaisy//src/hid/audio.h ****      * Buffer arranged by float[chn][sample] 
  61:../../libDaisy//src/hid/audio.h ****      * const so that the user can't modify the input
  62:../../libDaisy//src/hid/audio.h ****      */
  63:../../libDaisy//src/hid/audio.h ****     typedef const float* const* InputBuffer;
  64:../../libDaisy//src/hid/audio.h **** 
  65:../../libDaisy//src/hid/audio.h ****     /** Non-Interleaving output buffer
  66:../../libDaisy//src/hid/audio.h ****      * Arranged by float[chn][sample] 
  67:../../libDaisy//src/hid/audio.h ****      */
  68:../../libDaisy//src/hid/audio.h ****     typedef float** OutputBuffer;
  69:../../libDaisy//src/hid/audio.h **** 
  70:../../libDaisy//src/hid/audio.h ****     /** Type for a Non-Interleaving audio callback 
  71:../../libDaisy//src/hid/audio.h ****      * Non-Interleaving audio callbacks in daisy will be of this type
  72:../../libDaisy//src/hid/audio.h ****      */
  73:../../libDaisy//src/hid/audio.h ****     typedef void (*AudioCallback)(InputBuffer  in,
  74:../../libDaisy//src/hid/audio.h ****                                   OutputBuffer out,
ARM GAS  C:\Users\pisaa\AppData\Local\Temp\ccgIcmMr.s 			page 8


  75:../../libDaisy//src/hid/audio.h ****                                   size_t       size);
  76:../../libDaisy//src/hid/audio.h **** 
  77:../../libDaisy//src/hid/audio.h ****     /** Interleaving Input buffer
  78:../../libDaisy//src/hid/audio.h ****      ** audio is prepared as { L0, R0, L1, R1, . . . LN, RN }]
  79:../../libDaisy//src/hid/audio.h ****      ** this is const, as the user shouldn't modify it
  80:../../libDaisy//src/hid/audio.h ****     */
  81:../../libDaisy//src/hid/audio.h ****     typedef const float* InterleavingInputBuffer;
  82:../../libDaisy//src/hid/audio.h **** 
  83:../../libDaisy//src/hid/audio.h ****     /** Interleaving Output buffer 
  84:../../libDaisy//src/hid/audio.h ****      ** audio is prepared as { L0, R0, L1, R1, . . . LN, RN }
  85:../../libDaisy//src/hid/audio.h ****     */
  86:../../libDaisy//src/hid/audio.h ****     typedef float* InterleavingOutputBuffer;
  87:../../libDaisy//src/hid/audio.h **** 
  88:../../libDaisy//src/hid/audio.h ****     /** Interleaving Audio Callback 
  89:../../libDaisy//src/hid/audio.h ****      * Interleaving audio callbacks in daisy must be of this type
  90:../../libDaisy//src/hid/audio.h ****      */
  91:../../libDaisy//src/hid/audio.h ****     typedef void (*InterleavingAudioCallback)(InterleavingInputBuffer  in,
  92:../../libDaisy//src/hid/audio.h ****                                               InterleavingOutputBuffer out,
  93:../../libDaisy//src/hid/audio.h ****                                               size_t                   size);
  94:../../libDaisy//src/hid/audio.h **** 
  95:../../libDaisy//src/hid/audio.h ****     AudioHandle() : pimpl_(nullptr) {}
  96:../../libDaisy//src/hid/audio.h ****     ~AudioHandle() {}
  56              		.loc 5 96 5 is_stmt 1 view .LVU7
  57              		.loc 5 96 5 is_stmt 0 view .LVU8
  58              	.LBE189:
  59              		.loc 1 22 19 view .LVU9
  60 0000 7047     		bx	lr
  61              		.cfi_endproc
  62              	.LFE4676:
  64              		.weak	_ZN5daisy9DaisySeedD1Ev
  65              		.thumb_set _ZN5daisy9DaisySeedD1Ev,_ZN5daisy9DaisySeedD2Ev
  66 0002 00BF     		.section	.text._ZN7daisysp9DelayLineIfLj48000EED2Ev,"axG",%progbits,_ZN7daisysp9DelayLineIfLj48000
  67              		.align	1
  68              		.p2align 2,,3
  69              		.weak	_ZN7daisysp9DelayLineIfLj48000EED2Ev
  70              		.syntax unified
  71              		.thumb
  72              		.thumb_func
  73              		.fpu fpv5-d16
  75              	_ZN7daisysp9DelayLineIfLj48000EED2Ev:
  76              	.LVL1:
  77              	.LFB5256:
  78              		.file 6 "../../DaisySP//Source/Utility/delayline.h"
   1:../../DaisySP//Source/Utility/delayline.h **** /*
   2:../../DaisySP//Source/Utility/delayline.h **** Copyright (c) 2020 Electrosmith, Corp
   3:../../DaisySP//Source/Utility/delayline.h **** 
   4:../../DaisySP//Source/Utility/delayline.h **** Use of this source code is governed by an MIT-style
   5:../../DaisySP//Source/Utility/delayline.h **** license that can be found in the LICENSE file or at
   6:../../DaisySP//Source/Utility/delayline.h **** https://opensource.org/licenses/MIT.
   7:../../DaisySP//Source/Utility/delayline.h **** */
   8:../../DaisySP//Source/Utility/delayline.h **** 
   9:../../DaisySP//Source/Utility/delayline.h **** #pragma once
  10:../../DaisySP//Source/Utility/delayline.h **** #ifndef DSY_DELAY_H
  11:../../DaisySP//Source/Utility/delayline.h **** #define DSY_DELAY_H
  12:../../DaisySP//Source/Utility/delayline.h **** #include <stdlib.h>
  13:../../DaisySP//Source/Utility/delayline.h **** #include <stdint.h>
  14:../../DaisySP//Source/Utility/delayline.h **** namespace daisysp
ARM GAS  C:\Users\pisaa\AppData\Local\Temp\ccgIcmMr.s 			page 9


  15:../../DaisySP//Source/Utility/delayline.h **** {
  16:../../DaisySP//Source/Utility/delayline.h **** /** Simple Delay line.
  17:../../DaisySP//Source/Utility/delayline.h **** November 2019
  18:../../DaisySP//Source/Utility/delayline.h **** 
  19:../../DaisySP//Source/Utility/delayline.h **** Converted to Template December 2019
  20:../../DaisySP//Source/Utility/delayline.h **** 
  21:../../DaisySP//Source/Utility/delayline.h **** declaration example: (1 second of floats)
  22:../../DaisySP//Source/Utility/delayline.h **** 
  23:../../DaisySP//Source/Utility/delayline.h **** DelayLine<float, SAMPLE_RATE> del;
  24:../../DaisySP//Source/Utility/delayline.h **** 
  25:../../DaisySP//Source/Utility/delayline.h **** By: shensley
  26:../../DaisySP//Source/Utility/delayline.h **** */
  27:../../DaisySP//Source/Utility/delayline.h **** template <typename T, size_t max_size>
  28:../../DaisySP//Source/Utility/delayline.h **** class DelayLine
  29:../../DaisySP//Source/Utility/delayline.h **** {
  30:../../DaisySP//Source/Utility/delayline.h ****   public:
  31:../../DaisySP//Source/Utility/delayline.h ****     DelayLine() {}
  32:../../DaisySP//Source/Utility/delayline.h ****     ~DelayLine() {}
  79              		.loc 6 32 5 is_stmt 1 view -0
  80              		.cfi_startproc
  81              		@ args = 0, pretend = 0, frame = 0
  82              		@ frame_needed = 0, uses_anonymous_args = 0
  83              		@ link register save eliminated.
  84              		.loc 6 32 19 is_stmt 0 view .LVU11
  85 0000 7047     		bx	lr
  86              		.cfi_endproc
  87              	.LFE5256:
  89              		.weak	_ZN7daisysp9DelayLineIfLj48000EED1Ev
  90              		.thumb_set _ZN7daisysp9DelayLineIfLj48000EED1Ev,_ZN7daisysp9DelayLineIfLj48000EED2Ev
  91              		.section	.text._Z7initADCv,"ax",%progbits
  92              		.align	1
  93              		.p2align 2,,3
  94              		.global	_Z7initADCv
  95              		.syntax unified
  96              		.thumb
  97              		.thumb_func
  98              		.fpu fpv5-d16
 100              	_Z7initADCv:
 101              	.LFB4683:
 102              		.file 7 "freq-fiche.cpp"
   1:freq-fiche.cpp **** #include "daisysp.h"
   2:freq-fiche.cpp **** #include "daisy_seed.h"
   3:freq-fiche.cpp **** 
   4:freq-fiche.cpp **** // Set maximum delay time
   5:freq-fiche.cpp **** #define MAX_DELAY static_cast<size_t>(48000)
   6:freq-fiche.cpp **** 
   7:freq-fiche.cpp **** using namespace daisy;
   8:freq-fiche.cpp **** using namespace daisy::seed;
   9:freq-fiche.cpp **** using namespace daisysp;
  10:freq-fiche.cpp **** 
  11:freq-fiche.cpp **** // Potentiometer definitions
  12:freq-fiche.cpp **** #define POT_MIX  A0
  13:freq-fiche.cpp **** #define POT_FB 	 A1
  14:freq-fiche.cpp **** #define POT_TIME A2
  15:freq-fiche.cpp **** 
  16:freq-fiche.cpp **** // ADC channel declarations
  17:freq-fiche.cpp **** enum AdcChannel {
ARM GAS  C:\Users\pisaa\AppData\Local\Temp\ccgIcmMr.s 			page 10


  18:freq-fiche.cpp **** 	knobOne,
  19:freq-fiche.cpp **** 	knobTwo,
  20:freq-fiche.cpp **** 	knobThree,
  21:freq-fiche.cpp **** 	NUM_ADC_CHANNELS
  22:freq-fiche.cpp **** };
  23:freq-fiche.cpp **** 
  24:freq-fiche.cpp **** static DaisySeed hw;
  25:freq-fiche.cpp **** 
  26:freq-fiche.cpp **** // Knob setting initializations
  27:freq-fiche.cpp **** float mix = 0.5f;
  28:freq-fiche.cpp **** float feedback_lvl = 0.5f;
  29:freq-fiche.cpp **** float delay_time = 0.5f;
  30:freq-fiche.cpp **** 
  31:freq-fiche.cpp **** // ADC declarations
  32:freq-fiche.cpp **** void initADC();
  33:freq-fiche.cpp **** void procADC();
  34:freq-fiche.cpp **** 
  35:freq-fiche.cpp **** // Declare DelayLine with MAX_DELAY number of samples.
  36:freq-fiche.cpp **** static DelayLine<float, MAX_DELAY> del_l, del_r;
  37:freq-fiche.cpp **** 
  38:freq-fiche.cpp **** static void AudioCallback(AudioHandle::InputBuffer in, AudioHandle::OutputBuffer out, size_t size)
  39:freq-fiche.cpp **** {
  40:freq-fiche.cpp ****     float dry_l, dry_r, wet_l, wet_r;
  41:freq-fiche.cpp **** 
  42:freq-fiche.cpp ****     procADC();
  43:freq-fiche.cpp **** 
  44:freq-fiche.cpp ****     // Set Delay time (samples)
  45:freq-fiche.cpp ****     float time_N = delay_time * MAX_DELAY;
  46:freq-fiche.cpp ****     del_l.SetDelay(time_N);
  47:freq-fiche.cpp ****     del_r.SetDelay(time_N);
  48:freq-fiche.cpp **** 
  49:freq-fiche.cpp ****     for(size_t i = 0; i < size; i++)
  50:freq-fiche.cpp ****     {
  51:freq-fiche.cpp ****         // Read dry input signal
  52:freq-fiche.cpp ****         dry_l = in[0][i];
  53:freq-fiche.cpp ****         dry_r = in[1][i];
  54:freq-fiche.cpp **** 
  55:freq-fiche.cpp ****         // Read previous wet (delayed) signal
  56:freq-fiche.cpp ****         wet_l = del_l.Read();
  57:freq-fiche.cpp ****         wet_r = del_r.Read();
  58:freq-fiche.cpp **** 
  59:freq-fiche.cpp ****         // Write next delayed signal (feedback loop)
  60:freq-fiche.cpp ****         del_l.Write(dry_l + (wet_l * feedback_lvl));
  61:freq-fiche.cpp ****         del_r.Write(dry_r + (wet_r * feedback_lvl));
  62:freq-fiche.cpp **** 
  63:freq-fiche.cpp ****         // Mix dry/wet signals, write as output
  64:freq-fiche.cpp ****         out[0][i] = (dry_l * (1.0f - mix)) + (wet_l * mix);
  65:freq-fiche.cpp ****         out[1][i] = (dry_r * (1.0f - mix)) + (wet_r * mix);
  66:freq-fiche.cpp ****     }
  67:freq-fiche.cpp **** }
  68:freq-fiche.cpp **** 
  69:freq-fiche.cpp **** int main(void)
  70:freq-fiche.cpp **** {
  71:freq-fiche.cpp ****     // Initializations
  72:freq-fiche.cpp ****     // float sample_rate;
  73:freq-fiche.cpp ****     hw.Configure();
  74:freq-fiche.cpp ****     hw.Init();
ARM GAS  C:\Users\pisaa\AppData\Local\Temp\ccgIcmMr.s 			page 11


  75:freq-fiche.cpp ****     hw.SetAudioBlockSize(4);
  76:freq-fiche.cpp ****     // sample_rate = hw.AudioSampleRate();
  77:freq-fiche.cpp **** 
  78:freq-fiche.cpp **** 	initADC();
  79:freq-fiche.cpp **** 
  80:freq-fiche.cpp ****     del_l.Init();
  81:freq-fiche.cpp ****     del_r.Init();
  82:freq-fiche.cpp **** 
  83:freq-fiche.cpp ****     // Start callback
  84:freq-fiche.cpp ****     hw.StartAudio(AudioCallback);
  85:freq-fiche.cpp **** 
  86:freq-fiche.cpp ****     while(1) {}
  87:freq-fiche.cpp **** }
  88:freq-fiche.cpp **** 
  89:freq-fiche.cpp **** // ADC processing definitions
  90:freq-fiche.cpp **** void initADC()
  91:freq-fiche.cpp **** {
 103              		.loc 7 91 1 is_stmt 1 view -0
 104              		.cfi_startproc
 105              		@ args = 0, pretend = 0, frame = 72
 106              		@ frame_needed = 0, uses_anonymous_args = 0
  92:freq-fiche.cpp **** 	AdcChannelConfig adcConfig[NUM_ADC_CHANNELS];
 107              		.loc 7 92 2 view .LVU13
  93:freq-fiche.cpp **** 	adcConfig[knobOne].InitSingle(POT_MIX);
 108              		.loc 7 93 2 view .LVU14
  91:freq-fiche.cpp **** 	AdcChannelConfig adcConfig[NUM_ADC_CHANNELS];
 109              		.loc 7 91 1 is_stmt 0 view .LVU15
 110 0000 70B5     		push	{r4, r5, r6, lr}
 111              		.cfi_def_cfa_offset 16
 112              		.cfi_offset 4, -16
 113              		.cfi_offset 5, -12
 114              		.cfi_offset 6, -8
 115              		.cfi_offset 14, -4
 116              		.loc 7 93 31 view .LVU16
 117 0002 0224     		movs	r4, #2
  91:freq-fiche.cpp **** 	AdcChannelConfig adcConfig[NUM_ADC_CHANNELS];
 118              		.loc 7 91 1 view .LVU17
 119 0004 92B0     		sub	sp, sp, #72
 120              		.cfi_def_cfa_offset 88
 121              		.loc 7 93 31 view .LVU18
 122 0006 0026     		movs	r6, #0
  94:freq-fiche.cpp **** 	adcConfig[knobTwo].InitSingle(POT_FB);
 123              		.loc 7 94 31 view .LVU19
 124 0008 0325     		movs	r5, #3
  93:freq-fiche.cpp **** 	adcConfig[knobOne].InitSingle(POT_MIX);
 125              		.loc 7 93 31 view .LVU20
 126 000a 8DF80440 		strb	r4, [sp, #4]
 127 000e 2246     		mov	r2, r4
 128 0010 8DF80560 		strb	r6, [sp, #5]
 129 0014 04A8     		add	r0, sp, #16
 130 0016 0199     		ldr	r1, [sp, #4]
 131 0018 FFF7FEFF 		bl	_ZN5daisy16AdcChannelConfig10InitSingleE12dsy_gpio_pinNS0_15ConversionSpeedE
 132              	.LVL2:
 133              		.loc 7 94 2 is_stmt 1 view .LVU21
 134              		.loc 7 94 31 is_stmt 0 view .LVU22
 135 001c 8DF80860 		strb	r6, [sp, #8]
 136 0020 8DF80950 		strb	r5, [sp, #9]
ARM GAS  C:\Users\pisaa\AppData\Local\Temp\ccgIcmMr.s 			page 12


 137 0024 2246     		mov	r2, r4
 138 0026 0299     		ldr	r1, [sp, #8]
 139 0028 0DF12200 		add	r0, sp, #34
 140 002c FFF7FEFF 		bl	_ZN5daisy16AdcChannelConfig10InitSingleE12dsy_gpio_pinNS0_15ConversionSpeedE
 141              	.LVL3:
  95:freq-fiche.cpp **** 	adcConfig[knobThree].InitSingle(POT_TIME);
 142              		.loc 7 95 2 is_stmt 1 view .LVU23
 143              		.loc 7 95 33 is_stmt 0 view .LVU24
 144 0030 0123     		movs	r3, #1
 145 0032 2246     		mov	r2, r4
 146 0034 0DA8     		add	r0, sp, #52
 147 0036 8DF80C30 		strb	r3, [sp, #12]
 148 003a 8DF80D30 		strb	r3, [sp, #13]
 149 003e 0399     		ldr	r1, [sp, #12]
 150 0040 FFF7FEFF 		bl	_ZN5daisy16AdcChannelConfig10InitSingleE12dsy_gpio_pinNS0_15ConversionSpeedE
 151              	.LVL4:
  96:freq-fiche.cpp **** 
  97:freq-fiche.cpp **** 	hw.adc.Init(adcConfig, NUM_ADC_CHANNELS);
 152              		.loc 7 97 2 is_stmt 1 view .LVU25
 153              		.loc 7 97 13 is_stmt 0 view .LVU26
 154 0044 0423     		movs	r3, #4
 155 0046 2A46     		mov	r2, r5
 156 0048 04A9     		add	r1, sp, #16
 157 004a 0448     		ldr	r0, .L6
 158 004c FFF7FEFF 		bl	_ZN5daisy9AdcHandle4InitEPNS_16AdcChannelConfigEjNS0_12OverSamplingE
 159              	.LVL5:
  98:freq-fiche.cpp **** 	hw.adc.Start();
 160              		.loc 7 98 2 is_stmt 1 view .LVU27
 161              		.loc 7 98 14 is_stmt 0 view .LVU28
 162 0050 0248     		ldr	r0, .L6
 163 0052 FFF7FEFF 		bl	_ZN5daisy9AdcHandle5StartEv
 164              	.LVL6:
  99:freq-fiche.cpp **** }
 165              		.loc 7 99 1 view .LVU29
 166 0056 12B0     		add	sp, sp, #72
 167              		.cfi_def_cfa_offset 16
 168              		@ sp needed
 169 0058 70BD     		pop	{r4, r5, r6, pc}
 170              	.L7:
 171 005a 00BF     		.align	2
 172              	.L6:
 173 005c 18000000 		.word	.LANCHOR0+24
 174              		.cfi_endproc
 175              	.LFE4683:
 177              		.section	.text.startup.main,"ax",%progbits
 178              		.align	1
 179              		.p2align 2,,3
 180              		.global	main
 181              		.syntax unified
 182              		.thumb
 183              		.thumb_func
 184              		.fpu fpv5-d16
 186              	main:
 187              	.LFB4682:
  70:freq-fiche.cpp ****     // Initializations
 188              		.loc 7 70 1 is_stmt 1 view -0
 189              		.cfi_startproc
ARM GAS  C:\Users\pisaa\AppData\Local\Temp\ccgIcmMr.s 			page 13


 190              		@ Volatile: function does not return.
 191              		@ args = 0, pretend = 0, frame = 0
 192              		@ frame_needed = 0, uses_anonymous_args = 0
  73:freq-fiche.cpp ****     hw.Init();
 193              		.loc 7 73 5 view .LVU31
 194              	.LBB190:
 195              	.LBB191:
 196              	.LBB192:
  33:../../DaisySP//Source/Utility/delayline.h ****     /** initializes the delay line by clearing the values within, and setting delay to 1 sample.
  34:../../DaisySP//Source/Utility/delayline.h ****     */
  35:../../DaisySP//Source/Utility/delayline.h ****     void Init() { Reset(); }
  36:../../DaisySP//Source/Utility/delayline.h ****     /** clears buffer, sets write ptr to 0, and delay to 1 sample.
  37:../../DaisySP//Source/Utility/delayline.h ****     */
  38:../../DaisySP//Source/Utility/delayline.h ****     void Reset()
  39:../../DaisySP//Source/Utility/delayline.h ****     {
  40:../../DaisySP//Source/Utility/delayline.h ****         for(size_t i = 0; i < max_size; i++)
  41:../../DaisySP//Source/Utility/delayline.h ****         {
  42:../../DaisySP//Source/Utility/delayline.h ****             line_[i] = T(0);
  43:../../DaisySP//Source/Utility/delayline.h ****         }
  44:../../DaisySP//Source/Utility/delayline.h ****         write_ptr_ = 0;
 197              		.loc 6 44 20 is_stmt 0 view .LVU32
 198 0000 0024     		movs	r4, #0
 199              	.LBE192:
 200              	.LBE191:
 201              	.LBE190:
  73:freq-fiche.cpp ****     hw.Init();
 202              		.loc 7 73 17 view .LVU33
 203 0002 1248     		ldr	r0, .L11
 204              	.LBB200:
 205              	.LBB197:
 206              	.LBB194:
  45:../../DaisySP//Source/Utility/delayline.h ****         delay_     = 1;
 207              		.loc 6 45 20 view .LVU34
 208 0004 0125     		movs	r5, #1
 209              	.LBE194:
 210              	.LBE197:
 211              	.LBE200:
  70:freq-fiche.cpp ****     // Initializations
 212              		.loc 7 70 1 view .LVU35
 213 0006 08B5     		push	{r3, lr}
 214              		.cfi_def_cfa_offset 8
 215              		.cfi_offset 3, -8
 216              		.cfi_offset 14, -4
  73:freq-fiche.cpp ****     hw.Init();
 217              		.loc 7 73 17 view .LVU36
 218 0008 FFF7FEFF 		bl	_ZN5daisy9DaisySeed9ConfigureEv
 219              	.LVL7:
  74:freq-fiche.cpp ****     hw.SetAudioBlockSize(4);
 220              		.loc 7 74 5 is_stmt 1 view .LVU37
  74:freq-fiche.cpp ****     hw.SetAudioBlockSize(4);
 221              		.loc 7 74 12 is_stmt 0 view .LVU38
 222 000c 2146     		mov	r1, r4
 223 000e 0F48     		ldr	r0, .L11
 224 0010 FFF7FEFF 		bl	_ZN5daisy9DaisySeed4InitEb
 225              	.LVL8:
  75:freq-fiche.cpp ****     // sample_rate = hw.AudioSampleRate();
 226              		.loc 7 75 5 is_stmt 1 view .LVU39
ARM GAS  C:\Users\pisaa\AppData\Local\Temp\ccgIcmMr.s 			page 14


  75:freq-fiche.cpp ****     // sample_rate = hw.AudioSampleRate();
 227              		.loc 7 75 25 is_stmt 0 view .LVU40
 228 0014 0421     		movs	r1, #4
 229 0016 0D48     		ldr	r0, .L11
 230 0018 FFF7FEFF 		bl	_ZN5daisy9DaisySeed17SetAudioBlockSizeEj
 231              	.LVL9:
  78:freq-fiche.cpp **** 
 232              		.loc 7 78 2 is_stmt 1 view .LVU41
  78:freq-fiche.cpp **** 
 233              		.loc 7 78 9 is_stmt 0 view .LVU42
 234 001c FFF7FEFF 		bl	_Z7initADCv
 235              	.LVL10:
  80:freq-fiche.cpp ****     del_r.Init();
 236              		.loc 7 80 5 is_stmt 1 view .LVU43
 237              	.LBB201:
 238              	.LBI190:
  35:../../DaisySP//Source/Utility/delayline.h ****     /** clears buffer, sets write ptr to 0, and delay to 1 sample.
 239              		.loc 6 35 10 view .LVU44
 240              	.LBB198:
 241              	.LBI191:
  38:../../DaisySP//Source/Utility/delayline.h ****     {
 242              		.loc 6 38 10 view .LVU45
 243              	.LBB195:
 244              	.LBB193:
  40:../../DaisySP//Source/Utility/delayline.h ****         {
 245              		.loc 6 40 29 view .LVU46
  42:../../DaisySP//Source/Utility/delayline.h ****         }
 246              		.loc 6 42 22 is_stmt 0 view .LVU47
 247 0020 0B4A     		ldr	r2, .L11+4
 248 0022 2146     		mov	r1, r4
 249 0024 0B48     		ldr	r0, .L11+8
 250 0026 FFF7FEFF 		bl	memset
 251              	.LVL11:
  42:../../DaisySP//Source/Utility/delayline.h ****         }
 252              		.loc 6 42 22 view .LVU48
 253              	.LBE193:
  44:../../DaisySP//Source/Utility/delayline.h ****         delay_     = 1;
 254              		.loc 6 44 20 view .LVU49
 255 002a 0B4B     		ldr	r3, .L11+12
 256              	.LBE195:
 257              	.LBE198:
 258              	.LBE201:
 259              	.LBB202:
 260              	.LBB203:
 261              	.LBB204:
 262              	.LBB205:
  42:../../DaisySP//Source/Utility/delayline.h ****         }
 263              		.loc 6 42 22 view .LVU50
 264 002c 2146     		mov	r1, r4
 265 002e 084A     		ldr	r2, .L11+4
 266 0030 0A48     		ldr	r0, .L11+16
 267              	.LBE205:
 268              	.LBE204:
 269              	.LBE203:
 270              	.LBE202:
 271              	.LBB211:
 272              	.LBB199:
ARM GAS  C:\Users\pisaa\AppData\Local\Temp\ccgIcmMr.s 			page 15


 273              	.LBB196:
 274              		.loc 6 45 20 view .LVU51
 275 0032 C3E90145 		strd	r4, r5, [r3, #4]
 276              	.LVL12:
 277              		.loc 6 45 20 view .LVU52
 278              	.LBE196:
 279              	.LBE199:
 280              	.LBE211:
 281              	.LBB212:
 282              	.LBB209:
 283              	.LBB207:
 284              	.LBB206:
  40:../../DaisySP//Source/Utility/delayline.h ****         {
 285              		.loc 6 40 29 is_stmt 1 view .LVU53
  42:../../DaisySP//Source/Utility/delayline.h ****         }
 286              		.loc 6 42 22 is_stmt 0 view .LVU54
 287 0036 FFF7FEFF 		bl	memset
 288              	.LVL13:
  42:../../DaisySP//Source/Utility/delayline.h ****         }
 289              		.loc 6 42 22 view .LVU55
 290              	.LBE206:
  44:../../DaisySP//Source/Utility/delayline.h ****         delay_     = 1;
 291              		.loc 6 44 20 view .LVU56
 292 003a 094B     		ldr	r3, .L11+20
 293              	.LBE207:
 294              	.LBE209:
 295              	.LBE212:
  84:freq-fiche.cpp **** 
 296              		.loc 7 84 18 view .LVU57
 297 003c 0949     		ldr	r1, .L11+24
 298 003e 0348     		ldr	r0, .L11
 299              	.LBB213:
 300              	.LBB210:
 301              	.LBB208:
 302              		.loc 6 45 20 view .LVU58
 303 0040 C3E90145 		strd	r4, r5, [r3, #4]
 304              	.LBE208:
 305              	.LBE210:
 306              	.LBE213:
  84:freq-fiche.cpp **** 
 307              		.loc 7 84 5 is_stmt 1 view .LVU59
  84:freq-fiche.cpp **** 
 308              		.loc 7 84 18 is_stmt 0 view .LVU60
 309 0044 FFF7FEFF 		bl	_ZN5daisy9DaisySeed10StartAudioEPFvPKPKfPPfjE
 310              	.LVL14:
 311              	.L9:
  86:freq-fiche.cpp **** }
 312              		.loc 7 86 5 is_stmt 1 discriminator 1 view .LVU61
  86:freq-fiche.cpp **** }
 313              		.loc 7 86 5 discriminator 1 view .LVU62
  86:freq-fiche.cpp **** }
 314              		.loc 7 86 5 discriminator 1 view .LVU63
  86:freq-fiche.cpp **** }
 315              		.loc 7 86 5 discriminator 1 view .LVU64
 316 0048 FEE7     		b	.L9
 317              	.L12:
 318 004a 00BF     		.align	2
ARM GAS  C:\Users\pisaa\AppData\Local\Temp\ccgIcmMr.s 			page 16


 319              	.L11:
 320 004c 00000000 		.word	.LANCHOR0
 321 0050 00EE0200 		.word	192000
 322 0054 0C000000 		.word	_ZL5del_l+12
 323 0058 00000000 		.word	_ZL5del_l
 324 005c 0C000000 		.word	_ZL5del_r+12
 325 0060 00000000 		.word	_ZL5del_r
 326 0064 00000000 		.word	_ZL13AudioCallbackPKPKfPPfj
 327              		.cfi_endproc
 328              	.LFE4682:
 330              		.section	.text._Z7procADCv,"ax",%progbits
 331              		.align	1
 332              		.p2align 2,,3
 333              		.global	_Z7procADCv
 334              		.syntax unified
 335              		.thumb
 336              		.thumb_func
 337              		.fpu fpv5-d16
 339              	_Z7procADCv:
 340              	.LFB4684:
 100:freq-fiche.cpp **** 
 101:freq-fiche.cpp **** void procADC()
 102:freq-fiche.cpp **** {
 341              		.loc 7 102 1 view -0
 342              		.cfi_startproc
 343              		@ args = 0, pretend = 0, frame = 0
 344              		@ frame_needed = 0, uses_anonymous_args = 0
 103:freq-fiche.cpp ****     mix = fmap(hw.adc.GetFloat(knobOne), 0.0f, 1.0f, Mapping::LINEAR);
 345              		.loc 7 103 5 view .LVU66
 102:freq-fiche.cpp ****     mix = fmap(hw.adc.GetFloat(knobOne), 0.0f, 1.0f, Mapping::LINEAR);
 346              		.loc 7 102 1 is_stmt 0 view .LVU67
 347 0000 08B5     		push	{r3, lr}
 348              		.cfi_def_cfa_offset 8
 349              		.cfi_offset 3, -8
 350              		.cfi_offset 14, -4
 351              		.loc 7 103 15 view .LVU68
 352 0002 1B48     		ldr	r0, .L15
 353 0004 0021     		movs	r1, #0
 102:freq-fiche.cpp ****     mix = fmap(hw.adc.GetFloat(knobOne), 0.0f, 1.0f, Mapping::LINEAR);
 354              		.loc 7 102 1 view .LVU69
 355 0006 2DED028B 		vpush.64	{d8}
 356              		.cfi_def_cfa_offset 16
 357              		.cfi_offset 80, -16
 358              		.cfi_offset 81, -12
 359              		.loc 7 103 15 view .LVU70
 360 000a FFF7FEFF 		bl	_ZNK5daisy9AdcHandle8GetFloatEh
 361              	.LVL15:
 362              	.LBB214:
 363              	.LBI214:
 364              		.file 8 "../../DaisySP//Source/Utility/dsp.h"
   1:../../DaisySP//Source/Utility/dsp.h **** /*
   2:../../DaisySP//Source/Utility/dsp.h **** Copyright (c) 2020 Electrosmith, Corp, Emilie Gillet
   3:../../DaisySP//Source/Utility/dsp.h **** 
   4:../../DaisySP//Source/Utility/dsp.h **** Use of this source code is governed by an MIT-style
   5:../../DaisySP//Source/Utility/dsp.h **** license that can be found in the LICENSE file or at
   6:../../DaisySP//Source/Utility/dsp.h **** https://opensource.org/licenses/MIT.
   7:../../DaisySP//Source/Utility/dsp.h **** */
ARM GAS  C:\Users\pisaa\AppData\Local\Temp\ccgIcmMr.s 			page 17


   8:../../DaisySP//Source/Utility/dsp.h **** 
   9:../../DaisySP//Source/Utility/dsp.h **** /** Helpful defines, functions, and other utilities for use in/with daisysp modules.
  10:../../DaisySP//Source/Utility/dsp.h **** */
  11:../../DaisySP//Source/Utility/dsp.h **** #pragma once
  12:../../DaisySP//Source/Utility/dsp.h **** #ifndef DSY_CORE_DSP
  13:../../DaisySP//Source/Utility/dsp.h **** #define DSY_CORE_DSP
  14:../../DaisySP//Source/Utility/dsp.h **** #include <cassert>
  15:../../DaisySP//Source/Utility/dsp.h **** #include <cstdint>
  16:../../DaisySP//Source/Utility/dsp.h **** #include <random>
  17:../../DaisySP//Source/Utility/dsp.h **** #include <cmath>
  18:../../DaisySP//Source/Utility/dsp.h **** 
  19:../../DaisySP//Source/Utility/dsp.h **** /** PIs
  20:../../DaisySP//Source/Utility/dsp.h **** */
  21:../../DaisySP//Source/Utility/dsp.h **** #define PI_F 3.1415927410125732421875f
  22:../../DaisySP//Source/Utility/dsp.h **** #define TWOPI_F (2.0f * PI_F)
  23:../../DaisySP//Source/Utility/dsp.h **** #define HALFPI_F (PI_F * 0.5f)
  24:../../DaisySP//Source/Utility/dsp.h **** #define DSY_MIN(in, mn) (in < mn ? in : mn)
  25:../../DaisySP//Source/Utility/dsp.h **** #define DSY_MAX(in, mx) (in > mx ? in : mx)
  26:../../DaisySP//Source/Utility/dsp.h **** #define DSY_CLAMP(in, mn, mx) (DSY_MIN(DSY_MAX(in, mn), mx))
  27:../../DaisySP//Source/Utility/dsp.h **** #define DSY_COUNTOF(_arr) (sizeof(_arr) / sizeof(_arr[0]))
  28:../../DaisySP//Source/Utility/dsp.h **** 
  29:../../DaisySP//Source/Utility/dsp.h **** namespace daisysp
  30:../../DaisySP//Source/Utility/dsp.h **** {
  31:../../DaisySP//Source/Utility/dsp.h **** //Avoids division for random floats. e.g. rand() * kRandFrac
  32:../../DaisySP//Source/Utility/dsp.h **** static constexpr float kRandFrac = 1.f / (float)RAND_MAX;
  33:../../DaisySP//Source/Utility/dsp.h **** 
  34:../../DaisySP//Source/Utility/dsp.h **** //Convert from semitones to other units. e.g. 2 ^ (kOneTwelfth * x)
  35:../../DaisySP//Source/Utility/dsp.h **** static constexpr float kOneTwelfth = 1.f / 12.f;
  36:../../DaisySP//Source/Utility/dsp.h **** 
  37:../../DaisySP//Source/Utility/dsp.h **** /** efficient floating point min/max
  38:../../DaisySP//Source/Utility/dsp.h **** c/o stephen mccaul
  39:../../DaisySP//Source/Utility/dsp.h **** */
  40:../../DaisySP//Source/Utility/dsp.h **** inline float fmax(float a, float b)
  41:../../DaisySP//Source/Utility/dsp.h **** {
  42:../../DaisySP//Source/Utility/dsp.h ****     float r;
  43:../../DaisySP//Source/Utility/dsp.h **** #ifdef __arm__
  44:../../DaisySP//Source/Utility/dsp.h ****     asm("vmaxnm.f32 %[d], %[n], %[m]" : [d] "=t"(r) : [n] "t"(a), [m] "t"(b) :);
  45:../../DaisySP//Source/Utility/dsp.h **** #else
  46:../../DaisySP//Source/Utility/dsp.h ****     r = (a > b) ? a : b;
  47:../../DaisySP//Source/Utility/dsp.h **** #endif // __arm__
  48:../../DaisySP//Source/Utility/dsp.h ****     return r;
  49:../../DaisySP//Source/Utility/dsp.h **** }
  50:../../DaisySP//Source/Utility/dsp.h **** 
  51:../../DaisySP//Source/Utility/dsp.h **** inline float fmin(float a, float b)
  52:../../DaisySP//Source/Utility/dsp.h **** {
  53:../../DaisySP//Source/Utility/dsp.h ****     float r;
  54:../../DaisySP//Source/Utility/dsp.h **** #ifdef __arm__
  55:../../DaisySP//Source/Utility/dsp.h ****     asm("vminnm.f32 %[d], %[n], %[m]" : [d] "=t"(r) : [n] "t"(a), [m] "t"(b) :);
  56:../../DaisySP//Source/Utility/dsp.h **** #else
  57:../../DaisySP//Source/Utility/dsp.h ****     r = (a < b) ? a : b;
  58:../../DaisySP//Source/Utility/dsp.h **** #endif // __arm__
  59:../../DaisySP//Source/Utility/dsp.h ****     return r;
  60:../../DaisySP//Source/Utility/dsp.h **** }
  61:../../DaisySP//Source/Utility/dsp.h **** 
  62:../../DaisySP//Source/Utility/dsp.h **** /** quick fp clamp
  63:../../DaisySP//Source/Utility/dsp.h **** */
  64:../../DaisySP//Source/Utility/dsp.h **** inline float fclamp(float in, float min, float max)
ARM GAS  C:\Users\pisaa\AppData\Local\Temp\ccgIcmMr.s 			page 18


  65:../../DaisySP//Source/Utility/dsp.h **** {
  66:../../DaisySP//Source/Utility/dsp.h ****     return fmin(fmax(in, min), max);
  67:../../DaisySP//Source/Utility/dsp.h **** }
  68:../../DaisySP//Source/Utility/dsp.h **** 
  69:../../DaisySP//Source/Utility/dsp.h **** /** From Musicdsp.org "Fast power and root estimates for 32bit floats)
  70:../../DaisySP//Source/Utility/dsp.h **** Original code by Stefan Stenzel
  71:../../DaisySP//Source/Utility/dsp.h **** These are approximations
  72:../../DaisySP//Source/Utility/dsp.h **** */
  73:../../DaisySP//Source/Utility/dsp.h **** inline float fastpower(float f, int n)
  74:../../DaisySP//Source/Utility/dsp.h **** {
  75:../../DaisySP//Source/Utility/dsp.h ****     long *lp, l;
  76:../../DaisySP//Source/Utility/dsp.h ****     lp = (long *)(&f);
  77:../../DaisySP//Source/Utility/dsp.h ****     l  = *lp;
  78:../../DaisySP//Source/Utility/dsp.h ****     l -= 0x3F800000;
  79:../../DaisySP//Source/Utility/dsp.h ****     l <<= (n - 1);
  80:../../DaisySP//Source/Utility/dsp.h ****     l += 0x3F800000;
  81:../../DaisySP//Source/Utility/dsp.h ****     *lp = l;
  82:../../DaisySP//Source/Utility/dsp.h ****     return f;
  83:../../DaisySP//Source/Utility/dsp.h **** }
  84:../../DaisySP//Source/Utility/dsp.h **** 
  85:../../DaisySP//Source/Utility/dsp.h **** inline float fastroot(float f, int n)
  86:../../DaisySP//Source/Utility/dsp.h **** {
  87:../../DaisySP//Source/Utility/dsp.h ****     long *lp, l;
  88:../../DaisySP//Source/Utility/dsp.h ****     lp = (long *)(&f);
  89:../../DaisySP//Source/Utility/dsp.h ****     l  = *lp;
  90:../../DaisySP//Source/Utility/dsp.h ****     l -= 0x3F800000;
  91:../../DaisySP//Source/Utility/dsp.h ****     l >>= (n - 1);
  92:../../DaisySP//Source/Utility/dsp.h ****     l += 0x3F800000;
  93:../../DaisySP//Source/Utility/dsp.h ****     *lp = l;
  94:../../DaisySP//Source/Utility/dsp.h ****     return f;
  95:../../DaisySP//Source/Utility/dsp.h **** }
  96:../../DaisySP//Source/Utility/dsp.h **** 
  97:../../DaisySP//Source/Utility/dsp.h **** /** Significantly more efficient than fmodf(x, 1.0f) for calculating
  98:../../DaisySP//Source/Utility/dsp.h ****  *  the decimal part of a floating point value.
  99:../../DaisySP//Source/Utility/dsp.h ****  */
 100:../../DaisySP//Source/Utility/dsp.h **** inline float fastmod1f(float x)
 101:../../DaisySP//Source/Utility/dsp.h **** {
 102:../../DaisySP//Source/Utility/dsp.h ****     return x - static_cast<int>(x);
 103:../../DaisySP//Source/Utility/dsp.h **** }
 104:../../DaisySP//Source/Utility/dsp.h **** 
 105:../../DaisySP//Source/Utility/dsp.h **** /** From http://openaudio.blogspot.com/2017/02/faster-log10-and-pow.html
 106:../../DaisySP//Source/Utility/dsp.h **** No approximation, pow10f(x) gives a 90% speed increase over powf(10.f, x)
 107:../../DaisySP//Source/Utility/dsp.h **** */
 108:../../DaisySP//Source/Utility/dsp.h **** inline float pow10f(float f)
 109:../../DaisySP//Source/Utility/dsp.h **** {
 110:../../DaisySP//Source/Utility/dsp.h ****     return expf(2.302585092994046f * f);
 111:../../DaisySP//Source/Utility/dsp.h **** }
 112:../../DaisySP//Source/Utility/dsp.h **** 
 113:../../DaisySP//Source/Utility/dsp.h **** /* Original code for fastlog2f by Dr. Paul Beckmann from the ARM community forum, adapted from the 
 114:../../DaisySP//Source/Utility/dsp.h **** About 25% performance increase over std::log10f
 115:../../DaisySP//Source/Utility/dsp.h **** */
 116:../../DaisySP//Source/Utility/dsp.h **** inline float fastlog2f(float f)
 117:../../DaisySP//Source/Utility/dsp.h **** {
 118:../../DaisySP//Source/Utility/dsp.h ****     float frac;
 119:../../DaisySP//Source/Utility/dsp.h ****     int   exp;
 120:../../DaisySP//Source/Utility/dsp.h ****     frac = frexpf(fabsf(f), &exp);
 121:../../DaisySP//Source/Utility/dsp.h ****     f    = 1.23149591368684f;
ARM GAS  C:\Users\pisaa\AppData\Local\Temp\ccgIcmMr.s 			page 19


 122:../../DaisySP//Source/Utility/dsp.h ****     f *= frac;
 123:../../DaisySP//Source/Utility/dsp.h ****     f += -4.11852516267426f;
 124:../../DaisySP//Source/Utility/dsp.h ****     f *= frac;
 125:../../DaisySP//Source/Utility/dsp.h ****     f += 6.02197014179219f;
 126:../../DaisySP//Source/Utility/dsp.h ****     f *= frac;
 127:../../DaisySP//Source/Utility/dsp.h ****     f += -3.13396450166353f;
 128:../../DaisySP//Source/Utility/dsp.h ****     f += exp;
 129:../../DaisySP//Source/Utility/dsp.h ****     return (f);
 130:../../DaisySP//Source/Utility/dsp.h **** }
 131:../../DaisySP//Source/Utility/dsp.h **** 
 132:../../DaisySP//Source/Utility/dsp.h **** inline float fastlog10f(float f)
 133:../../DaisySP//Source/Utility/dsp.h **** {
 134:../../DaisySP//Source/Utility/dsp.h ****     return fastlog2f(f) * 0.3010299956639812f;
 135:../../DaisySP//Source/Utility/dsp.h **** }
 136:../../DaisySP//Source/Utility/dsp.h **** 
 137:../../DaisySP//Source/Utility/dsp.h **** /** Midi to frequency helper
 138:../../DaisySP//Source/Utility/dsp.h **** */
 139:../../DaisySP//Source/Utility/dsp.h **** inline float mtof(float m)
 140:../../DaisySP//Source/Utility/dsp.h **** {
 141:../../DaisySP//Source/Utility/dsp.h ****     return powf(2, (m - 69.0f) / 12.0f) * 440.0f;
 142:../../DaisySP//Source/Utility/dsp.h **** }
 143:../../DaisySP//Source/Utility/dsp.h **** 
 144:../../DaisySP//Source/Utility/dsp.h **** 
 145:../../DaisySP//Source/Utility/dsp.h **** /** one pole lpf
 146:../../DaisySP//Source/Utility/dsp.h **** out is passed by reference, and must be retained between
 147:../../DaisySP//Source/Utility/dsp.h **** calls to properly filter the signal
 148:../../DaisySP//Source/Utility/dsp.h **** coeff can be calculated:
 149:../../DaisySP//Source/Utility/dsp.h **** coeff = 1.0 / (time * sample_rate) ; where time is in seconds
 150:../../DaisySP//Source/Utility/dsp.h **** */
 151:../../DaisySP//Source/Utility/dsp.h **** inline void fonepole(float &out, float in, float coeff)
 152:../../DaisySP//Source/Utility/dsp.h **** {
 153:../../DaisySP//Source/Utility/dsp.h ****     out += coeff * (in - out);
 154:../../DaisySP//Source/Utility/dsp.h **** }
 155:../../DaisySP//Source/Utility/dsp.h **** 
 156:../../DaisySP//Source/Utility/dsp.h **** /** Curves to use with the fmap function */
 157:../../DaisySP//Source/Utility/dsp.h **** enum class Mapping
 158:../../DaisySP//Source/Utility/dsp.h **** {
 159:../../DaisySP//Source/Utility/dsp.h ****     LINEAR,
 160:../../DaisySP//Source/Utility/dsp.h ****     EXP,
 161:../../DaisySP//Source/Utility/dsp.h ****     LOG,
 162:../../DaisySP//Source/Utility/dsp.h **** };
 163:../../DaisySP//Source/Utility/dsp.h **** 
 164:../../DaisySP//Source/Utility/dsp.h **** /** Maps a float between a specified range, using a specified curve.
 165:../../DaisySP//Source/Utility/dsp.h ****  *
 166:../../DaisySP//Source/Utility/dsp.h ****  *  \param in a value between 0 to 1 that will be mapped to the new range.
 167:../../DaisySP//Source/Utility/dsp.h ****  *  \param min the new minimum value
 168:../../DaisySP//Source/Utility/dsp.h ****  *  \param max the new maxmimum value
 169:../../DaisySP//Source/Utility/dsp.h ****  *  \param curve a Mapping Value to adjust the response curve of the transformation
 170:../../DaisySP//Source/Utility/dsp.h ****  *               defaults to Linear. @see Mapping
 171:../../DaisySP//Source/Utility/dsp.h ****  *
 172:../../DaisySP//Source/Utility/dsp.h ****  *  When using the log curve min and max, must be greater than zero.
 173:../../DaisySP//Source/Utility/dsp.h ****  *
 174:../../DaisySP//Source/Utility/dsp.h ****  *  \retval returns the transformed float within the new range.
 175:../../DaisySP//Source/Utility/dsp.h **** */
 176:../../DaisySP//Source/Utility/dsp.h **** inline float
 177:../../DaisySP//Source/Utility/dsp.h **** fmap(float in, float min, float max, Mapping curve = Mapping::LINEAR)
 365              		.loc 8 177 1 is_stmt 1 view .LVU71
ARM GAS  C:\Users\pisaa\AppData\Local\Temp\ccgIcmMr.s 			page 20


 366              	.LBE214:
 178:../../DaisySP//Source/Utility/dsp.h **** {
 179:../../DaisySP//Source/Utility/dsp.h ****     switch(curve)
 367              		.loc 8 179 5 view .LVU72
 368              	.LBB230:
 369              	.LBB215:
 180:../../DaisySP//Source/Utility/dsp.h ****     {
 181:../../DaisySP//Source/Utility/dsp.h ****         case Mapping::EXP:
 182:../../DaisySP//Source/Utility/dsp.h ****             return fclamp(min + (in * in) * (max - min), min, max);
 183:../../DaisySP//Source/Utility/dsp.h ****         case Mapping::LOG:
 184:../../DaisySP//Source/Utility/dsp.h ****         {
 185:../../DaisySP//Source/Utility/dsp.h ****             const float a = 1.f / log10f(max / min);
 186:../../DaisySP//Source/Utility/dsp.h ****             return fclamp(min * powf(10, in / a), min, max);
 187:../../DaisySP//Source/Utility/dsp.h ****         }
 188:../../DaisySP//Source/Utility/dsp.h ****         case Mapping::LINEAR:
 370              		.loc 8 188 9 view .LVU73
 189:../../DaisySP//Source/Utility/dsp.h ****         default: return fclamp(min + in * (max - min), min, max);
 371              		.loc 8 189 9 view .LVU74
 372              		.loc 8 189 18 view .LVU75
 373              	.LBB216:
 374              	.LBI216:
  64:../../DaisySP//Source/Utility/dsp.h **** {
 375              		.loc 8 64 14 view .LVU76
 376              	.LBE216:
 377              	.LBE215:
 378              	.LBE230:
  66:../../DaisySP//Source/Utility/dsp.h **** }
 379              		.loc 8 66 5 view .LVU77
 380              	.LBB231:
 381              	.LBB228:
 382              	.LBB225:
 383              	.LBB217:
 384              	.LBI217:
  40:../../DaisySP//Source/Utility/dsp.h **** {
 385              		.loc 8 40 14 view .LVU78
 386              	.LBB218:
  42:../../DaisySP//Source/Utility/dsp.h **** #ifdef __arm__
 387              		.loc 8 42 5 view .LVU79
  44:../../DaisySP//Source/Utility/dsp.h **** #else
 388              		.loc 8 44 5 view .LVU80
 389              	.LBE218:
 390              	.LBE217:
 391              	.LBE225:
 392              		.loc 8 189 31 is_stmt 0 view .LVU81
 393 000e 9FED198A 		vldr.32	s16, .L15+4
 394              	.LBE228:
 395              	.LBE231:
 396              		.loc 7 103 9 view .LVU82
 397 0012 194B     		ldr	r3, .L15+8
 104:freq-fiche.cpp ****     feedback_lvl = fmap(hw.adc.GetFloat(knobTwo), 0.0f, 1.0f, Mapping::LINEAR);
 398              		.loc 7 104 24 view .LVU83
 399 0014 0121     		movs	r1, #1
 400 0016 1648     		ldr	r0, .L15
 401              	.LBB232:
 402              	.LBB229:
 403              	.LBB226:
 404              	.LBB220:
ARM GAS  C:\Users\pisaa\AppData\Local\Temp\ccgIcmMr.s 			page 21


 405              	.LBB221:
  55:../../DaisySP//Source/Utility/dsp.h **** #else
 406              		.loc 8 55 5 view .LVU84
 407 0018 F7EE008A 		vmov.f32	s17, #1.0e+0
 408              	.LBE221:
 409              	.LBE220:
 410              	.LBE226:
 411              		.loc 8 189 31 view .LVU85
 412 001c 30EE080A 		vadd.f32	s0, s0, s16
 413              	.LVL16:
 414              	.LBB227:
 415              	.LBB223:
 416              	.LBB219:
  44:../../DaisySP//Source/Utility/dsp.h **** #else
 417              		.loc 8 44 5 view .LVU86
 418              		.syntax unified
 419              	@ 44 "../../DaisySP//Source/Utility/dsp.h" 1
 420 0020 80FE080A 		vmaxnm.f32 s0, s0, s16
 421              	@ 0 "" 2
 422              	.LVL17:
  48:../../DaisySP//Source/Utility/dsp.h **** }
 423              		.loc 8 48 5 is_stmt 1 view .LVU87
  48:../../DaisySP//Source/Utility/dsp.h **** }
 424              		.loc 8 48 5 is_stmt 0 view .LVU88
 425              		.thumb
 426              		.syntax unified
 427              	.LBE219:
 428              	.LBE223:
 429              	.LBB224:
 430              	.LBI220:
  51:../../DaisySP//Source/Utility/dsp.h **** {
 431              		.loc 8 51 14 is_stmt 1 view .LVU89
 432              	.LBB222:
  53:../../DaisySP//Source/Utility/dsp.h **** #ifdef __arm__
 433              		.loc 8 53 5 view .LVU90
  55:../../DaisySP//Source/Utility/dsp.h **** #else
 434              		.loc 8 55 5 view .LVU91
 435              		.syntax unified
 436              	@ 55 "../../DaisySP//Source/Utility/dsp.h" 1
 437 0024 80FE680A 		vminnm.f32 s0, s0, s17
 438              	@ 0 "" 2
 439              	.LVL18:
  59:../../DaisySP//Source/Utility/dsp.h **** }
 440              		.loc 8 59 5 view .LVU92
  59:../../DaisySP//Source/Utility/dsp.h **** }
 441              		.loc 8 59 5 is_stmt 0 view .LVU93
 442              		.thumb
 443              		.syntax unified
 444              	.LBE222:
 445              	.LBE224:
 446              	.LBE227:
 447              	.LBE229:
 448              	.LBE232:
 103:freq-fiche.cpp ****     feedback_lvl = fmap(hw.adc.GetFloat(knobTwo), 0.0f, 1.0f, Mapping::LINEAR);
 449              		.loc 7 103 9 view .LVU94
 450 0028 83ED000A 		vstr.32	s0, [r3]
 451              		.loc 7 104 5 is_stmt 1 view .LVU95
ARM GAS  C:\Users\pisaa\AppData\Local\Temp\ccgIcmMr.s 			page 22


 452              		.loc 7 104 24 is_stmt 0 view .LVU96
 453 002c FFF7FEFF 		bl	_ZNK5daisy9AdcHandle8GetFloatEh
 454              	.LVL19:
 455              	.LBB233:
 456              	.LBI233:
 177:../../DaisySP//Source/Utility/dsp.h **** {
 457              		.loc 8 177 1 is_stmt 1 view .LVU97
 458              	.LBE233:
 179:../../DaisySP//Source/Utility/dsp.h ****     {
 459              		.loc 8 179 5 view .LVU98
 460              	.LBB246:
 461              	.LBB234:
 188:../../DaisySP//Source/Utility/dsp.h ****         default: return fclamp(min + in * (max - min), min, max);
 462              		.loc 8 188 9 view .LVU99
 463              		.loc 8 189 9 view .LVU100
 464              		.loc 8 189 18 view .LVU101
 465              	.LBB235:
 466              	.LBI235:
  64:../../DaisySP//Source/Utility/dsp.h **** {
 467              		.loc 8 64 14 view .LVU102
 468              	.LBE235:
 469              	.LBE234:
 470              	.LBE246:
  66:../../DaisySP//Source/Utility/dsp.h **** }
 471              		.loc 8 66 5 view .LVU103
 472              	.LBB247:
 473              	.LBB244:
 474              	.LBB242:
 475              	.LBB236:
 476              	.LBI236:
  40:../../DaisySP//Source/Utility/dsp.h **** {
 477              		.loc 8 40 14 view .LVU104
 478              	.LBB237:
  42:../../DaisySP//Source/Utility/dsp.h **** #ifdef __arm__
 479              		.loc 8 42 5 view .LVU105
  44:../../DaisySP//Source/Utility/dsp.h **** #else
 480              		.loc 8 44 5 view .LVU106
 481              	.LBE237:
 482              	.LBE236:
 483              	.LBE242:
 484              	.LBE244:
 485              	.LBE247:
 486              		.loc 7 104 18 is_stmt 0 view .LVU107
 487 0030 124B     		ldr	r3, .L15+12
 105:freq-fiche.cpp ****     delay_time = fmap(hw.adc.GetFloat(knobThree), 0.05f, 1.0f, Mapping::LINEAR);
 488              		.loc 7 105 22 view .LVU108
 489 0032 0221     		movs	r1, #2
 490 0034 0E48     		ldr	r0, .L15
 491              	.LBB248:
 492              	.LBB245:
 493              		.loc 8 189 31 view .LVU109
 494 0036 30EE080A 		vadd.f32	s0, s0, s16
 495              	.LVL20:
 496              	.LBB243:
 497              	.LBB239:
 498              	.LBB238:
  44:../../DaisySP//Source/Utility/dsp.h **** #else
ARM GAS  C:\Users\pisaa\AppData\Local\Temp\ccgIcmMr.s 			page 23


 499              		.loc 8 44 5 view .LVU110
 500              		.syntax unified
 501              	@ 44 "../../DaisySP//Source/Utility/dsp.h" 1
 502 003a 80FE080A 		vmaxnm.f32 s0, s0, s16
 503              	@ 0 "" 2
 504              	.LVL21:
  48:../../DaisySP//Source/Utility/dsp.h **** }
 505              		.loc 8 48 5 is_stmt 1 view .LVU111
  48:../../DaisySP//Source/Utility/dsp.h **** }
 506              		.loc 8 48 5 is_stmt 0 view .LVU112
 507              		.thumb
 508              		.syntax unified
 509              	.LBE238:
 510              	.LBE239:
 511              	.LBB240:
 512              	.LBI240:
  51:../../DaisySP//Source/Utility/dsp.h **** {
 513              		.loc 8 51 14 is_stmt 1 view .LVU113
 514              	.LBB241:
  53:../../DaisySP//Source/Utility/dsp.h **** #ifdef __arm__
 515              		.loc 8 53 5 view .LVU114
  55:../../DaisySP//Source/Utility/dsp.h **** #else
 516              		.loc 8 55 5 view .LVU115
 517              		.syntax unified
 518              	@ 55 "../../DaisySP//Source/Utility/dsp.h" 1
 519 003e 80FE680A 		vminnm.f32 s0, s0, s17
 520              	@ 0 "" 2
 521              	.LVL22:
  59:../../DaisySP//Source/Utility/dsp.h **** }
 522              		.loc 8 59 5 view .LVU116
  59:../../DaisySP//Source/Utility/dsp.h **** }
 523              		.loc 8 59 5 is_stmt 0 view .LVU117
 524              		.thumb
 525              		.syntax unified
 526              	.LBE241:
 527              	.LBE240:
 528              	.LBE243:
 529              	.LBE245:
 530              	.LBE248:
 104:freq-fiche.cpp ****     delay_time = fmap(hw.adc.GetFloat(knobThree), 0.05f, 1.0f, Mapping::LINEAR);
 531              		.loc 7 104 18 view .LVU118
 532 0042 83ED000A 		vstr.32	s0, [r3]
 533              		.loc 7 105 5 is_stmt 1 view .LVU119
 534              		.loc 7 105 22 is_stmt 0 view .LVU120
 535 0046 FFF7FEFF 		bl	_ZNK5daisy9AdcHandle8GetFloatEh
 536              	.LVL23:
 537              	.LBB249:
 538              	.LBI249:
 177:../../DaisySP//Source/Utility/dsp.h **** {
 539              		.loc 8 177 1 is_stmt 1 view .LVU121
 540              	.LBE249:
 179:../../DaisySP//Source/Utility/dsp.h ****     {
 541              		.loc 8 179 5 view .LVU122
 542              	.LBB259:
 543              	.LBB250:
 188:../../DaisySP//Source/Utility/dsp.h ****         default: return fclamp(min + in * (max - min), min, max);
 544              		.loc 8 188 9 view .LVU123
ARM GAS  C:\Users\pisaa\AppData\Local\Temp\ccgIcmMr.s 			page 24


 545              		.loc 8 189 9 view .LVU124
 546              		.loc 8 189 18 view .LVU125
 547              		.loc 8 189 31 is_stmt 0 view .LVU126
 548 004a 9FED0D7A 		vldr.32	s14, .L15+16
 549 004e DFED0D6A 		vldr.32	s13, .L15+20
 550 0052 F0EE477A 		vmov.f32	s15, s14
 551              	.LBE250:
 552              	.LBE259:
 553              		.loc 7 105 16 view .LVU127
 554 0056 0C4B     		ldr	r3, .L15+24
 555              	.LBB260:
 556              	.LBB257:
 557              		.loc 8 189 31 view .LVU128
 558 0058 E0EE267A 		vfma.f32	s15, s0, s13
 559              	.LVL24:
 560              	.LBB251:
 561              	.LBI251:
  64:../../DaisySP//Source/Utility/dsp.h **** {
 562              		.loc 8 64 14 is_stmt 1 view .LVU129
 563              	.LBE251:
 564              	.LBE257:
 565              	.LBE260:
  66:../../DaisySP//Source/Utility/dsp.h **** }
 566              		.loc 8 66 5 view .LVU130
 567              	.LBB261:
 568              	.LBB258:
 569              	.LBB256:
 570              	.LBB252:
 571              	.LBI252:
  40:../../DaisySP//Source/Utility/dsp.h **** {
 572              		.loc 8 40 14 view .LVU131
 573              	.LBB253:
  42:../../DaisySP//Source/Utility/dsp.h **** #ifdef __arm__
 574              		.loc 8 42 5 view .LVU132
  44:../../DaisySP//Source/Utility/dsp.h **** #else
 575              		.loc 8 44 5 view .LVU133
 576              		.syntax unified
 577              	@ 44 "../../DaisySP//Source/Utility/dsp.h" 1
 578 005c C7FE877A 		vmaxnm.f32 s15, s15, s14
 579              	@ 0 "" 2
 580              	.LVL25:
  48:../../DaisySP//Source/Utility/dsp.h **** }
 581              		.loc 8 48 5 view .LVU134
  48:../../DaisySP//Source/Utility/dsp.h **** }
 582              		.loc 8 48 5 is_stmt 0 view .LVU135
 583              		.thumb
 584              		.syntax unified
 585              	.LBE253:
 586              	.LBE252:
 587              	.LBB254:
 588              	.LBI254:
  51:../../DaisySP//Source/Utility/dsp.h **** {
 589              		.loc 8 51 14 is_stmt 1 view .LVU136
 590              	.LBB255:
  53:../../DaisySP//Source/Utility/dsp.h **** #ifdef __arm__
 591              		.loc 8 53 5 view .LVU137
  55:../../DaisySP//Source/Utility/dsp.h **** #else
ARM GAS  C:\Users\pisaa\AppData\Local\Temp\ccgIcmMr.s 			page 25


 592              		.loc 8 55 5 view .LVU138
 593              		.syntax unified
 594              	@ 55 "../../DaisySP//Source/Utility/dsp.h" 1
 595 0060 C7FEE87A 		vminnm.f32 s15, s15, s17
 596              	@ 0 "" 2
 597              	.LVL26:
  59:../../DaisySP//Source/Utility/dsp.h **** }
 598              		.loc 8 59 5 view .LVU139
  59:../../DaisySP//Source/Utility/dsp.h **** }
 599              		.loc 8 59 5 is_stmt 0 view .LVU140
 600              		.thumb
 601              		.syntax unified
 602              	.LBE255:
 603              	.LBE254:
 604              	.LBE256:
 605              	.LBE258:
 606              	.LBE261:
 106:freq-fiche.cpp **** }...
 607              		.loc 7 106 1 view .LVU141
 608 0064 BDEC028B 		vldm	sp!, {d8}
 609              		.cfi_restore 80
 610              		.cfi_restore 81
 611              		.cfi_def_cfa_offset 8
 105:freq-fiche.cpp ****     delay_time = fmap(hw.adc.GetFloat(knobThree), 0.05f, 1.0f, Mapping::LINEAR);
 612              		.loc 7 105 16 view .LVU142
 613 0068 C3ED007A 		vstr.32	s15, [r3]
 614              		.loc 7 106 1 view .LVU143
 615 006c 08BD     		pop	{r3, pc}
 616              	.L16:
 617 006e 00BF     		.align	2
 618              	.L15:
 619 0070 18000000 		.word	.LANCHOR0+24
 620 0074 00000000 		.word	0
 621 0078 00000000 		.word	.LANCHOR1
 622 007c 00000000 		.word	.LANCHOR2
 623 0080 CDCC4C3D 		.word	1028443341
 624 0084 3333733F 		.word	1064514355
 625 0088 00000000 		.word	.LANCHOR3
 626              		.cfi_endproc
 627              	.LFE4684:
 629              		.section	.text._ZL13AudioCallbackPKPKfPPfj,"ax",%progbits
 630              		.align	1
 631              		.p2align 2,,3
 632              		.syntax unified
 633              		.thumb
 634              		.thumb_func
 635              		.fpu fpv5-d16
 637              	_ZL13AudioCallbackPKPKfPPfj:
 638              	.LVL27:
 639              	.LFB4681:
  39:freq-fiche.cpp **** {
 640              		.loc 7 39 1 is_stmt 1 view -0
 641              		.cfi_startproc
 642              		@ args = 0, pretend = 0, frame = 24
 643              		@ frame_needed = 0, uses_anonymous_args = 0
  40:freq-fiche.cpp ****     float dry_l, dry_r, wet_l, wet_r;
 644              		.loc 7 40 5 view .LVU145
ARM GAS  C:\Users\pisaa\AppData\Local\Temp\ccgIcmMr.s 			page 26


  42:freq-fiche.cpp ****     procADC();
 645              		.loc 7 42 5 view .LVU146
  39:freq-fiche.cpp **** {
 646              		.loc 7 39 1 is_stmt 0 view .LVU147
 647 0000 2DE9F04F 		push	{r4, r5, r6, r7, r8, r9, r10, fp, lr}
 648              		.cfi_def_cfa_offset 36
 649              		.cfi_offset 4, -36
 650              		.cfi_offset 5, -32
 651              		.cfi_offset 6, -28
 652              		.cfi_offset 7, -24
 653              		.cfi_offset 8, -20
 654              		.cfi_offset 9, -16
 655              		.cfi_offset 10, -12
 656              		.cfi_offset 11, -8
 657              		.cfi_offset 14, -4
 658 0004 87B0     		sub	sp, sp, #28
 659              		.cfi_def_cfa_offset 64
  39:freq-fiche.cpp **** {
 660              		.loc 7 39 1 view .LVU148
 661 0006 1446     		mov	r4, r2
 662 0008 8046     		mov	r8, r0
 663 000a 0D46     		mov	r5, r1
  42:freq-fiche.cpp ****     procADC();
 664              		.loc 7 42 12 view .LVU149
 665 000c FFF7FEFF 		bl	_Z7procADCv
 666              	.LVL28:
  45:freq-fiche.cpp ****     float time_N = delay_time * MAX_DELAY;
 667              		.loc 7 45 5 is_stmt 1 view .LVU150
  45:freq-fiche.cpp ****     float time_N = delay_time * MAX_DELAY;
 668              		.loc 7 45 31 is_stmt 0 view .LVU151
 669 0010 5B4A     		ldr	r2, .L27
  45:freq-fiche.cpp ****     float time_N = delay_time * MAX_DELAY;
 670              		.loc 7 45 11 view .LVU152
 671 0012 DFED5C7A 		vldr.32	s15, .L27+4
 672              	.LBB275:
 673              	.LBB276:
  46:../../DaisySP//Source/Utility/delayline.h ****     }
  47:../../DaisySP//Source/Utility/delayline.h **** 
  48:../../DaisySP//Source/Utility/delayline.h ****     /** sets the delay time in samples
  49:../../DaisySP//Source/Utility/delayline.h ****         If a float is passed in, a fractional component will be calculated for interpolating the de
  50:../../DaisySP//Source/Utility/delayline.h ****     */
  51:../../DaisySP//Source/Utility/delayline.h ****     inline void SetDelay(size_t delay)
  52:../../DaisySP//Source/Utility/delayline.h ****     {
  53:../../DaisySP//Source/Utility/delayline.h ****         frac_  = 0.0f;
  54:../../DaisySP//Source/Utility/delayline.h ****         delay_ = delay < max_size ? delay : max_size - 1;
  55:../../DaisySP//Source/Utility/delayline.h ****     }
  56:../../DaisySP//Source/Utility/delayline.h **** 
  57:../../DaisySP//Source/Utility/delayline.h ****     /** sets the delay time in samples
  58:../../DaisySP//Source/Utility/delayline.h ****         If a float is passed in, a fractional component will be calculated for interpolating the de
  59:../../DaisySP//Source/Utility/delayline.h ****     */
  60:../../DaisySP//Source/Utility/delayline.h ****     inline void SetDelay(float delay)
  61:../../DaisySP//Source/Utility/delayline.h ****     {
  62:../../DaisySP//Source/Utility/delayline.h ****         int32_t int_delay = static_cast<int32_t>(delay);
  63:../../DaisySP//Source/Utility/delayline.h ****         frac_             = delay - static_cast<float>(int_delay);
  64:../../DaisySP//Source/Utility/delayline.h ****         delay_ = static_cast<size_t>(int_delay) < max_size ? int_delay
 674              		.loc 6 64 60 view .LVU153
 675 0016 4BF67F33 		movw	r3, #47999
ARM GAS  C:\Users\pisaa\AppData\Local\Temp\ccgIcmMr.s 			page 27


 676              	.LBE276:
 677              	.LBE275:
  45:freq-fiche.cpp ****     float time_N = delay_time * MAX_DELAY;
 678              		.loc 7 45 11 view .LVU154
 679 001a 92ED004A 		vldr.32	s8, [r2]
 680              	.LBB279:
 681              	.LBB277:
  63:../../DaisySP//Source/Utility/delayline.h ****         delay_ = static_cast<size_t>(int_delay) < max_size ? int_delay
 682              		.loc 6 63 27 view .LVU155
 683 001e 5A4F     		ldr	r7, .L27+8
 684              	.LBE277:
 685              	.LBE279:
  45:freq-fiche.cpp ****     float time_N = delay_time * MAX_DELAY;
 686              		.loc 7 45 11 view .LVU156
 687 0020 24EE274A 		vmul.f32	s8, s8, s15
 688              	.LVL29:
  46:freq-fiche.cpp ****     del_l.SetDelay(time_N);
 689              		.loc 7 46 5 is_stmt 1 view .LVU157
 690              	.LBB280:
 691              	.LBI275:
  60:../../DaisySP//Source/Utility/delayline.h ****     {
 692              		.loc 6 60 17 view .LVU158
 693              	.LBE280:
 694              	.LBB281:
 695              	.LBB282:
  63:../../DaisySP//Source/Utility/delayline.h ****         delay_ = static_cast<size_t>(int_delay) < max_size ? int_delay
 696              		.loc 6 63 27 is_stmt 0 view .LVU159
 697 0024 594E     		ldr	r6, .L27+12
 698              	.LBE282:
 699              	.LBE281:
 700              	.LBB284:
 701              	.LBB278:
  62:../../DaisySP//Source/Utility/delayline.h ****         frac_             = delay - static_cast<float>(int_delay);
 702              		.loc 6 62 17 view .LVU160
 703 0026 FDEEC47A 		vcvt.s32.f32	s15, s8
 704              	.LVL30:
 705              		.loc 6 64 60 view .LVU161
 706 002a 17EE902A 		vmov	r2, s15	@ int
  63:../../DaisySP//Source/Utility/delayline.h ****         delay_ = static_cast<size_t>(int_delay) < max_size ? int_delay
 707              		.loc 6 63 37 view .LVU162
 708 002e B8EEE77A 		vcvt.f32.s32	s14, s15
 709              		.loc 6 64 60 view .LVU163
 710 0032 9A42     		cmp	r2, r3
  63:../../DaisySP//Source/Utility/delayline.h ****         delay_ = static_cast<size_t>(int_delay) < max_size ? int_delay
 711              		.loc 6 63 35 view .LVU164
 712 0034 34EE474A 		vsub.f32	s8, s8, s14
 713              	.LVL31:
 714              		.loc 6 64 60 view .LVU165
 715 0038 28BF     		it	cs
 716 003a 1A46     		movcs	r2, r3
  63:../../DaisySP//Source/Utility/delayline.h ****         delay_ = static_cast<size_t>(int_delay) < max_size ? int_delay
 717              		.loc 6 63 27 view .LVU166
 718 003c 87ED004A 		vstr.32	s8, [r7]
 719              		.loc 6 64 60 view .LVU167
 720 0040 0492     		str	r2, [sp, #16]
 721              		.loc 6 64 16 view .LVU168
 722 0042 BA60     		str	r2, [r7, #8]
ARM GAS  C:\Users\pisaa\AppData\Local\Temp\ccgIcmMr.s 			page 28


 723              	.LVL32:
 724              		.loc 6 64 16 view .LVU169
 725              	.LBE278:
 726              	.LBE284:
  47:freq-fiche.cpp ****     del_r.SetDelay(time_N);
 727              		.loc 7 47 5 is_stmt 1 view .LVU170
 728              	.LBB285:
 729              	.LBI281:
  60:../../DaisySP//Source/Utility/delayline.h ****     {
 730              		.loc 6 60 17 view .LVU171
 731              	.LBB283:
  63:../../DaisySP//Source/Utility/delayline.h ****         delay_ = static_cast<size_t>(int_delay) < max_size ? int_delay
 732              		.loc 6 63 27 is_stmt 0 view .LVU172
 733 0044 86ED004A 		vstr.32	s8, [r6]
 734              		.loc 6 64 16 view .LVU173
 735 0048 B260     		str	r2, [r6, #8]
 736              	.LVL33:
 737              		.loc 6 64 16 view .LVU174
 738              	.LBE283:
 739              	.LBE285:
  49:freq-fiche.cpp ****     for(size_t i = 0; i < size; i++)
 740              		.loc 7 49 5 is_stmt 1 view .LVU175
 741              	.LBB286:
  49:freq-fiche.cpp ****     for(size_t i = 0; i < size; i++)
 742              		.loc 7 49 25 view .LVU176
 743 004a 002C     		cmp	r4, #0
 744 004c 00F09580 		beq	.L17
  65:freq-fiche.cpp ****         out[1][i] = (dry_r * (1.0f - mix)) + (wet_r * mix);
 745              		.loc 7 65 14 is_stmt 0 view .LVU177
 746 0050 F0EE443A 		vmov.f32	s7, s8
 747 0054 7868     		ldr	r0, [r7, #4]
 748 0056 7268     		ldr	r2, [r6, #4]
 749 0058 DFF83CB1 		ldr	fp, .L27+24
 750 005c D8E90093 		ldrd	r9, r3, [r8]
 751 0060 0393     		str	r3, [sp, #12]
 752 0062 09EB8403 		add	r3, r9, r4, lsl #2
 753 0066 0593     		str	r3, [sp, #20]
 754 0068 2B68     		ldr	r3, [r5]
 755 006a 0293     		str	r3, [sp, #8]
 756 006c 6B68     		ldr	r3, [r5, #4]
 757 006e 0193     		str	r3, [sp, #4]
 758 0070 03E0     		b	.L20
 759              	.LVL34:
 760              	.L26:
 761              	.LBB287:
 762              	.LBB288:
  65:../../DaisySP//Source/Utility/delayline.h ****                                                            : max_size - 1;
  66:../../DaisySP//Source/Utility/delayline.h ****     }
  67:../../DaisySP//Source/Utility/delayline.h **** 
  68:../../DaisySP//Source/Utility/delayline.h ****     /** writes the sample of type T to the delay line, and advances the write ptr
  69:../../DaisySP//Source/Utility/delayline.h ****     */
  70:../../DaisySP//Source/Utility/delayline.h ****     inline void Write(const T sample)
  71:../../DaisySP//Source/Utility/delayline.h ****     {
  72:../../DaisySP//Source/Utility/delayline.h ****         line_[write_ptr_] = sample;
  73:../../DaisySP//Source/Utility/delayline.h ****         write_ptr_        = (write_ptr_ - 1 + max_size) % max_size;
  74:../../DaisySP//Source/Utility/delayline.h ****     }
  75:../../DaisySP//Source/Utility/delayline.h **** 
ARM GAS  C:\Users\pisaa\AppData\Local\Temp\ccgIcmMr.s 			page 29


  76:../../DaisySP//Source/Utility/delayline.h ****     /** returns the next sample of type T in the delay line, interpolated if necessary.
  77:../../DaisySP//Source/Utility/delayline.h ****     */
  78:../../DaisySP//Source/Utility/delayline.h ****     inline const T Read() const
  79:../../DaisySP//Source/Utility/delayline.h ****     {
  80:../../DaisySP//Source/Utility/delayline.h ****         T a = line_[(write_ptr_ + delay_) % max_size];
  81:../../DaisySP//Source/Utility/delayline.h ****         T b = line_[(write_ptr_ + delay_ + 1) % max_size];
  82:../../DaisySP//Source/Utility/delayline.h ****         return a + (b - a) * frac_;
 763              		.loc 6 82 30 view .LVU178
 764 0072 96ED004A 		vldr.32	s8, [r6]
 765              	.LBE288:
 766              	.LBE287:
 767              	.LBB299:
 768              	.LBB300:
 769 0076 D7ED003A 		vldr.32	s7, [r7]
 770              	.LVL35:
 771              	.L20:
 772              		.loc 6 82 30 view .LVU179
 773              	.LBE300:
 774              	.LBE299:
  52:freq-fiche.cpp ****         dry_l = in[0][i];
 775              		.loc 7 52 9 is_stmt 1 discriminator 2 view .LVU180
  53:freq-fiche.cpp ****         dry_r = in[1][i];
 776              		.loc 7 53 15 is_stmt 0 discriminator 2 view .LVU181
 777 007a 039C     		ldr	r4, [sp, #12]
  64:freq-fiche.cpp ****         out[0][i] = (dry_l * (1.0f - mix)) + (wet_l * mix);
 778              		.loc 7 64 36 discriminator 2 view .LVU182
 779 007c B7EE006A 		vmov.f32	s12, #1.0e+0
 780              	.LBB309:
 781              	.LBB301:
  80:../../DaisySP//Source/Utility/delayline.h ****         T b = line_[(write_ptr_ + delay_ + 1) % max_size];
 782              		.loc 6 80 33 discriminator 2 view .LVU183
 783 0080 0499     		ldr	r1, [sp, #16]
 784              	.LBE301:
 785              	.LBE309:
  53:freq-fiche.cpp ****         dry_r = in[1][i];
 786              		.loc 7 53 15 discriminator 2 view .LVU184
 787 0082 B4EC015A 		vldmia.32	r4!, {s10}
 788              	.LBB310:
 789              	.LBB302:
  80:../../DaisySP//Source/Utility/delayline.h ****         T b = line_[(write_ptr_ + delay_ + 1) % max_size];
 790              		.loc 6 80 33 discriminator 2 view .LVU185
 791 0086 4518     		adds	r5, r0, r1
  80:../../DaisySP//Source/Utility/delayline.h ****         T b = line_[(write_ptr_ + delay_ + 1) % max_size];
 792              		.loc 6 80 43 discriminator 2 view .LVU186
 793 0088 414B     		ldr	r3, .L27+16
 794              	.LBE302:
 795              	.LBE310:
  53:freq-fiche.cpp ****         dry_r = in[1][i];
 796              		.loc 7 53 15 discriminator 2 view .LVU187
 797 008a 0394     		str	r4, [sp, #12]
 798              	.LBB311:
 799              	.LBB289:
  80:../../DaisySP//Source/Utility/delayline.h ****         T b = line_[(write_ptr_ + delay_ + 1) % max_size];
 800              		.loc 6 80 33 discriminator 2 view .LVU188
 801 008c 5118     		adds	r1, r2, r1
 802              	.LBE289:
 803              	.LBE311:
ARM GAS  C:\Users\pisaa\AppData\Local\Temp\ccgIcmMr.s 			page 30


  60:freq-fiche.cpp ****         del_l.Write(dry_l + (wet_l * feedback_lvl));
 804              		.loc 7 60 36 discriminator 2 view .LVU189
 805 008e 414C     		ldr	r4, .L27+20
 806              	.LBB312:
 807              	.LBB303:
  81:../../DaisySP//Source/Utility/delayline.h ****         return a + (b - a) * frac_;
 808              		.loc 6 81 42 discriminator 2 view .LVU190
 809 0090 05F1010A 		add	r10, r5, #1
 810              	.LBE303:
 811              	.LBE312:
 812              	.LBB313:
 813              	.LBB290:
 814 0094 01F1010E 		add	lr, r1, #1
 815              	.LBE290:
 816              	.LBE313:
  64:freq-fiche.cpp ****         out[0][i] = (dry_l * (1.0f - mix)) + (wet_l * mix);
 817              		.loc 7 64 36 discriminator 2 view .LVU191
 818 0098 DBED007A 		vldr.32	s15, [fp]
  60:freq-fiche.cpp ****         del_l.Write(dry_l + (wet_l * feedback_lvl));
 819              		.loc 7 60 36 discriminator 2 view .LVU192
 820 009c D4ED004A 		vldr.32	s9, [r4]
 821              	.LBB314:
 822              	.LBB304:
  80:../../DaisySP//Source/Utility/delayline.h ****         T b = line_[(write_ptr_ + delay_ + 1) % max_size];
 823              		.loc 6 80 43 discriminator 2 view .LVU193
 824 00a0 A3FB0548 		umull	r4, r8, r3, r5
  81:../../DaisySP//Source/Utility/delayline.h ****         return a + (b - a) * frac_;
 825              		.loc 6 81 47 discriminator 2 view .LVU194
 826 00a4 A3FB0AC4 		umull	ip, r4, r3, r10
  80:../../DaisySP//Source/Utility/delayline.h ****         T b = line_[(write_ptr_ + delay_ + 1) % max_size];
 827              		.loc 6 80 43 discriminator 2 view .LVU195
 828 00a8 4BF6803C 		movw	ip, #48000
 829 00ac 4FEA9828 		lsr	r8, r8, #10
 830              	.LBE304:
 831              	.LBE314:
  64:freq-fiche.cpp ****         out[0][i] = (dry_l * (1.0f - mix)) + (wet_l * mix);
 832              		.loc 7 64 36 discriminator 2 view .LVU196
 833 00b0 36EE673A 		vsub.f32	s6, s12, s15
 834              	.LBB315:
 835              	.LBB305:
  81:../../DaisySP//Source/Utility/delayline.h ****         return a + (b - a) * frac_;
 836              		.loc 6 81 47 discriminator 2 view .LVU197
 837 00b4 A40A     		lsrs	r4, r4, #10
 838              	.LBE305:
 839              	.LBE315:
  52:freq-fiche.cpp ****         dry_l = in[0][i];
 840              		.loc 7 52 15 discriminator 2 view .LVU198
 841 00b6 F9EC015A 		vldmia.32	r9!, {s11}
 842              	.LVL36:
  53:freq-fiche.cpp ****         dry_r = in[1][i];
 843              		.loc 7 53 9 is_stmt 1 discriminator 2 view .LVU199
  56:freq-fiche.cpp ****         wet_l = del_l.Read();
 844              		.loc 7 56 9 discriminator 2 view .LVU200
 845              	.LBB316:
 846              	.LBI299:
  78:../../DaisySP//Source/Utility/delayline.h ****     {
 847              		.loc 6 78 20 discriminator 2 view .LVU201
ARM GAS  C:\Users\pisaa\AppData\Local\Temp\ccgIcmMr.s 			page 31


 848              	.LBB306:
  80:../../DaisySP//Source/Utility/delayline.h ****         T b = line_[(write_ptr_ + delay_ + 1) % max_size];
 849              		.loc 6 80 43 is_stmt 0 discriminator 2 view .LVU202
 850 00ba 0CFB1855 		mls	r5, ip, r8, r5
  81:../../DaisySP//Source/Utility/delayline.h ****         return a + (b - a) * frac_;
 851              		.loc 6 81 47 discriminator 2 view .LVU203
 852 00be 0CFB14A4 		mls	r4, ip, r4, r10
  80:../../DaisySP//Source/Utility/delayline.h ****         T b = line_[(write_ptr_ + delay_ + 1) % max_size];
 853              		.loc 6 80 11 discriminator 2 view .LVU204
 854 00c2 07EB8505 		add	r5, r7, r5, lsl #2
  81:../../DaisySP//Source/Utility/delayline.h ****         return a + (b - a) * frac_;
 855              		.loc 6 81 11 discriminator 2 view .LVU205
 856 00c6 07EB8404 		add	r4, r7, r4, lsl #2
  80:../../DaisySP//Source/Utility/delayline.h ****         T b = line_[(write_ptr_ + delay_ + 1) % max_size];
 857              		.loc 6 80 11 discriminator 2 view .LVU206
 858 00ca D5ED036A 		vldr.32	s13, [r5, #12]
 859              	.LVL37:
 860              		.loc 6 82 23 discriminator 2 view .LVU207
 861 00ce 94ED037A 		vldr.32	s14, [r4, #12]
 862              	.LBE306:
 863              	.LBE316:
 864              	.LBB317:
 865              	.LBB291:
  80:../../DaisySP//Source/Utility/delayline.h ****         T b = line_[(write_ptr_ + delay_ + 1) % max_size];
 866              		.loc 6 80 43 discriminator 2 view .LVU208
 867 00d2 A3FB0154 		umull	r5, r4, r3, r1
 868              	.LBE291:
 869              	.LBE317:
 870              	.LBB318:
 871              	.LBB307:
 872              		.loc 6 82 23 discriminator 2 view .LVU209
 873 00d6 37EE667A 		vsub.f32	s14, s14, s13
 874              	.LBE307:
 875              	.LBE318:
 876              	.LBB319:
 877              	.LBB292:
  80:../../DaisySP//Source/Utility/delayline.h ****         T b = line_[(write_ptr_ + delay_ + 1) % max_size];
 878              		.loc 6 80 43 discriminator 2 view .LVU210
 879 00da A40A     		lsrs	r4, r4, #10
 880 00dc 0CFB1411 		mls	r1, ip, r4, r1
 881              	.LBE292:
 882              	.LBE319:
 883              	.LBB320:
 884              	.LBB308:
 885              		.loc 6 82 30 discriminator 2 view .LVU211
 886 00e0 E7EE236A 		vfma.f32	s13, s14, s7
 887              	.LVL38:
 888              		.loc 6 82 30 discriminator 2 view .LVU212
 889              	.LBE308:
 890              	.LBE320:
  57:freq-fiche.cpp ****         wet_r = del_r.Read();
 891              		.loc 7 57 9 is_stmt 1 discriminator 2 view .LVU213
 892              	.LBB321:
 893              	.LBI287:
  78:../../DaisySP//Source/Utility/delayline.h ****     {
 894              		.loc 6 78 20 discriminator 2 view .LVU214
 895              	.LBB293:
ARM GAS  C:\Users\pisaa\AppData\Local\Temp\ccgIcmMr.s 			page 32


  80:../../DaisySP//Source/Utility/delayline.h ****         T b = line_[(write_ptr_ + delay_ + 1) % max_size];
 896              		.loc 6 80 11 is_stmt 0 discriminator 2 view .LVU215
 897 00e4 06EB8101 		add	r1, r6, r1, lsl #2
 898              	.LBE293:
 899              	.LBE321:
  60:freq-fiche.cpp ****         del_l.Write(dry_l + (wet_l * feedback_lvl));
 900              		.loc 7 60 20 discriminator 2 view .LVU216
 901 00e8 F0EE653A 		vmov.f32	s7, s11
  64:freq-fiche.cpp ****         out[0][i] = (dry_l * (1.0f - mix)) + (wet_l * mix);
 902              		.loc 7 64 53 discriminator 2 view .LVU217
 903 00ec 27EEA67A 		vmul.f32	s14, s15, s13
 904              	.LBB322:
 905              	.LBB294:
  80:../../DaisySP//Source/Utility/delayline.h ****         T b = line_[(write_ptr_ + delay_ + 1) % max_size];
 906              		.loc 6 80 11 discriminator 2 view .LVU218
 907 00f0 D1ED037A 		vldr.32	s15, [r1, #12]
 908              	.LVL39:
  81:../../DaisySP//Source/Utility/delayline.h ****         return a + (b - a) * frac_;
 909              		.loc 6 81 47 discriminator 2 view .LVU219
 910 00f4 A3FB0E41 		umull	r4, r1, r3, lr
 911              	.LBE294:
 912              	.LBE322:
  60:freq-fiche.cpp ****         del_l.Write(dry_l + (wet_l * feedback_lvl));
 913              		.loc 7 60 20 discriminator 2 view .LVU220
 914 00f8 E4EEA63A 		vfma.f32	s7, s9, s13
 915              	.LBB323:
 916              	.LBB295:
  81:../../DaisySP//Source/Utility/delayline.h ****         return a + (b - a) * frac_;
 917              		.loc 6 81 47 discriminator 2 view .LVU221
 918 00fc 890A     		lsrs	r1, r1, #10
 919              	.LBE295:
 920              	.LBE323:
  64:freq-fiche.cpp ****         out[0][i] = (dry_l * (1.0f - mix)) + (wet_l * mix);
 921              		.loc 7 64 44 discriminator 2 view .LVU222
 922 00fe A3EE257A 		vfma.f32	s14, s6, s11
 923              	.LBB324:
 924              	.LBB296:
  81:../../DaisySP//Source/Utility/delayline.h ****         return a + (b - a) * frac_;
 925              		.loc 6 81 47 discriminator 2 view .LVU223
 926 0102 0CFB11EE 		mls	lr, ip, r1, lr
 927              	.LBE296:
 928              	.LBE324:
 929              	.LBB325:
 930              	.LBB326:
  72:../../DaisySP//Source/Utility/delayline.h ****         write_ptr_        = (write_ptr_ - 1 + max_size) % max_size;
 931              		.loc 6 72 27 discriminator 2 view .LVU224
 932 0106 07EB8001 		add	r1, r7, r0, lsl #2
 933              	.LBE326:
 934              	.LBE325:
 935              	.LBB332:
 936              	.LBB297:
  81:../../DaisySP//Source/Utility/delayline.h ****         return a + (b - a) * frac_;
 937              		.loc 6 81 11 discriminator 2 view .LVU225
 938 010a 06EB8E0E 		add	lr, r6, lr, lsl #2
 939              	.LBE297:
 940              	.LBE332:
 941              	.LBB333:
ARM GAS  C:\Users\pisaa\AppData\Local\Temp\ccgIcmMr.s 			page 33


 942              	.LBB327:
  72:../../DaisySP//Source/Utility/delayline.h ****         write_ptr_        = (write_ptr_ - 1 + max_size) % max_size;
 943              		.loc 6 72 27 discriminator 2 view .LVU226
 944 010e C1ED033A 		vstr.32	s7, [r1, #12]
 945              	.LBE327:
 946              	.LBE333:
 947              	.LBB334:
 948              	.LBB335:
 949 0112 06EB8201 		add	r1, r6, r2, lsl #2
 950              	.LBE335:
 951              	.LBE334:
 952              	.LBB341:
 953              	.LBB298:
 954              		.loc 6 82 23 discriminator 2 view .LVU227
 955 0116 DEED035A 		vldr.32	s11, [lr, #12]
 956              	.LVL40:
 957              		.loc 6 82 23 discriminator 2 view .LVU228
 958 011a 75EEE75A 		vsub.f32	s11, s11, s15
 959              		.loc 6 82 30 discriminator 2 view .LVU229
 960 011e E5EE847A 		vfma.f32	s15, s11, s8
 961              	.LVL41:
 962              		.loc 6 82 30 discriminator 2 view .LVU230
 963 0122 F0EE676A 		vmov.f32	s13, s15
 964              	.LVL42:
 965              		.loc 6 82 30 discriminator 2 view .LVU231
 966              	.LBE298:
 967              	.LBE341:
  60:freq-fiche.cpp ****         del_l.Write(dry_l + (wet_l * feedback_lvl));
 968              		.loc 7 60 9 is_stmt 1 discriminator 2 view .LVU232
 969              	.LBB342:
 970              	.LBI325:
  70:../../DaisySP//Source/Utility/delayline.h ****     {
 971              		.loc 6 70 17 discriminator 2 view .LVU233
 972              	.LBE342:
  61:freq-fiche.cpp ****         del_r.Write(dry_r + (wet_r * feedback_lvl));
 973              		.loc 7 61 20 is_stmt 0 discriminator 2 view .LVU234
 974 0126 F0EE457A 		vmov.f32	s15, s10
 975 012a E4EEA67A 		vfma.f32	s15, s9, s13
 976              	.LBB343:
 977              	.LBB336:
  72:../../DaisySP//Source/Utility/delayline.h ****         write_ptr_        = (write_ptr_ - 1 + max_size) % max_size;
 978              		.loc 6 72 27 discriminator 2 view .LVU235
 979 012e C1ED037A 		vstr.32	s15, [r1, #12]
 980              	.LBE336:
 981              	.LBE343:
  64:freq-fiche.cpp ****         out[0][i] = (dry_l * (1.0f - mix)) + (wet_l * mix);
 982              		.loc 7 64 19 discriminator 2 view .LVU236
 983 0132 0299     		ldr	r1, [sp, #8]
 984 0134 A1EC017A 		vstmia.32	r1!, {s14}
  65:freq-fiche.cpp ****         out[1][i] = (dry_r * (1.0f - mix)) + (wet_r * mix);
 985              		.loc 7 65 36 discriminator 2 view .LVU237
 986 0138 DBED007A 		vldr.32	s15, [fp]
  64:freq-fiche.cpp ****         out[0][i] = (dry_l * (1.0f - mix)) + (wet_l * mix);
 987              		.loc 7 64 19 discriminator 2 view .LVU238
 988 013c 0291     		str	r1, [sp, #8]
  65:freq-fiche.cpp ****         out[1][i] = (dry_r * (1.0f - mix)) + (wet_r * mix);
 989              		.loc 7 65 36 discriminator 2 view .LVU239
ARM GAS  C:\Users\pisaa\AppData\Local\Temp\ccgIcmMr.s 			page 34


 990 013e 36EE676A 		vsub.f32	s12, s12, s15
  65:freq-fiche.cpp ****         out[1][i] = (dry_r * (1.0f - mix)) + (wet_r * mix);
 991              		.loc 7 65 19 discriminator 2 view .LVU240
 992 0142 0199     		ldr	r1, [sp, #4]
  65:freq-fiche.cpp ****         out[1][i] = (dry_r * (1.0f - mix)) + (wet_r * mix);
 993              		.loc 7 65 53 discriminator 2 view .LVU241
 994 0144 67EEA67A 		vmul.f32	s15, s15, s13
  65:freq-fiche.cpp ****         out[1][i] = (dry_r * (1.0f - mix)) + (wet_r * mix);
 995              		.loc 7 65 44 discriminator 2 view .LVU242
 996 0148 E6EE057A 		vfma.f32	s15, s12, s10
  65:freq-fiche.cpp ****         out[1][i] = (dry_r * (1.0f - mix)) + (wet_r * mix);
 997              		.loc 7 65 19 discriminator 2 view .LVU243
 998 014c E1EC017A 		vstmia.32	r1!, {s15}
 999 0150 0191     		str	r1, [sp, #4]
 1000              	.LBB344:
 1001              	.LBB328:
  73:../../DaisySP//Source/Utility/delayline.h ****     }
 1002              		.loc 6 73 45 discriminator 2 view .LVU244
 1003 0152 4BF67F31 		movw	r1, #47999
 1004 0156 4418     		adds	r4, r0, r1
 1005              	.LBE328:
 1006              	.LBE344:
 1007              	.LBB345:
 1008              	.LBB337:
 1009 0158 1144     		add	r1, r1, r2
 1010              	.LBE337:
 1011              	.LBE345:
 1012              	.LBB346:
 1013              	.LBB329:
  73:../../DaisySP//Source/Utility/delayline.h ****     }
 1014              		.loc 6 73 57 discriminator 2 view .LVU245
 1015 015a A3FB0420 		umull	r2, r0, r3, r4
 1016              	.LBE329:
 1017              	.LBE346:
 1018              	.LBB347:
 1019              	.LBB338:
 1020 015e A3FB0123 		umull	r2, r3, r3, r1
 1021              	.LBE338:
 1022              	.LBE347:
 1023              	.LBB348:
 1024              	.LBB330:
 1025 0162 800A     		lsrs	r0, r0, #10
 1026              	.LBE330:
 1027              	.LBE348:
 1028              	.LBB349:
 1029              	.LBB339:
 1030 0164 9A0A     		lsrs	r2, r3, #10
 1031              	.LBE339:
 1032              	.LBE349:
  49:freq-fiche.cpp ****     for(size_t i = 0; i < size; i++)
 1033              		.loc 7 49 25 discriminator 2 view .LVU246
 1034 0166 059B     		ldr	r3, [sp, #20]
 1035              	.LBB350:
 1036              	.LBB331:
  73:../../DaisySP//Source/Utility/delayline.h ****     }
 1037              		.loc 6 73 57 discriminator 2 view .LVU247
 1038 0168 0CFB1040 		mls	r0, ip, r0, r4
ARM GAS  C:\Users\pisaa\AppData\Local\Temp\ccgIcmMr.s 			page 35


 1039              	.LVL43:
  73:../../DaisySP//Source/Utility/delayline.h ****     }
 1040              		.loc 6 73 57 discriminator 2 view .LVU248
 1041              	.LBE331:
 1042              	.LBE350:
  61:freq-fiche.cpp ****         del_r.Write(dry_r + (wet_r * feedback_lvl));
 1043              		.loc 7 61 9 is_stmt 1 discriminator 2 view .LVU249
 1044              	.LBB351:
 1045              	.LBI334:
  70:../../DaisySP//Source/Utility/delayline.h ****     {
 1046              		.loc 6 70 17 discriminator 2 view .LVU250
 1047              	.LBE351:
  49:freq-fiche.cpp ****     for(size_t i = 0; i < size; i++)
 1048              		.loc 7 49 25 is_stmt 0 discriminator 2 view .LVU251
 1049 016c 4B45     		cmp	r3, r9
 1050              	.LBB352:
 1051              	.LBB340:
  73:../../DaisySP//Source/Utility/delayline.h ****     }
 1052              		.loc 6 73 57 discriminator 2 view .LVU252
 1053 016e 0CFB1212 		mls	r2, ip, r2, r1
 1054              	.LVL44:
  73:../../DaisySP//Source/Utility/delayline.h ****     }
 1055              		.loc 6 73 57 discriminator 2 view .LVU253
 1056              	.LBE340:
 1057              	.LBE352:
  64:freq-fiche.cpp ****         out[0][i] = (dry_l * (1.0f - mix)) + (wet_l * mix);
 1058              		.loc 7 64 9 is_stmt 1 discriminator 2 view .LVU254
  65:freq-fiche.cpp ****         out[1][i] = (dry_r * (1.0f - mix)) + (wet_r * mix);
 1059              		.loc 7 65 9 discriminator 2 view .LVU255
  49:freq-fiche.cpp ****     for(size_t i = 0; i < size; i++)
 1060              		.loc 7 49 5 discriminator 2 view .LVU256
  49:freq-fiche.cpp ****     for(size_t i = 0; i < size; i++)
 1061              		.loc 7 49 25 discriminator 2 view .LVU257
 1062 0172 7FF47EAF 		bne	.L26
 1063 0176 7860     		str	r0, [r7, #4]
 1064 0178 7260     		str	r2, [r6, #4]
 1065              	.LVL45:
 1066              	.L17:
  49:freq-fiche.cpp ****     for(size_t i = 0; i < size; i++)
 1067              		.loc 7 49 25 is_stmt 0 discriminator 2 view .LVU258
 1068              	.LBE286:
  67:freq-fiche.cpp **** }
 1069              		.loc 7 67 1 view .LVU259
 1070 017a 07B0     		add	sp, sp, #28
 1071              		.cfi_def_cfa_offset 36
 1072              		@ sp needed
 1073 017c BDE8F08F 		pop	{r4, r5, r6, r7, r8, r9, r10, fp, pc}
 1074              	.L28:
 1075              		.align	2
 1076              	.L27:
 1077 0180 00000000 		.word	.LANCHOR3
 1078 0184 00803B47 		.word	1195081728
 1079 0188 00000000 		.word	_ZL5del_l
 1080 018c 00000000 		.word	_ZL5del_r
 1081 0190 F1197605 		.word	91625969
 1082 0194 00000000 		.word	.LANCHOR2
 1083 0198 00000000 		.word	.LANCHOR1
ARM GAS  C:\Users\pisaa\AppData\Local\Temp\ccgIcmMr.s 			page 36


 1084              		.cfi_endproc
 1085              	.LFE4681:
 1087              		.section	.text.startup._GLOBAL__sub_I_mix,"ax",%progbits
 1088              		.align	1
 1089              		.p2align 2,,3
 1090              		.syntax unified
 1091              		.thumb
 1092              		.thumb_func
 1093              		.fpu fpv5-d16
 1095              	_GLOBAL__sub_I_mix:
 1096              	.LFB5258:
 1097              		.loc 7 106 1 is_stmt 1 view -0
 1098              		.cfi_startproc
 1099              		@ args = 0, pretend = 0, frame = 0
 1100              		@ frame_needed = 0, uses_anonymous_args = 0
 1101              	.LBB378:
 1102              	.LBI378:
 1103              		.loc 7 106 1 view .LVU261
 1104              	.LVL46:
 1105              	.LBB379:
 1106              	.LBB380:
 1107              	.LBI380:
  21:../../libDaisy//src/daisy_seed.h ****     ~DaisySeed() {}
 1108              		.loc 1 21 5 view .LVU262
 1109              	.LBB381:
 1110              	.LBB382:
 1111              	.LBI382:
 1112              		.file 9 "../../libDaisy//src/per/qspi.h"
   1:../../libDaisy//src/per/qspi.h **** #ifndef DSY_QSPI
   2:../../libDaisy//src/per/qspi.h **** #define DSY_QSPI /**< Macro */
   3:../../libDaisy//src/per/qspi.h **** 
   4:../../libDaisy//src/per/qspi.h **** #ifndef UNIT_TEST // for unit tests, a dummy implementation
   5:../../libDaisy//src/per/qspi.h **** 
   6:../../libDaisy//src/per/qspi.h **** #include <cstdint>
   7:../../libDaisy//src/per/qspi.h **** #include "daisy_core.h" // Added for dsy_gpio_pin typedef
   8:../../libDaisy//src/per/qspi.h **** 
   9:../../libDaisy//src/per/qspi.h **** #define DSY_QSPI_TEXT       \
  10:../../libDaisy//src/per/qspi.h ****     __attribute__((section( \
  11:../../libDaisy//src/per/qspi.h ****         ".qspiflash_text"))) /**< used for reading memory in memory_mapped mode. */
  12:../../libDaisy//src/per/qspi.h **** #define DSY_QSPI_DATA       \
  13:../../libDaisy//src/per/qspi.h ****     __attribute__((section( \
  14:../../libDaisy//src/per/qspi.h ****         ".qspiflash_data"))) /**< used for reading memory in memory_mapped mode. */
  15:../../libDaisy//src/per/qspi.h **** #define DSY_QSPI_BSS        \
  16:../../libDaisy//src/per/qspi.h ****     __attribute__((section( \
  17:../../libDaisy//src/per/qspi.h ****         ".qspiflash_bss"))) /**< used for reading memory in memory_mapped mode. */
  18:../../libDaisy//src/per/qspi.h **** 
  19:../../libDaisy//src/per/qspi.h **** namespace daisy
  20:../../libDaisy//src/per/qspi.h **** {
  21:../../libDaisy//src/per/qspi.h **** /** @addtogroup serial
  22:../../libDaisy//src/per/qspi.h **** @{
  23:../../libDaisy//src/per/qspi.h **** */
  24:../../libDaisy//src/per/qspi.h **** 
  25:../../libDaisy//src/per/qspi.h **** /** 
  26:../../libDaisy//src/per/qspi.h ****  Driver for QSPI peripheral to interface with external flash memory. \n 
  27:../../libDaisy//src/per/qspi.h ****     Currently supported QSPI Devices: \n 
  28:../../libDaisy//src/per/qspi.h ****     * IS25LP080D
  29:../../libDaisy//src/per/qspi.h **** */
ARM GAS  C:\Users\pisaa\AppData\Local\Temp\ccgIcmMr.s 			page 37


  30:../../libDaisy//src/per/qspi.h **** class QSPIHandle
  31:../../libDaisy//src/per/qspi.h **** {
  32:../../libDaisy//src/per/qspi.h ****   public:
  33:../../libDaisy//src/per/qspi.h ****     enum Result
  34:../../libDaisy//src/per/qspi.h ****     {
  35:../../libDaisy//src/per/qspi.h ****         OK = 0,
  36:../../libDaisy//src/per/qspi.h ****         ERR
  37:../../libDaisy//src/per/qspi.h ****     };
  38:../../libDaisy//src/per/qspi.h **** 
  39:../../libDaisy//src/per/qspi.h ****     /** Indicates the current status of the module. 
  40:../../libDaisy//src/per/qspi.h ****          *  Warnings are indicated by a leading W.
  41:../../libDaisy//src/per/qspi.h ****          *  Errors are indicated by a leading E and cause an immediate exit.
  42:../../libDaisy//src/per/qspi.h ****          * 
  43:../../libDaisy//src/per/qspi.h ****          *  \param GOOD - No errors have been reported.
  44:../../libDaisy//src/per/qspi.h ****          *  \param E_HAL_ERROR - HAL code did not return HAL_OK.
  45:../../libDaisy//src/per/qspi.h ****          *  \param E_SWITCHING_MODES - An error was encountered while switching QSPI peripheral mod
  46:../../libDaisy//src/per/qspi.h ****          *  \param E_INVALID_MODE - QSPI should not be written to while the program is executing fr
  47:../../libDaisy//src/per/qspi.h ****          */
  48:../../libDaisy//src/per/qspi.h ****     enum Status
  49:../../libDaisy//src/per/qspi.h ****     {
  50:../../libDaisy//src/per/qspi.h ****         GOOD = 0,
  51:../../libDaisy//src/per/qspi.h ****         E_HAL_ERROR,
  52:../../libDaisy//src/per/qspi.h ****         E_SWITCHING_MODES,
  53:../../libDaisy//src/per/qspi.h ****         E_INVALID_MODE,
  54:../../libDaisy//src/per/qspi.h ****     };
  55:../../libDaisy//src/per/qspi.h **** 
  56:../../libDaisy//src/per/qspi.h ****     /** Configuration structure for interfacing with QSPI Driver */
  57:../../libDaisy//src/per/qspi.h ****     struct Config
  58:../../libDaisy//src/per/qspi.h ****     {
  59:../../libDaisy//src/per/qspi.h ****         /** Flash Devices supported. (Both of these are more-or-less the same, just different sizes
  60:../../libDaisy//src/per/qspi.h ****         enum Device
  61:../../libDaisy//src/per/qspi.h ****         {
  62:../../libDaisy//src/per/qspi.h ****             IS25LP080D,  /**< & */
  63:../../libDaisy//src/per/qspi.h ****             IS25LP064A,  /**< & */
  64:../../libDaisy//src/per/qspi.h ****             DEVICE_LAST, /**< & */
  65:../../libDaisy//src/per/qspi.h ****         };
  66:../../libDaisy//src/per/qspi.h **** 
  67:../../libDaisy//src/per/qspi.h ****         /** 
  68:../../libDaisy//src/per/qspi.h ****         Modes of operation.
  69:../../libDaisy//src/per/qspi.h ****         Memory Mapped mode: QSPI configured so that the QSPI can be
  70:../../libDaisy//src/per/qspi.h ****         read from starting address 0x90000000. Writing is not
  71:../../libDaisy//src/per/qspi.h ****         possible in this mode. \n 
  72:../../libDaisy//src/per/qspi.h ****         Indirect Polling mode: Device driver enabled. 
  73:../../libDaisy//src/per/qspi.h ****         */
  74:../../libDaisy//src/per/qspi.h ****         enum Mode
  75:../../libDaisy//src/per/qspi.h ****         {
  76:../../libDaisy//src/per/qspi.h ****             MEMORY_MAPPED,    /**< & */
  77:../../libDaisy//src/per/qspi.h ****             INDIRECT_POLLING, /**< & */
  78:../../libDaisy//src/per/qspi.h ****             MODE_LAST,
  79:../../libDaisy//src/per/qspi.h ****         };
  80:../../libDaisy//src/per/qspi.h **** 
  81:../../libDaisy//src/per/qspi.h ****         //SCK,  CE# (active low)
  82:../../libDaisy//src/per/qspi.h ****         struct
  83:../../libDaisy//src/per/qspi.h ****         {
  84:../../libDaisy//src/per/qspi.h ****             dsy_gpio_pin io0; /**< & */
  85:../../libDaisy//src/per/qspi.h ****             dsy_gpio_pin io1; /**< & */
  86:../../libDaisy//src/per/qspi.h ****             dsy_gpio_pin io2; /**< & */
ARM GAS  C:\Users\pisaa\AppData\Local\Temp\ccgIcmMr.s 			page 38


  87:../../libDaisy//src/per/qspi.h ****             dsy_gpio_pin io3; /**< & */
  88:../../libDaisy//src/per/qspi.h ****             dsy_gpio_pin clk; /**< & */
  89:../../libDaisy//src/per/qspi.h ****             dsy_gpio_pin ncs; /**< & */
  90:../../libDaisy//src/per/qspi.h ****         } pin_config;
  91:../../libDaisy//src/per/qspi.h **** 
  92:../../libDaisy//src/per/qspi.h ****         Device device;
  93:../../libDaisy//src/per/qspi.h ****         Mode   mode;
  94:../../libDaisy//src/per/qspi.h ****     };
  95:../../libDaisy//src/per/qspi.h **** 
  96:../../libDaisy//src/per/qspi.h ****     /** 
  97:../../libDaisy//src/per/qspi.h ****         Initializes QSPI peripheral, and Resets, and prepares memory for access.
  98:../../libDaisy//src/per/qspi.h ****         \param config should be populated with the mode, device and pin_config before calling this 
  99:../../libDaisy//src/per/qspi.h ****         \return Result::OK or Result::ERR
 100:../../libDaisy//src/per/qspi.h ****         */
 101:../../libDaisy//src/per/qspi.h ****     Result Init(const Config& config);
 102:../../libDaisy//src/per/qspi.h **** 
 103:../../libDaisy//src/per/qspi.h ****     /** Returns the current config. */
 104:../../libDaisy//src/per/qspi.h ****     const Config& GetConfig() const;
 105:../../libDaisy//src/per/qspi.h **** 
 106:../../libDaisy//src/per/qspi.h ****     // Couldn't this just be called before anything else in init? That
 107:../../libDaisy//src/per/qspi.h ****     // would make manually calling it unnecessary.
 108:../../libDaisy//src/per/qspi.h ****     /** 
 109:../../libDaisy//src/per/qspi.h ****         Deinitializes the peripheral
 110:../../libDaisy//src/per/qspi.h ****         This should be called before reinitializing QSPI in a different mode.
 111:../../libDaisy//src/per/qspi.h ****         \return Result::OK or Result::ERR
 112:../../libDaisy//src/per/qspi.h ****         */
 113:../../libDaisy//src/per/qspi.h ****     Result DeInit();
 114:../../libDaisy//src/per/qspi.h **** 
 115:../../libDaisy//src/per/qspi.h ****     /** 
 116:../../libDaisy//src/per/qspi.h ****         Writes a single page to to the specified address on the QSPI chip.
 117:../../libDaisy//src/per/qspi.h ****         For IS25LP*, page size is 256 bytes.
 118:../../libDaisy//src/per/qspi.h ****         \param address Address to write to
 119:../../libDaisy//src/per/qspi.h ****         \param size Buffer size
 120:../../libDaisy//src/per/qspi.h ****         \param buffer Buffer to write
 121:../../libDaisy//src/per/qspi.h ****         \return Result::OK or Result::ERR
 122:../../libDaisy//src/per/qspi.h ****         */
 123:../../libDaisy//src/per/qspi.h ****     Result WritePage(uint32_t address, uint32_t size, uint8_t* buffer);
 124:../../libDaisy//src/per/qspi.h **** 
 125:../../libDaisy//src/per/qspi.h ****     /** 
 126:../../libDaisy//src/per/qspi.h ****         Writes data in buffer to to the QSPI. Starting at address to address+size 
 127:../../libDaisy//src/per/qspi.h ****         \param address Address to write to
 128:../../libDaisy//src/per/qspi.h ****         \param size Buffer size
 129:../../libDaisy//src/per/qspi.h ****         \param buffer Buffer to write
 130:../../libDaisy//src/per/qspi.h ****         \return Result::OK or Result::ERR
 131:../../libDaisy//src/per/qspi.h ****         */
 132:../../libDaisy//src/per/qspi.h ****     Result Write(uint32_t address, uint32_t size, uint8_t* buffer);
 133:../../libDaisy//src/per/qspi.h **** 
 134:../../libDaisy//src/per/qspi.h ****     /** 
 135:../../libDaisy//src/per/qspi.h ****         Erases the area specified on the chip.
 136:../../libDaisy//src/per/qspi.h ****         Erasures will happen by 4K, 32K or 64K increments.
 137:../../libDaisy//src/per/qspi.h ****         Smallest erase possible is 4kB at a time. (on IS25LP*)
 138:../../libDaisy//src/per/qspi.h ****         \param start_addr Address to begin erasing from
 139:../../libDaisy//src/per/qspi.h ****         \param end_addr  Address to stop erasing at
 140:../../libDaisy//src/per/qspi.h ****         \return Result::OK or Result::ERR
 141:../../libDaisy//src/per/qspi.h ****         */
 142:../../libDaisy//src/per/qspi.h ****     Result Erase(uint32_t start_addr, uint32_t end_addr);
 143:../../libDaisy//src/per/qspi.h **** 
ARM GAS  C:\Users\pisaa\AppData\Local\Temp\ccgIcmMr.s 			page 39


 144:../../libDaisy//src/per/qspi.h ****     /**  
 145:../../libDaisy//src/per/qspi.h ****          Erases a single sector of the chip.  
 146:../../libDaisy//src/per/qspi.h ****         TODO: Document the size of this function. 
 147:../../libDaisy//src/per/qspi.h ****         \param address Address of sector to erase
 148:../../libDaisy//src/per/qspi.h ****         \return Result::OK or Result::ERR
 149:../../libDaisy//src/per/qspi.h ****         */
 150:../../libDaisy//src/per/qspi.h ****     Result EraseSector(uint32_t address);
 151:../../libDaisy//src/per/qspi.h **** 
 152:../../libDaisy//src/per/qspi.h ****     /** Returns the current class status. Useful for debugging.
 153:../../libDaisy//src/per/qspi.h ****      *  \returns Status
 154:../../libDaisy//src/per/qspi.h ****      */
 155:../../libDaisy//src/per/qspi.h ****     Status GetStatus();
 156:../../libDaisy//src/per/qspi.h **** 
 157:../../libDaisy//src/per/qspi.h ****     /** Returns a pointer to the actual memory used 
 158:../../libDaisy//src/per/qspi.h ****      *  The memory at this address is read-only
 159:../../libDaisy//src/per/qspi.h ****      *  to write to it use the Write function.
 160:../../libDaisy//src/per/qspi.h ****      * 
 161:../../libDaisy//src/per/qspi.h ****      *  \param offset returns the pointer starting this 
 162:../../libDaisy//src/per/qspi.h ****      *                many bytes into the memory
 163:../../libDaisy//src/per/qspi.h ****     */
 164:../../libDaisy//src/per/qspi.h ****     void* GetData(uint32_t offset = 0);
 165:../../libDaisy//src/per/qspi.h **** 
 166:../../libDaisy//src/per/qspi.h ****     QSPIHandle() : pimpl_(nullptr) {}
 1113              		.loc 9 166 5 view .LVU263
 1114              	.LBE382:
 1115              	.LBE381:
 1116              	.LBE380:
 1117              	.LBE379:
 1118              	.LBE378:
 1119              		.loc 7 106 1 is_stmt 0 view .LVU264
 1120 0000 08B5     		push	{r3, lr}
 1121              		.cfi_def_cfa_offset 8
 1122              		.cfi_offset 3, -8
 1123              		.cfi_offset 14, -4
 1124              	.LBB409:
 1125              	.LBB407:
 1126              	.LBB403:
 1127              	.LBB401:
 1128              	.LBB387:
 1129              	.LBB383:
 1130              	.LBB384:
 1131              		.loc 9 166 34 view .LVU265
 1132 0002 0B48     		ldr	r0, .L31
 1133 0004 0023     		movs	r3, #0
 1134              	.LBE384:
 1135              	.LBE383:
 1136              	.LBE387:
 1137              	.LBE401:
 1138              	.LBE403:
  24:freq-fiche.cpp **** static DaisySeed hw;
 1139              		.loc 7 24 18 view .LVU266
 1140 0006 0B4A     		ldr	r2, .L31+4
 1141              	.LBB404:
 1142              	.LBB402:
 1143              	.LBB388:
 1144              	.LBB386:
 1145              	.LBB385:
ARM GAS  C:\Users\pisaa\AppData\Local\Temp\ccgIcmMr.s 			page 40


 1146              		.loc 9 166 34 view .LVU267
 1147 0008 0360     		str	r3, [r0]
 1148              	.LVL47:
 1149              		.loc 9 166 34 view .LVU268
 1150              	.LBE385:
 1151              	.LBE386:
 1152              	.LBE388:
 1153              	.LBB389:
 1154              	.LBI389:
  95:../../libDaisy//src/hid/audio.h ****     ~AudioHandle() {}
 1155              		.loc 5 95 5 is_stmt 1 view .LVU269
 1156              	.LBB390:
 1157              	.LBB391:
  95:../../libDaisy//src/hid/audio.h ****     ~AudioHandle() {}
 1158              		.loc 5 95 35 is_stmt 0 view .LVU270
 1159 000a 4361     		str	r3, [r0, #20]
 1160              	.LVL48:
  95:../../libDaisy//src/hid/audio.h ****     ~AudioHandle() {}
 1161              		.loc 5 95 35 view .LVU271
 1162              	.LBE391:
 1163              	.LBE390:
 1164              	.LBE389:
 1165              	.LBB392:
 1166              	.LBI392:
 109:../../libDaisy//src/per/adc.h ****     ~AdcHandle() {}
 1167              		.loc 4 109 5 is_stmt 1 view .LVU272
 109:../../libDaisy//src/per/adc.h ****     ~AdcHandle() {}
 1168              		.loc 4 109 5 is_stmt 0 view .LVU273
 1169              	.LBE392:
 1170              	.LBB393:
 1171              	.LBI393:
 1172              		.file 10 "../../libDaisy//src/per/dac.h"
   1:../../libDaisy//src/per/dac.h **** #pragma once
   2:../../libDaisy//src/per/dac.h **** #ifndef DSY_DAC_H
   3:../../libDaisy//src/per/dac.h **** #define DSY_DAC_H
   4:../../libDaisy//src/per/dac.h **** 
   5:../../libDaisy//src/per/dac.h **** #include "daisy_core.h"
   6:../../libDaisy//src/per/dac.h **** 
   7:../../libDaisy//src/per/dac.h **** namespace daisy
   8:../../libDaisy//src/per/dac.h **** {
   9:../../libDaisy//src/per/dac.h **** /** @brief DAC handle for Built-in DAC Peripheral 
  10:../../libDaisy//src/per/dac.h ****  *  @ingroup per_analog
  11:../../libDaisy//src/per/dac.h ****  ** 
  12:../../libDaisy//src/per/dac.h ****  ** For now only Normal Mode is supported,
  13:../../libDaisy//src/per/dac.h ****  ** Sample and hold mode provides reduced power consumption, but requires a bit more setup.
  14:../../libDaisy//src/per/dac.h ****  **
  15:../../libDaisy//src/per/dac.h ****  ** For now connecting the DAC through other internal peripherals is also not supported.
  16:../../libDaisy//src/per/dac.h ****  **
  17:../../libDaisy//src/per/dac.h ****  ** Since the DAC channels have dedicated pins we don't need to pass in a pin config like with
  18:../../libDaisy//src/per/dac.h ****  ** other modules. However, it is still important to not try to use the DAC pins for anything else.
  19:../../libDaisy//src/per/dac.h ****  ** DAC Channel 1 is on PA4, and DAC Channel 2 is on PA5
  20:../../libDaisy//src/per/dac.h ****  ***/
  21:../../libDaisy//src/per/dac.h **** class DacHandle
  22:../../libDaisy//src/per/dac.h **** {
  23:../../libDaisy//src/per/dac.h ****   public:
  24:../../libDaisy//src/per/dac.h ****     /** Return Values for the DacHandle class */
  25:../../libDaisy//src/per/dac.h ****     enum class Result
ARM GAS  C:\Users\pisaa\AppData\Local\Temp\ccgIcmMr.s 			page 41


  26:../../libDaisy//src/per/dac.h ****     {
  27:../../libDaisy//src/per/dac.h ****         OK,
  28:../../libDaisy//src/per/dac.h ****         ERR,
  29:../../libDaisy//src/per/dac.h ****     };
  30:../../libDaisy//src/per/dac.h **** 
  31:../../libDaisy//src/per/dac.h ****     /** Selects which channel(s) will be configured for use. */
  32:../../libDaisy//src/per/dac.h ****     enum class Channel
  33:../../libDaisy//src/per/dac.h ****     {
  34:../../libDaisy//src/per/dac.h ****         ONE,
  35:../../libDaisy//src/per/dac.h ****         TWO,
  36:../../libDaisy//src/per/dac.h ****         BOTH,
  37:../../libDaisy//src/per/dac.h ****     };
  38:../../libDaisy//src/per/dac.h **** 
  39:../../libDaisy//src/per/dac.h ****     /** Sets the Mode for the DAC channels.
  40:../../libDaisy//src/per/dac.h ****      **
  41:../../libDaisy//src/per/dac.h ****      ** Polling mode uses the blocking mode to transmit a single value at a time.
  42:../../libDaisy//src/per/dac.h ****      **
  43:../../libDaisy//src/per/dac.h ****      ** DMA mode uses a buffer, and periodically transmits it triggering a 
  44:../../libDaisy//src/per/dac.h ****      ** callback to fill the buffer when it is ready for more samples.
  45:../../libDaisy//src/per/dac.h ****      ***/
  46:../../libDaisy//src/per/dac.h ****     enum class Mode
  47:../../libDaisy//src/per/dac.h ****     {
  48:../../libDaisy//src/per/dac.h ****         POLLING,
  49:../../libDaisy//src/per/dac.h ****         DMA,
  50:../../libDaisy//src/per/dac.h ****     };
  51:../../libDaisy//src/per/dac.h **** 
  52:../../libDaisy//src/per/dac.h ****     /** Sets the number of bits per sample transmitted out of the DAC.
  53:../../libDaisy//src/per/dac.h ****      ** The output range will be: 0V - VDDA
  54:../../libDaisy//src/per/dac.h ****      ** The resolution will be roughly: bitdepth / (VDDA - 0V) 
  55:../../libDaisy//src/per/dac.h ****      ***/
  56:../../libDaisy//src/per/dac.h ****     enum class BitDepth
  57:../../libDaisy//src/per/dac.h ****     {
  58:../../libDaisy//src/per/dac.h ****         BITS_8,
  59:../../libDaisy//src/per/dac.h ****         BITS_12
  60:../../libDaisy//src/per/dac.h ****     };
  61:../../libDaisy//src/per/dac.h **** 
  62:../../libDaisy//src/per/dac.h ****     /** Sets whether the DAC output is buffered for higher drive ability. */
  63:../../libDaisy//src/per/dac.h ****     enum class BufferState
  64:../../libDaisy//src/per/dac.h ****     {
  65:../../libDaisy//src/per/dac.h ****         ENABLED,
  66:../../libDaisy//src/per/dac.h ****         DISABLED,
  67:../../libDaisy//src/per/dac.h ****     };
  68:../../libDaisy//src/per/dac.h **** 
  69:../../libDaisy//src/per/dac.h ****     /** Configuration structure for initializing the DAC structure. */
  70:../../libDaisy//src/per/dac.h ****     struct Config
  71:../../libDaisy//src/per/dac.h ****     {
  72:../../libDaisy//src/per/dac.h ****         /** Target Samplerate in Hz used to configure the internal 
  73:../../libDaisy//src/per/dac.h ****          ** timebase for DMA mode. Does nothing in POLLING mode.
  74:../../libDaisy//src/per/dac.h ****          ** If the value is 0 at Init time this will default to 48000Hz 
  75:../../libDaisy//src/per/dac.h ****          ** otherwise the driver will attempt meet the target.*/
  76:../../libDaisy//src/per/dac.h ****         uint32_t target_samplerate;
  77:../../libDaisy//src/per/dac.h **** 
  78:../../libDaisy//src/per/dac.h ****         Channel     chn;
  79:../../libDaisy//src/per/dac.h ****         Mode        mode;
  80:../../libDaisy//src/per/dac.h ****         BitDepth    bitdepth;
  81:../../libDaisy//src/per/dac.h ****         BufferState buff_state;
  82:../../libDaisy//src/per/dac.h ****     };
ARM GAS  C:\Users\pisaa\AppData\Local\Temp\ccgIcmMr.s 			page 42


  83:../../libDaisy//src/per/dac.h **** 
  84:../../libDaisy//src/per/dac.h ****     DacHandle() : pimpl_(nullptr) {}
 1173              		.loc 10 84 5 is_stmt 1 view .LVU274
 1174              	.LBB394:
 1175              	.LBB395:
 1176              		.loc 10 84 33 is_stmt 0 view .LVU275
 1177 000c 0362     		str	r3, [r0, #32]
 1178              	.LVL49:
 1179              		.loc 10 84 33 view .LVU276
 1180              	.LBE395:
 1181              	.LBE394:
 1182              	.LBE393:
 1183              	.LBB396:
 1184              	.LBI396:
  40:../../libDaisy//src/hid/usb.h **** 
 1185              		.loc 3 40 5 is_stmt 1 view .LVU277
  40:../../libDaisy//src/hid/usb.h **** 
 1186              		.loc 3 40 5 is_stmt 0 view .LVU278
 1187              	.LBE396:
 1188              	.LBB397:
 1189              	.LBI397:
  96:../../libDaisy//src/sys/system.h ****     ~System() {}
 1190              		.loc 2 96 5 is_stmt 1 view .LVU279
  96:../../libDaisy//src/sys/system.h ****     ~System() {}
 1191              		.loc 2 96 5 is_stmt 0 view .LVU280
 1192              	.LBE397:
 1193              	.LBB398:
 1194              	.LBI398:
 1195              		.file 11 "../../libDaisy//src/per/sai.h"
   1:../../libDaisy//src/per/sai.h **** #pragma once
   2:../../libDaisy//src/per/sai.h **** #ifndef DSY_SAI_H
   3:../../libDaisy//src/per/sai.h **** #define DSY_SAI_H
   4:../../libDaisy//src/per/sai.h **** 
   5:../../libDaisy//src/per/sai.h **** #include "daisy_core.h"
   6:../../libDaisy//src/per/sai.h **** 
   7:../../libDaisy//src/per/sai.h **** namespace daisy
   8:../../libDaisy//src/per/sai.h **** {
   9:../../libDaisy//src/per/sai.h **** /** 
  10:../../libDaisy//src/per/sai.h ****  * Support for I2S Audio Protocol with different bit-depth, samplerate options
  11:../../libDaisy//src/per/sai.h ****  * Allows for master or slave, as well as freedom of selecting direction, 
  12:../../libDaisy//src/per/sai.h ****  * and other behavior for each peripheral, and block.
  13:../../libDaisy//src/per/sai.h ****  * 
  14:../../libDaisy//src/per/sai.h ****  * DMA Transfer commands must use buffers located within non-cached memory or use cache maintenance
  15:../../libDaisy//src/per/sai.h ****  * To declare an unitialized global element in the DMA memory section:
  16:../../libDaisy//src/per/sai.h ****  *    int32_t DSY_DMA_BUFFER_SECTOR my_buffer[96];
  17:../../libDaisy//src/per/sai.h ****  *
  18:../../libDaisy//src/per/sai.h ****  * Callback functions will be called once per half of the buffer. In the above example, 
  19:../../libDaisy//src/per/sai.h ****  * the callback function would be called once for every 48 samples.
  20:../../libDaisy//src/per/sai.h ****  * 
  21:../../libDaisy//src/per/sai.h ****  * Use SAI Handle like this:
  22:../../libDaisy//src/per/sai.h ****  * 
  23:../../libDaisy//src/per/sai.h ****  *  SaiHandle::Config sai_config;
  24:../../libDaisy//src/per/sai.h ****  *  sai_config.periph          = SaiHandle::Config::Peripheral::SAI_1;
  25:../../libDaisy//src/per/sai.h ****  *  sai_config.sr              = SaiHandle::Config::SampleRate::SAI_48KHZ;
  26:../../libDaisy//src/per/sai.h ****  *  sai_config.bit_depth       = SaiHandle::Config::BitDepth::SAI_24BIT;
  27:../../libDaisy//src/per/sai.h ****  *  sai_config.a_sync          = SaiHandle::Config::Sync::MASTER;
  28:../../libDaisy//src/per/sai.h ****  *  sai_config.b_sync          = SaiHandle::Config::Sync::SLAVE;
ARM GAS  C:\Users\pisaa\AppData\Local\Temp\ccgIcmMr.s 			page 43


  29:../../libDaisy//src/per/sai.h ****  *  sai_config.a_dir           = SaiHandle::Config::Direction::RECEIVE;
  30:../../libDaisy//src/per/sai.h ****  *  sai_config.b_dir           = SaiHandle::Config::Direction::TRANSMIT;
  31:../../libDaisy//src/per/sai.h ****  *  sai_config.pin_config.fs   = {DSY_GPIOE, 4};
  32:../../libDaisy//src/per/sai.h ****  *  sai_config.pin_config.mclk = {DSY_GPIOE, 2};
  33:../../libDaisy//src/per/sai.h ****  *  sai_config.pin_config.sck  = {DSY_GPIOE, 5};
  34:../../libDaisy//src/per/sai.h ****  *  sai_config.pin_config.sa   = {DSY_GPIOE, 6};
  35:../../libDaisy//src/per/sai.h ****  *  sai_config.pin_config.sb   = {DSY_GPIOE, 3};
  36:../../libDaisy//src/per/sai.h ****  *  // Then Initialize
  37:../../libDaisy//src/per/sai.h ****  *  SaiHandle sai;
  38:../../libDaisy//src/per/sai.h ****  *  sai.Init(sai_config);
  39:../../libDaisy//src/per/sai.h ****  *  // Now you can use it:
  40:../../libDaisy//src/per/sai.h ****  *  sai.StartDma(. . .);
  41:../../libDaisy//src/per/sai.h ****  */
  42:../../libDaisy//src/per/sai.h **** class SaiHandle
  43:../../libDaisy//src/per/sai.h **** {
  44:../../libDaisy//src/per/sai.h ****   public:
  45:../../libDaisy//src/per/sai.h ****     /** Contains settings for initialising an SAI Interface */
  46:../../libDaisy//src/per/sai.h ****     struct Config
  47:../../libDaisy//src/per/sai.h ****     {
  48:../../libDaisy//src/per/sai.h ****         /** Specifies the internal peripheral to use (mapped to different hardware pins) */
  49:../../libDaisy//src/per/sai.h ****         enum class Peripheral
  50:../../libDaisy//src/per/sai.h ****         {
  51:../../libDaisy//src/per/sai.h ****             SAI_1,
  52:../../libDaisy//src/per/sai.h ****             SAI_2,
  53:../../libDaisy//src/per/sai.h ****         };
  54:../../libDaisy//src/per/sai.h **** 
  55:../../libDaisy//src/per/sai.h ****         /** Rate at which samples will be streaming to/from the device. */
  56:../../libDaisy//src/per/sai.h ****         enum class SampleRate
  57:../../libDaisy//src/per/sai.h ****         {
  58:../../libDaisy//src/per/sai.h ****             SAI_8KHZ,
  59:../../libDaisy//src/per/sai.h ****             SAI_16KHZ,
  60:../../libDaisy//src/per/sai.h ****             SAI_32KHZ,
  61:../../libDaisy//src/per/sai.h ****             SAI_48KHZ,
  62:../../libDaisy//src/per/sai.h ****             SAI_96KHZ,
  63:../../libDaisy//src/per/sai.h ****         };
  64:../../libDaisy//src/per/sai.h **** 
  65:../../libDaisy//src/per/sai.h ****         /** Bit Depth that the hardware expects to be transferred to/from the device. */
  66:../../libDaisy//src/per/sai.h ****         enum class BitDepth
  67:../../libDaisy//src/per/sai.h ****         {
  68:../../libDaisy//src/per/sai.h ****             SAI_16BIT,
  69:../../libDaisy//src/per/sai.h ****             SAI_24BIT,
  70:../../libDaisy//src/per/sai.h ****             SAI_32BIT,
  71:../../libDaisy//src/per/sai.h ****         };
  72:../../libDaisy//src/per/sai.h **** 
  73:../../libDaisy//src/per/sai.h ****         /** Specifies whether a particular block is the master or the slave 
  74:../../libDaisy//src/per/sai.h ****          ** If both are set to slave, no MCLK signal will be used, and it is
  75:../../libDaisy//src/per/sai.h ****          ** expected that the codec will have its own xtal.
  76:../../libDaisy//src/per/sai.h ****          */
  77:../../libDaisy//src/per/sai.h ****         enum class Sync
  78:../../libDaisy//src/per/sai.h ****         {
  79:../../libDaisy//src/per/sai.h ****             MASTER,
  80:../../libDaisy//src/per/sai.h ****             SLAVE,
  81:../../libDaisy//src/per/sai.h ****         };
  82:../../libDaisy//src/per/sai.h **** 
  83:../../libDaisy//src/per/sai.h ****         /** Specifies the direction for each peripheral block. */
  84:../../libDaisy//src/per/sai.h ****         enum class Direction
  85:../../libDaisy//src/per/sai.h ****         {
ARM GAS  C:\Users\pisaa\AppData\Local\Temp\ccgIcmMr.s 			page 44


  86:../../libDaisy//src/per/sai.h ****             TRANSMIT,
  87:../../libDaisy//src/per/sai.h ****             RECEIVE,
  88:../../libDaisy//src/per/sai.h ****         };
  89:../../libDaisy//src/per/sai.h **** 
  90:../../libDaisy//src/per/sai.h ****         Peripheral periph;
  91:../../libDaisy//src/per/sai.h ****         struct
  92:../../libDaisy//src/per/sai.h ****         {
  93:../../libDaisy//src/per/sai.h ****             dsy_gpio_pin mclk, fs, sck, sa, sb;
  94:../../libDaisy//src/per/sai.h ****         } pin_config;
  95:../../libDaisy//src/per/sai.h ****         SampleRate sr;
  96:../../libDaisy//src/per/sai.h ****         BitDepth   bit_depth;
  97:../../libDaisy//src/per/sai.h ****         Sync       a_sync, b_sync;
  98:../../libDaisy//src/per/sai.h ****         Direction  a_dir, b_dir;
  99:../../libDaisy//src/per/sai.h ****     };
 100:../../libDaisy//src/per/sai.h **** 
 101:../../libDaisy//src/per/sai.h ****     /** Return values for SAI functions */
 102:../../libDaisy//src/per/sai.h ****     enum class Result
 103:../../libDaisy//src/per/sai.h ****     {
 104:../../libDaisy//src/per/sai.h ****         OK,
 105:../../libDaisy//src/per/sai.h ****         ERR,
 106:../../libDaisy//src/per/sai.h ****     };
 107:../../libDaisy//src/per/sai.h **** 
 108:../../libDaisy//src/per/sai.h ****     SaiHandle() : pimpl_(nullptr) {}
 1196              		.loc 11 108 5 is_stmt 1 view .LVU281
 1197              	.LBB399:
 1198              	.LBB400:
 1199              		.loc 11 108 33 is_stmt 0 view .LVU282
 1200 000e C363     		str	r3, [r0, #60]
 1201              	.LVL50:
 1202              		.loc 11 108 33 view .LVU283
 1203              	.LBE400:
 1204              	.LBE399:
 1205              	.LBE398:
 1206              	.LBE402:
 1207              	.LBE404:
  24:freq-fiche.cpp **** static DaisySeed hw;
 1208              		.loc 7 24 18 view .LVU284
 1209 0010 0949     		ldr	r1, .L31+8
 1210 0012 FFF7FEFF 		bl	__aeabi_atexit
 1211              	.LVL51:
 1212              	.LBB405:
 1213              	.LBI405:
  31:../../DaisySP//Source/Utility/delayline.h ****     ~DelayLine() {}
 1214              		.loc 6 31 5 is_stmt 1 view .LVU285
  31:../../DaisySP//Source/Utility/delayline.h ****     ~DelayLine() {}
 1215              		.loc 6 31 5 is_stmt 0 view .LVU286
 1216              	.LBE405:
  36:freq-fiche.cpp **** static DelayLine<float, MAX_DELAY> del_l, del_r;
 1217              		.loc 7 36 36 view .LVU287
 1218 0016 0949     		ldr	r1, .L31+12
 1219 0018 064A     		ldr	r2, .L31+4
 1220 001a 0948     		ldr	r0, .L31+16
 1221 001c FFF7FEFF 		bl	__aeabi_atexit
 1222              	.LVL52:
 1223              	.LBB406:
 1224              	.LBI406:
  31:../../DaisySP//Source/Utility/delayline.h ****     ~DelayLine() {}
ARM GAS  C:\Users\pisaa\AppData\Local\Temp\ccgIcmMr.s 			page 45


 1225              		.loc 6 31 5 is_stmt 1 view .LVU288
  31:../../DaisySP//Source/Utility/delayline.h ****     ~DelayLine() {}
 1226              		.loc 6 31 5 is_stmt 0 view .LVU289
 1227              	.LBE406:
  36:freq-fiche.cpp **** static DelayLine<float, MAX_DELAY> del_l, del_r;
 1228              		.loc 7 36 43 view .LVU290
 1229 0020 044A     		ldr	r2, .L31+4
 1230 0022 0649     		ldr	r1, .L31+12
 1231 0024 0748     		ldr	r0, .L31+20
 1232              	.LBE407:
 1233              	.LBE409:
 1234              		.loc 7 106 1 view .LVU291
 1235 0026 BDE80840 		pop	{r3, lr}
 1236              		.cfi_restore 14
 1237              		.cfi_restore 3
 1238              		.cfi_def_cfa_offset 0
 1239              	.LBB410:
 1240              	.LBB408:
  36:freq-fiche.cpp **** static DelayLine<float, MAX_DELAY> del_l, del_r;
 1241              		.loc 7 36 43 view .LVU292
 1242 002a FFF7FEBF 		b	__aeabi_atexit
 1243              	.LVL53:
 1244              	.L32:
 1245 002e 00BF     		.align	2
 1246              	.L31:
 1247 0030 00000000 		.word	.LANCHOR0
 1248 0034 00000000 		.word	__dso_handle
 1249 0038 00000000 		.word	_ZN5daisy9DaisySeedD1Ev
 1250 003c 00000000 		.word	_ZN7daisysp9DelayLineIfLj48000EED1Ev
 1251 0040 00000000 		.word	_ZL5del_l
 1252 0044 00000000 		.word	_ZL5del_r
 1253              	.LBE408:
 1254              	.LBE410:
 1255              		.cfi_endproc
 1256              	.LFE5258:
 1258              		.section	.init_array,"aw",%init_array
 1259              		.align	2
 1260 0000 00000000 		.word	_GLOBAL__sub_I_mix(target1)
 1261              		.global	delay_time
 1262              		.global	feedback_lvl
 1263              		.global	mix
 1264              		.section	.bss._ZL2hw,"aw",%nobits
 1265              		.align	2
 1266              		.set	.LANCHOR0,. + 0
 1269              	_ZL2hw:
 1270 0000 00000000 		.space	64
 1270      00000000 
 1270      00000000 
 1270      00000000 
 1270      00000000 
 1271              		.section	.bss._ZL5del_l,"aw",%nobits
 1272              		.align	2
 1275              	_ZL5del_l:
 1276 0000 00000000 		.space	192012
 1276      00000000 
 1276      00000000 
 1276      00000000 
ARM GAS  C:\Users\pisaa\AppData\Local\Temp\ccgIcmMr.s 			page 46


 1276      00000000 
 1277              		.section	.bss._ZL5del_r,"aw",%nobits
 1278              		.align	2
 1281              	_ZL5del_r:
 1282 0000 00000000 		.space	192012
 1282      00000000 
 1282      00000000 
 1282      00000000 
 1282      00000000 
 1283              		.section	.data.delay_time,"aw"
 1284              		.align	2
 1285              		.set	.LANCHOR3,. + 0
 1288              	delay_time:
 1289 0000 0000003F 		.word	1056964608
 1290              		.section	.data.feedback_lvl,"aw"
 1291              		.align	2
 1292              		.set	.LANCHOR2,. + 0
 1295              	feedback_lvl:
 1296 0000 0000003F 		.word	1056964608
 1297              		.section	.data.mix,"aw"
 1298              		.align	2
 1299              		.set	.LANCHOR1,. + 0
 1302              	mix:
 1303 0000 0000003F 		.word	1056964608
 1304              		.text
 1305              	.Letext0:
 1306              		.file 12 "c:\\program files\\daisytoolchain\\arm-none-eabi\\include\\machine\\_default_types.h"
 1307              		.file 13 "c:\\program files\\daisytoolchain\\arm-none-eabi\\include\\sys\\_stdint.h"
 1308              		.file 14 "c:\\program files\\daisytoolchain\\arm-none-eabi\\include\\stdint.h"
 1309              		.file 15 "c:\\program files\\daisytoolchain\\lib\\gcc\\arm-none-eabi\\10.2.1\\include\\stddef.h"
 1310              		.file 16 "c:\\program files\\daisytoolchain\\arm-none-eabi\\include\\c++\\10.2.1\\cmath"
 1311              		.file 17 "c:\\program files\\daisytoolchain\\arm-none-eabi\\include\\c++\\10.2.1\\bits\\std_abs.h"
 1312              		.file 18 "c:\\program files\\daisytoolchain\\arm-none-eabi\\include\\c++\\10.2.1\\cstdint"
 1313              		.file 19 "c:\\program files\\daisytoolchain\\arm-none-eabi\\include\\c++\\10.2.1\\cstdlib"
 1314              		.file 20 "c:\\program files\\daisytoolchain\\arm-none-eabi\\include\\c++\\10.2.1\\type_traits"
 1315              		.file 21 "c:\\program files\\daisytoolchain\\arm-none-eabi\\include\\c++\\10.2.1\\debug\\debug.h"
 1316              		.file 22 "c:\\program files\\daisytoolchain\\arm-none-eabi\\include\\c++\\10.2.1\\cwchar"
 1317              		.file 23 "c:\\program files\\daisytoolchain\\arm-none-eabi\\include\\c++\\10.2.1\\bits\\stl_pair.h
 1318              		.file 24 "c:\\program files\\daisytoolchain\\arm-none-eabi\\include\\c++\\10.2.1\\bits\\exception_
 1319              		.file 25 "c:\\program files\\daisytoolchain\\arm-none-eabi\\include\\c++\\10.2.1\\arm-none-eabi\\t
 1320              		.file 26 "c:\\program files\\daisytoolchain\\arm-none-eabi\\include\\c++\\10.2.1\\clocale"
 1321              		.file 27 "c:\\program files\\daisytoolchain\\arm-none-eabi\\include\\c++\\10.2.1\\cstdio"
 1322              		.file 28 "c:\\program files\\daisytoolchain\\arm-none-eabi\\include\\c++\\10.2.1\\bits\\basic_stri
 1323              		.file 29 "c:\\program files\\daisytoolchain\\arm-none-eabi\\include\\c++\\10.2.1\\bits\\charconv.h
 1324              		.file 30 "c:\\program files\\daisytoolchain\\arm-none-eabi\\include\\c++\\10.2.1\\bits\\algorithmf
 1325              		.file 31 "c:\\program files\\daisytoolchain\\arm-none-eabi\\include\\c++\\10.2.1\\cstring"
 1326              		.file 32 "c:\\program files\\daisytoolchain\\arm-none-eabi\\include\\c++\\10.2.1\\cstdarg"
 1327              		.file 33 "c:\\program files\\daisytoolchain\\arm-none-eabi\\include\\c++\\10.2.1\\bits\\predefined
 1328              		.file 34 "c:\\program files\\daisytoolchain\\arm-none-eabi\\include\\sys\\_types.h"
 1329              		.file 35 "c:\\program files\\daisytoolchain\\arm-none-eabi\\include\\sys\\reent.h"
 1330              		.file 36 "c:\\program files\\daisytoolchain\\arm-none-eabi\\include\\sys\\lock.h"
 1331              		.file 37 "c:\\program files\\daisytoolchain\\arm-none-eabi\\include\\math.h"
 1332              		.file 38 "c:\\program files\\daisytoolchain\\arm-none-eabi\\include\\stdlib.h"
 1333              		.file 39 "c:\\program files\\daisytoolchain\\arm-none-eabi\\include\\c++\\10.2.1\\math.h"
 1334              		.file 40 "../../DaisySP//Source/Control/adenv.h"
 1335              		.file 41 "c:\\program files\\daisytoolchain\\lib\\gcc\\arm-none-eabi\\10.2.1\\include\\stdarg.h"
 1336              		.file 42 "c:\\program files\\daisytoolchain\\arm-none-eabi\\include\\wchar.h"
ARM GAS  C:\Users\pisaa\AppData\Local\Temp\ccgIcmMr.s 			page 47


 1337              		.file 43 "c:\\program files\\daisytoolchain\\arm-none-eabi\\include\\locale.h"
 1338              		.file 44 "c:\\program files\\daisytoolchain\\arm-none-eabi\\include\\stdio.h"
 1339              		.file 45 "c:\\program files\\daisytoolchain\\arm-none-eabi\\include\\c++\\10.2.1\\stdlib.h"
 1340              		.file 46 "c:\\program files\\daisytoolchain\\arm-none-eabi\\include\\string.h"
 1341              		.file 47 "../../libDaisy//src/daisy_core.h"
 1342              		.file 48 "../../libDaisy//src/per/tim.h"
 1343              		.file 49 "../../libDaisy//src/util/wav_format.h"
 1344              		.file 50 "../../libDaisy//src/dev/max11300.h"
 1345              		.file 51 "../../libDaisy//src/per/gpio.h"
 1346              		.file 52 "../../libDaisy//src/dev/sdram.h"
 1347              		.file 53 "../../libDaisy//src/dev/sr_595.h"
 1348              		.file 54 "<built-in>"
ARM GAS  C:\Users\pisaa\AppData\Local\Temp\ccgIcmMr.s 			page 48


DEFINED SYMBOLS
                            *ABS*:00000000 freq-fiche.cpp
C:\Users\pisaa\AppData\Local\Temp\ccgIcmMr.s:17     .text._ZN5daisy9DaisySeedD2Ev:00000000 $t
C:\Users\pisaa\AppData\Local\Temp\ccgIcmMr.s:26     .text._ZN5daisy9DaisySeedD2Ev:00000000 _ZN5daisy9DaisySeedD2Ev
C:\Users\pisaa\AppData\Local\Temp\ccgIcmMr.s:26     .text._ZN5daisy9DaisySeedD2Ev:00000000 _ZN5daisy9DaisySeedD1Ev
C:\Users\pisaa\AppData\Local\Temp\ccgIcmMr.s:67     .text._ZN7daisysp9DelayLineIfLj48000EED2Ev:00000000 $t
C:\Users\pisaa\AppData\Local\Temp\ccgIcmMr.s:75     .text._ZN7daisysp9DelayLineIfLj48000EED2Ev:00000000 _ZN7daisysp9DelayLineIfLj48000EED2Ev
C:\Users\pisaa\AppData\Local\Temp\ccgIcmMr.s:75     .text._ZN7daisysp9DelayLineIfLj48000EED2Ev:00000000 _ZN7daisysp9DelayLineIfLj48000EED1Ev
C:\Users\pisaa\AppData\Local\Temp\ccgIcmMr.s:92     .text._Z7initADCv:00000000 $t
C:\Users\pisaa\AppData\Local\Temp\ccgIcmMr.s:100    .text._Z7initADCv:00000000 _Z7initADCv
C:\Users\pisaa\AppData\Local\Temp\ccgIcmMr.s:173    .text._Z7initADCv:0000005c $d
C:\Users\pisaa\AppData\Local\Temp\ccgIcmMr.s:178    .text.startup.main:00000000 $t
C:\Users\pisaa\AppData\Local\Temp\ccgIcmMr.s:186    .text.startup.main:00000000 main
C:\Users\pisaa\AppData\Local\Temp\ccgIcmMr.s:320    .text.startup.main:0000004c $d
C:\Users\pisaa\AppData\Local\Temp\ccgIcmMr.s:1275   .bss._ZL5del_l:00000000 _ZL5del_l
C:\Users\pisaa\AppData\Local\Temp\ccgIcmMr.s:1281   .bss._ZL5del_r:00000000 _ZL5del_r
C:\Users\pisaa\AppData\Local\Temp\ccgIcmMr.s:637    .text._ZL13AudioCallbackPKPKfPPfj:00000000 _ZL13AudioCallbackPKPKfPPfj
C:\Users\pisaa\AppData\Local\Temp\ccgIcmMr.s:331    .text._Z7procADCv:00000000 $t
C:\Users\pisaa\AppData\Local\Temp\ccgIcmMr.s:339    .text._Z7procADCv:00000000 _Z7procADCv
C:\Users\pisaa\AppData\Local\Temp\ccgIcmMr.s:619    .text._Z7procADCv:00000070 $d
C:\Users\pisaa\AppData\Local\Temp\ccgIcmMr.s:630    .text._ZL13AudioCallbackPKPKfPPfj:00000000 $t
C:\Users\pisaa\AppData\Local\Temp\ccgIcmMr.s:1077   .text._ZL13AudioCallbackPKPKfPPfj:00000180 $d
C:\Users\pisaa\AppData\Local\Temp\ccgIcmMr.s:1088   .text.startup._GLOBAL__sub_I_mix:00000000 $t
C:\Users\pisaa\AppData\Local\Temp\ccgIcmMr.s:1095   .text.startup._GLOBAL__sub_I_mix:00000000 _GLOBAL__sub_I_mix
C:\Users\pisaa\AppData\Local\Temp\ccgIcmMr.s:1247   .text.startup._GLOBAL__sub_I_mix:00000030 $d
C:\Users\pisaa\AppData\Local\Temp\ccgIcmMr.s:1259   .init_array:00000000 $d
C:\Users\pisaa\AppData\Local\Temp\ccgIcmMr.s:1288   .data.delay_time:00000000 delay_time
C:\Users\pisaa\AppData\Local\Temp\ccgIcmMr.s:1295   .data.feedback_lvl:00000000 feedback_lvl
C:\Users\pisaa\AppData\Local\Temp\ccgIcmMr.s:1302   .data.mix:00000000 mix
C:\Users\pisaa\AppData\Local\Temp\ccgIcmMr.s:1265   .bss._ZL2hw:00000000 $d
C:\Users\pisaa\AppData\Local\Temp\ccgIcmMr.s:1269   .bss._ZL2hw:00000000 _ZL2hw
C:\Users\pisaa\AppData\Local\Temp\ccgIcmMr.s:1272   .bss._ZL5del_l:00000000 $d
C:\Users\pisaa\AppData\Local\Temp\ccgIcmMr.s:1278   .bss._ZL5del_r:00000000 $d
C:\Users\pisaa\AppData\Local\Temp\ccgIcmMr.s:1284   .data.delay_time:00000000 $d
C:\Users\pisaa\AppData\Local\Temp\ccgIcmMr.s:1291   .data.feedback_lvl:00000000 $d
C:\Users\pisaa\AppData\Local\Temp\ccgIcmMr.s:1298   .data.mix:00000000 $d
                           .group:00000000 _ZN5daisy9DaisySeedD5Ev
                           .group:00000000 _ZN7daisysp9DelayLineIfLj48000EED5Ev

UNDEFINED SYMBOLS
_ZN5daisy16AdcChannelConfig10InitSingleE12dsy_gpio_pinNS0_15ConversionSpeedE
_ZN5daisy9AdcHandle4InitEPNS_16AdcChannelConfigEjNS0_12OverSamplingE
_ZN5daisy9AdcHandle5StartEv
_ZN5daisy9DaisySeed9ConfigureEv
_ZN5daisy9DaisySeed4InitEb
_ZN5daisy9DaisySeed17SetAudioBlockSizeEj
memset
_ZN5daisy9DaisySeed10StartAudioEPFvPKPKfPPfjE
_ZNK5daisy9AdcHandle8GetFloatEh
__aeabi_atexit
__dso_handle
